step,episode_reward,replay_return,imagined_return,imagination_gap,steps_per_second
250.0,5.30146598815918,5.30146598815918,,,1.3528014946334506
500.0,4.013043403625488,4.013043403625488,,,2.6990466324903153
750.0,2.770641803741455,2.770641803741455,,,4.039072989730165
1000.0,5.896063327789307,5.896063327789307,,,5.372784286618624
1250.0,7.294599533081055,7.294599533081055,,,6.700297177441538
1500.0,3.6113712787628174,3.6113712787628174,,,8.021522488858624
1750.0,5.450428485870361,5.450428485870361,,,9.336589514515337
2000.0,13.634102821350098,13.634102821350098,,,10.64573840809816
2250.0,4.862376689910889,4.862376689910889,,,11.948589154383521
2500.0,2.0398170948028564,2.0398170948028564,,,13.245652149382174
2750.0,10.784778594970703,10.784778594970703,,,7.865992649705192
3000.0,9.627400398254395,9.627400398254395,2.55096435546875,-7.0764360427856445,7.883292819369537
3250.0,5.729098320007324,5.729098320007324,2.6908106803894043,-3.03828763961792,7.897372999751357
3500.0,3.243389129638672,3.243389129638672,2.846705913543701,-0.3966832160949707,7.916460536028206
3750.0,3.2637715339660645,3.2637715339660645,3.1104462146759033,-0.15332531929016113,7.9274572782338915
4000.0,7.5404157638549805,7.5404157638549805,3.5920090675354004,-3.94840669631958,7.93537649186214
4250.0,9.50649356842041,9.50649356842041,3.4212546348571777,-6.085238933563232,7.937833758611027
4500.0,20.718097686767578,20.718097686767578,3.4373929500579834,-17.280704736709595,7.940939992551784
4750.0,8.186461448669434,8.186461448669434,3.5554609298706055,-4.631000518798828,7.943933264013698
5000.0,8.43518352508545,8.43518352508545,3.2247085571289062,-5.210474967956543,7.951652337637125
5250.0,6.980483531951904,6.980483531951904,3.852189064025879,-3.1282944679260254,7.960434349727897
5500.0,8.657938003540039,8.657938003540039,4.258456230163574,-4.399481773376465,7.963997922902916
5750.0,5.913667678833008,5.913667678833008,4.620823860168457,-1.2928438186645508,7.966916415096231
6000.0,3.8221592903137207,3.8221592903137207,4.462093353271484,0.6399340629577637,7.9743664438239845
6250.0,11.686605453491211,11.686605453491211,4.509438514709473,-7.177166938781738,7.979096789917932
6500.0,5.414406776428223,5.414406776428223,5.489930152893066,0.07552337646484375,7.982726371002853
6750.0,5.220250606536865,5.220250606536865,5.170114517211914,-0.05013608932495117,7.988749380668485
7000.0,20.237565994262695,20.237565994262695,5.859078884124756,-14.37848711013794,7.993776447430888
7250.0,13.043368339538574,13.043368339538574,6.182872772216797,-6.860495567321777,7.998525733916096
7500.0,9.8512601852417,9.8512601852417,5.0091328620910645,-4.842127323150635,7.99655860790629
7750.0,16.99623680114746,16.99623680114746,6.2879767417907715,-10.70826005935669,7.999656367142629
8000.0,9.190664291381836,9.190664291381836,6.28602409362793,-2.9046401977539062,8.002471830936203
8250.0,779.6693725585938,779.6693725585938,6.756351947784424,-772.9130206108093,8.00651176209732
8500.0,39.55869674682617,39.55869674682617,5.594471454620361,-33.96422529220581,8.008395869099013
8750.0,32.20371627807617,32.20371627807617,5.174613952636719,-27.029102325439453,8.010137806215992
9000.0,8.474668502807617,8.474668502807617,7.230162620544434,-1.2445058822631836,8.011665774970243
9250.0,13.106492042541504,13.106492042541504,7.359891414642334,-5.74660062789917,8.013734701685152
9500.0,5.861876964569092,5.861876964569092,7.813392639160156,1.9515156745910645,8.015607764300233
9750.0,69.38223266601562,69.38223266601562,7.122385025024414,-62.25984764099121,8.018561342016502
10000.0,7.658465385437012,7.658465385437012,10.343624114990234,2.6851587295532227,6.996610198054295
10250.0,13.863564491271973,13.863564491271973,12.89957046508789,-0.963994026184082,7.017265803752373
10500.0,20.800031661987305,20.800031661987305,7.108216762542725,-13.69181489944458,7.038870900574745
10750.0,13.822986602783203,13.822986602783203,8.355985641479492,-5.467000961303711,7.0594965897979725
11000.0,6.998778343200684,6.998778343200684,6.822559356689453,-0.17621898651123047,7.0782706930191575
11250.0,13.602119445800781,13.602119445800781,8.46869945526123,-5.133419990539551,7.097530915765805
11500.0,7.813984394073486,7.813984394073486,8.119921684265137,0.3059372901916504,7.11804732489684
11750.0,8.516019821166992,8.516019821166992,8.303552627563477,-0.21246719360351562,7.136914044171152
12000.0,4.908849716186523,4.908849716186523,8.500839233398438,3.591989517211914,7.1553809739506935
12250.0,9.508647918701172,9.508647918701172,8.87864875793457,-0.6299991607666016,7.173378765122353
12500.0,7.016586780548096,7.016586780548096,13.389959335327148,6.373372554779053,7.189878535819437
12750.0,24.163494110107422,24.163494110107422,15.115522384643555,-9.047971725463867,7.2057513212351205
13000.0,11.757160186767578,11.757160186767578,17.50685691833496,5.749696731567383,7.220598696101111
13250.0,10.897250175476074,10.897250175476074,13.397689819335938,2.5004396438598633,7.235049388448335
13500.0,16.05277442932129,16.05277442932129,340.31768798828125,324.26491355895996,7.249565369842265
13750.0,7.363015174865723,7.363015174865723,26.424930572509766,19.061915397644043,7.263534603561532
14000.0,8.440929412841797,8.440929412841797,24.576414108276367,16.13548469543457,7.278122310160972
14250.0,16.515960693359375,16.515960693359375,14.965047836303711,-1.550912857055664,7.2905811954297794
14500.0,8.945877075195312,8.945877075195312,21.984176635742188,13.038299560546875,7.30347482044892
14750.0,1.647301435470581,1.647301435470581,116.0548324584961,114.40753102302551,7.316651339051213
15000.0,8.137245178222656,8.137245178222656,28.16818618774414,20.030941009521484,7.329045764552062
15250.0,31.051040649414062,31.051040649414062,19.693973541259766,-11.357067108154297,7.340421419825447
15500.0,11.567727088928223,11.567727088928223,26.26984977722168,14.702122688293457,7.352032076046138
15750.0,11.080081939697266,11.080081939697266,22.62744140625,11.547359466552734,7.363990239857598
16000.0,7.450193881988525,7.450193881988525,31.4588623046875,24.008668422698975,7.374311518897312
16250.0,3.90521502494812,3.90521502494812,18.331607818603516,14.426392793655396,7.383572691661213
16500.0,5.923266887664795,5.923266887664795,36.321964263916016,30.39869737625122,7.393258365153904
16750.0,13.273174285888672,13.273174285888672,30.04154396057129,16.768369674682617,7.400254645826477
17000.0,7.173813819885254,7.173813819885254,47.17413330078125,40.000319480895996,7.409979640355985
17250.0,9.941596031188965,9.941596031188965,37.706626892089844,27.76503086090088,7.41917829103376
17500.0,10.890058517456055,10.890058517456055,34.9716796875,24.081621170043945,7.427162552802436
17750.0,4.30643367767334,4.30643367767334,39.88983154296875,35.58339786529541,7.435461751250085
18000.0,4.376277446746826,4.376277446746826,40.35483169555664,35.978554248809814,7.443482872857666
18250.0,5.605748176574707,5.605748176574707,57.895652770996094,52.28990459442139,7.451131074801811
18500.0,3.665745258331299,3.665745258331299,37.105224609375,33.4394793510437,7.459167061146396
18750.0,7.050415515899658,7.050415515899658,34.25885772705078,27.208442211151123,7.466539647082712
19000.0,8.980311393737793,8.980311393737793,33.581512451171875,24.601201057434082,7.474437171066768
19250.0,6.642473220825195,6.642473220825195,40.02153015136719,33.37905693054199,7.4829166339587445
19500.0,9.541056632995605,9.541056632995605,26.782794952392578,17.241738319396973,7.491332188131741
19750.0,3.5219428539276123,3.5219428539276123,51.54210662841797,48.020163774490356,7.499170913113917
20000.0,5.1532721519470215,5.1532721519470215,38.08338165283203,32.93010950088501,7.02322885559887
20250.0,5.003176689147949,5.003176689147949,31.349384307861328,26.34620761871338,7.034388647825736
20500.0,17.907684326171875,17.907684326171875,26.46343994140625,8.555755615234375,7.044975187299814
20750.0,4.627658367156982,4.627658367156982,41.632972717285156,37.005314350128174,7.055456291229115
21000.0,8.438027381896973,8.438027381896973,87.73289489746094,79.29486751556396,7.0660382151761185
21250.0,8.77414321899414,8.77414321899414,25.816274642944336,17.042131423950195,7.07612379698596
21500.0,7.589914321899414,7.589914321899414,25.90099334716797,18.311079025268555,7.0861069015087885
21750.0,5.654417991638184,5.654417991638184,81.69053649902344,76.03611850738525,7.095569063553679
22000.0,9.368794441223145,9.368794441223145,40.2216911315918,30.852896690368652,7.105046446528259
22250.0,7.708169937133789,7.708169937133789,27.61840057373047,19.91023063659668,7.11457300596909
22500.0,4.117044448852539,4.117044448852539,70.60688781738281,66.48984336853027,7.1238548970561055
22750.0,16.38741683959961,16.38741683959961,37.84678268432617,21.459365844726562,7.133030756635834
23000.0,7.30549955368042,7.30549955368042,25.887102127075195,18.581602573394775,7.14135501241845
23250.0,15.515199661254883,15.515199661254883,30.39874839782715,14.883548736572266,7.149871334856617
23500.0,7.095627307891846,7.095627307891846,33.4742431640625,26.378615856170654,7.158290771593772
23750.0,9.92856216430664,9.92856216430664,57.43983459472656,47.51127243041992,7.16593812866683
24000.0,6.249787330627441,6.249787330627441,25.494924545288086,19.245137214660645,7.173999498344756
24250.0,3.264632225036621,3.264632225036621,47.659576416015625,44.394944190979004,7.1819767760387085
24500.0,4.286250591278076,4.286250591278076,49.543060302734375,45.2568097114563,7.19045981904984
24750.0,10.948533058166504,10.948533058166504,20.786161422729492,9.837628364562988,7.198945112517709
25000.0,12.912103652954102,12.912103652954102,38.511985778808594,25.599882125854492,7.207322567530014
25250.0,10.362003326416016,10.362003326416016,34.9589729309082,24.596969604492188,7.215452914873509
25500.0,9.154317855834961,9.154317855834961,57.878944396972656,48.724626541137695,7.223340207493947
25750.0,10.162139892578125,10.162139892578125,59.4459228515625,49.283782958984375,7.231088353019688
26000.0,7.552954196929932,7.552954196929932,50.46857833862305,42.915624141693115,7.239088697230276
26250.0,3.9564733505249023,3.9564733505249023,27.348440170288086,23.391966819763184,7.246813374654926
26500.0,8.86784553527832,8.86784553527832,48.487640380859375,39.619794845581055,7.254959039820753
26750.0,12.933963775634766,12.933963775634766,44.816734313964844,31.882770538330078,7.262806382418194
27000.0,14.062472343444824,14.062472343444824,46.607032775878906,32.54456043243408,7.270586498058035
27250.0,7.977047920227051,7.977047920227051,22.14447021484375,14.1674222946167,7.278528739187582
27500.0,4.88783073425293,4.88783073425293,30.703079223632812,25.815248489379883,7.286055807063874
27750.0,6.1397480964660645,6.1397480964660645,39.938262939453125,33.79851484298706,7.293631370689278
28000.0,12.37197494506836,12.37197494506836,39.909202575683594,27.537227630615234,7.301274965637653
28250.0,10.05924129486084,10.05924129486084,41.464500427246094,31.405259132385254,7.309008872449857
28500.0,11.126350402832031,11.126350402832031,39.0839958190918,27.957645416259766,7.316211289110536
28750.0,13.118064880371094,13.118064880371094,37.9068603515625,24.788795471191406,7.322896645039761
29000.0,11.484031677246094,11.484031677246094,33.1983642578125,21.714332580566406,7.328764741039658
29250.0,18.510887145996094,18.510887145996094,35.371826171875,16.860939025878906,7.334979403005641
29500.0,18.523611068725586,18.523611068725586,32.33732986450195,13.813718795776367,7.341677978818066
29750.0,13.108064651489258,13.108064651489258,35.083953857421875,21.975889205932617,7.348308385902933
30000.0,2.8987982273101807,2.8987982273101807,30.783435821533203,27.884637594223022,7.048510388177736
30250.0,9.883573532104492,9.883573532104492,25.828922271728516,15.945348739624023,7.057820147637342
30500.0,9.926427841186523,9.926427841186523,25.693706512451172,15.767278671264648,7.06640878642062
30750.0,15.382122993469238,15.382122993469238,31.27957534790039,15.897452354431152,7.075640954273118
31000.0,12.038773536682129,12.038773536682129,26.378652572631836,14.339879035949707,7.084464413274468
31250.0,19.061634063720703,19.061634063720703,29.44283676147461,10.381202697753906,7.0927859842164445
31500.0,9.121914863586426,9.121914863586426,26.055957794189453,16.934042930603027,7.101070446993191
31750.0,9.269793510437012,9.269793510437012,22.42393684387207,13.154143333435059,7.1099642419511335
32000.0,12.415536880493164,12.415536880493164,26.883289337158203,14.467752456665039,7.11877599565639
32250.0,6.402107238769531,6.402107238769531,25.734281539916992,19.33217430114746,7.127690158279546
32500.0,8.090510368347168,8.090510368347168,21.1466121673584,13.05610179901123,7.136204352243564
32750.0,9.698615074157715,9.698615074157715,21.128177642822266,11.42956256866455,7.144388110405333
33000.0,22.30539321899414,22.30539321899414,24.955303192138672,2.6499099731445312,7.1528868225053985
33250.0,3.483659505844116,3.483659505844116,21.988935470581055,18.50527596473694,7.160799464281947
33500.0,15.525115013122559,15.525115013122559,21.643367767333984,6.118252754211426,7.168750271917989
33750.0,6.877173900604248,6.877173900604248,18.666667938232422,11.789494037628174,7.17618761639091
34000.0,5.48144006729126,5.48144006729126,18.199024200439453,12.717584133148193,7.183586556445585
34250.0,7.505883693695068,7.505883693695068,20.06652069091797,12.5606369972229,7.191177271891
34500.0,7.149791717529297,7.149791717529297,21.685855865478516,14.536064147949219,7.198769354841046
34750.0,6.038925647735596,6.038925647735596,20.721336364746094,14.682410717010498,7.20587172551056
35000.0,10.159989356994629,10.159989356994629,20.45653533935547,10.29654598236084,7.213197921775711
35250.0,19.35245132446289,19.35245132446289,18.499313354492188,-0.8531379699707031,7.220545297589435
35500.0,16.804594039916992,16.804594039916992,20.66149139404297,3.8568973541259766,7.227601883552961
35750.0,17.91684341430664,17.91684341430664,18.26289176940918,0.34604835510253906,7.2348258872508575
36000.0,17.020673751831055,17.020673751831055,17.278675079345703,0.25800132751464844,7.2422969592639665
36250.0,7.8711838722229,7.8711838722229,18.063335418701172,10.192151546478271,7.249667141676042
36500.0,14.53627872467041,14.53627872467041,17.458831787109375,2.922553062438965,7.256909159517903
36750.0,10.96523666381836,10.96523666381836,17.067644119262695,6.102407455444336,7.26366980719067
37000.0,12.953564643859863,12.953564643859863,17.42734146118164,4.473776817321777,7.270147187203634
37250.0,34.24749755859375,34.24749755859375,15.757158279418945,-18.490339279174805,7.276415863029529
37500.0,28.39693832397461,28.39693832397461,14.328168869018555,-14.068769454956055,7.283061904999067
37750.0,32.184715270996094,32.184715270996094,16.31812286376953,-15.866592407226562,7.289381902814225
38000.0,13.21834945678711,13.21834945678711,15.023405075073242,1.8050556182861328,7.296072770688702
38250.0,24.837818145751953,24.837818145751953,14.898630142211914,-9.939188003540039,7.302276509844965
38500.0,15.746766090393066,15.746766090393066,14.70492172241211,-1.041844367980957,7.308366943534976
38750.0,19.5369815826416,19.5369815826416,15.241286277770996,-4.2956953048706055,7.3145941479628975
39000.0,9.454133033752441,9.454133033752441,14.288925170898438,4.834792137145996,7.320767990934718
39250.0,22.448545455932617,22.448545455932617,13.976216316223145,-8.472329139709473,7.326724155959726
39500.0,13.071887969970703,13.071887969970703,14.399747848510742,1.327859878540039,7.333052223554428
39750.0,14.584491729736328,14.584491729736328,14.430185317993164,-0.15430641174316406,7.339430411861667
40000.0,36.24090576171875,36.24090576171875,14.977005004882812,-21.263900756835938,7.116427155758841
40250.0,25.05664825439453,25.05664825439453,13.892221450805664,-11.164426803588867,7.123348084953551
40500.0,33.45072937011719,33.45072937011719,14.193235397338867,-19.25749397277832,7.1301178129185505
40750.0,18.456979751586914,18.456979751586914,14.123125076293945,-4.333854675292969,7.1366647883197984
41000.0,12.059277534484863,12.059277534484863,13.976299285888672,1.9170217514038086,7.1435135354592445
41250.0,16.305944442749023,16.305944442749023,13.546348571777344,-2.7595958709716797,7.15011565316524
41500.0,10.695738792419434,10.695738792419434,14.120450019836426,3.424711227416992,7.156737249248139
41750.0,9.58105182647705,9.58105182647705,13.804950714111328,4.223898887634277,7.163307442072838
42000.0,3.8075222969055176,3.8075222969055176,13.836901664733887,10.02937936782837,7.16983643153734
42250.0,11.12989616394043,11.12989616394043,13.947868347167969,2.817972183227539,7.176273293865547
42500.0,24.63226318359375,24.63226318359375,14.26268196105957,-10.36958122253418,7.182800340083365
42750.0,15.832977294921875,15.832977294921875,12.724117279052734,-3.1088600158691406,7.189337564995993
43000.0,9.200530052185059,9.200530052185059,12.583191871643066,3.382661819458008,7.1958363769049845
43250.0,23.198854446411133,23.198854446411133,12.434025764465332,-10.7648286819458,7.202215568493492
43500.0,10.294686317443848,10.294686317443848,12.766919136047363,2.4722328186035156,7.208318449171784
43750.0,35.28583908081055,35.28583908081055,14.25705337524414,-21.028785705566406,7.214033441742478
44000.0,34.765846252441406,34.765846252441406,12.289756774902344,-22.476089477539062,7.219945312343821
44250.0,18.257701873779297,18.257701873779297,12.9215726852417,-5.336129188537598,7.225784764534959
44500.0,17.48800277709961,17.48800277709961,12.346752166748047,-5.1412506103515625,7.231584698103488
44750.0,15.030816078186035,15.030816078186035,14.870868682861328,-0.15994739532470703,7.23736156982093
45000.0,21.79994010925293,21.79994010925293,12.586118698120117,-9.213821411132812,7.242751008102498
45250.0,13.9496488571167,13.9496488571167,12.118380546569824,-1.831268310546875,7.248216167292689
45500.0,10.657293319702148,10.657293319702148,12.156655311584473,1.4993619918823242,7.25347904196757
45750.0,42.80236053466797,42.80236053466797,11.415919303894043,-31.386441230773926,7.258985933474104
46000.0,10.614566802978516,10.614566802978516,12.106250762939453,1.4916839599609375,7.264767139350363
46250.0,43.438262939453125,43.438262939453125,11.715799331665039,-31.722463607788086,7.270342355626126
46500.0,15.457754135131836,15.457754135131836,12.705099105834961,-2.752655029296875,7.275601285584253
46750.0,29.336164474487305,29.336164474487305,12.814091682434082,-16.522072792053223,7.281103750039719
47000.0,17.496593475341797,17.496593475341797,12.368183135986328,-5.128410339355469,7.286508874453502
47250.0,95.40632629394531,95.40632629394531,12.420204162597656,-82.98612213134766,7.291749065116981
47500.0,11.515235900878906,11.515235900878906,11.803934097290039,0.2886981964111328,7.297133542888635
47750.0,8.641292572021484,8.641292572021484,11.542098999023438,2.900806427001953,7.302383754918895
48000.0,206.55455017089844,206.55455017089844,11.406976699829102,-195.14757347106934,7.307269381007045
48250.0,27.228885650634766,27.228885650634766,12.519745826721191,-14.709139823913574,7.312519908266982
48500.0,42.6051025390625,42.6051025390625,12.458108901977539,-30.14699363708496,7.317483193418281
48750.0,36.46186828613281,36.46186828613281,10.342855453491211,-26.1190128326416,7.321158969761213
49000.0,38.106868743896484,38.106868743896484,11.100963592529297,-27.005905151367188,7.325826942131237
49250.0,12.388260841369629,12.388260841369629,12.200101852416992,-0.18815898895263672,7.330350067788511
49500.0,20.48681640625,20.48681640625,11.93738842010498,-8.54942798614502,7.334963262472024
49750.0,30.025781631469727,30.025781631469727,14.335963249206543,-15.689818382263184,7.339617107378159
50000.0,45.594459533691406,45.594459533691406,11.83799934387207,-33.756460189819336,7.160898336837983
50250.0,11.63589859008789,11.63589859008789,12.078531265258789,0.44263267517089844,7.166528531408126
50500.0,31.248252868652344,31.248252868652344,12.443327903747559,-18.804924964904785,7.172101863429884
50750.0,10.610000610351562,10.610000610351562,16.735193252563477,6.125192642211914,7.17767547100426
51000.0,12.144793510437012,12.144793510437012,11.773008346557617,-0.37178516387939453,7.183156829048832
51250.0,12.824736595153809,12.824736595153809,12.740796089172363,-0.08394050598144531,7.187511529794241
51500.0,28.1524658203125,28.1524658203125,14.026451110839844,-14.126014709472656,7.192629975000526
51750.0,39.936248779296875,39.936248779296875,12.069122314453125,-27.86712646484375,7.197969707884887
52000.0,35.13471221923828,35.13471221923828,12.444942474365234,-22.689769744873047,7.203068871449234
52250.0,30.494171142578125,30.494171142578125,12.61262321472168,-17.881547927856445,7.2083140155579475
52500.0,45.980674743652344,45.980674743652344,13.266056060791016,-32.71461868286133,7.213453674229989
52750.0,39.86309814453125,39.86309814453125,12.247819900512695,-27.615278244018555,7.218563881846736
53000.0,76.65524291992188,76.65524291992188,12.346454620361328,-64.30878829956055,7.22362027911176
53250.0,64.77389526367188,64.77389526367188,11.900665283203125,-52.87322998046875,7.228419034525785
53500.0,24.493497848510742,24.493497848510742,12.311187744140625,-12.182310104370117,7.232652961173441
53750.0,35.786468505859375,35.786468505859375,12.777414321899414,-23.00905418395996,7.236851945533788
54000.0,46.28584671020508,46.28584671020508,12.04446029663086,-34.24138641357422,7.241218473875728
54250.0,69.95391845703125,69.95391845703125,12.23696517944336,-57.71695327758789,7.245405689805268
54500.0,42.875762939453125,42.875762939453125,12.253880500793457,-30.621882438659668,7.249763493771604
54750.0,17.048507690429688,17.048507690429688,12.151100158691406,-4.897407531738281,7.253933468590883
55000.0,21.75990104675293,21.75990104675293,11.964195251464844,-9.795705795288086,7.258437423134815
55250.0,12.87376880645752,12.87376880645752,12.078433990478516,-0.7953348159790039,7.2629147883131315
55500.0,48.43485641479492,48.43485641479492,15.091512680053711,-33.34334373474121,7.2673895356774
55750.0,23.867473602294922,23.867473602294922,12.440103530883789,-11.427370071411133,7.271880761874542
56000.0,35.38658905029297,35.38658905029297,12.298685073852539,-23.08790397644043,7.276004489049311
56250.0,35.82069778442383,35.82069778442383,12.692294120788574,-23.128403663635254,7.280158022834253
56500.0,37.493865966796875,37.493865966796875,18.076574325561523,-19.41729164123535,7.28422912702378
56750.0,37.06826400756836,37.06826400756836,12.48924446105957,-24.57901954650879,7.288156643012898
57000.0,58.50795364379883,58.50795364379883,12.778602600097656,-45.72935104370117,7.292211421996215
57250.0,8.315738677978516,8.315738677978516,14.561355590820312,6.245616912841797,7.29651808319566
57500.0,19.252336502075195,19.252336502075195,12.870811462402344,-6.381525039672852,7.300867240061915
57750.0,13.688215255737305,13.688215255737305,13.065755844116211,-0.6224594116210938,7.304833507890238
58000.0,14.581695556640625,14.581695556640625,12.411874771118164,-2.169820785522461,7.308941771630965
58250.0,22.280885696411133,22.280885696411133,16.472997665405273,-5.807888031005859,7.3130427088662255
58500.0,161.15512084960938,161.15512084960938,14.586109161376953,-146.56901168823242,7.317106974983146
58750.0,21.892438888549805,21.892438888549805,12.838537216186523,-9.053901672363281,7.320933690156283
59000.0,60.452449798583984,60.452449798583984,17.358257293701172,-43.09419250488281,7.324891492272654
59250.0,8.90295124053955,8.90295124053955,12.92890739440918,4.025956153869629,7.328894135231306
59500.0,14.62141227722168,14.62141227722168,13.931122779846191,-0.6902894973754883,7.332943634622521
59750.0,22.615802764892578,22.615802764892578,14.538076400756836,-8.077726364135742,7.33700653850752
60000.0,10.922057151794434,10.922057151794434,14.255069732666016,3.333012580871582,7.186430278006443
60250.0,36.53507995605469,36.53507995605469,12.705759048461914,-23.829320907592773,7.190568767483581
60500.0,46.82715606689453,46.82715606689453,12.628084182739258,-34.19907188415527,7.194498128178555
60750.0,23.143579483032227,23.143579483032227,25.866504669189453,2.7229251861572266,7.198657978256661
61000.0,15.729411125183105,15.729411125183105,14.536592483520508,-1.1928186416625977,7.202982501022747
61250.0,20.186735153198242,20.186735153198242,14.23099136352539,-5.955743789672852,7.207347955704382
61500.0,13.496197700500488,13.496197700500488,14.361566543579102,0.8653688430786133,7.211660770769694
61750.0,34.602264404296875,34.602264404296875,13.004175186157227,-21.59808921813965,7.216025254422508
62000.0,19.22241973876953,19.22241973876953,13.481854438781738,-5.740565299987793,7.220072309247883
62250.0,52.89337158203125,52.89337158203125,15.220662117004395,-37.672709465026855,7.2239074390835825
62500.0,35.069969177246094,35.069969177246094,14.586700439453125,-20.48326873779297,7.227934402582555
62750.0,55.47651672363281,55.47651672363281,13.949657440185547,-41.526859283447266,7.2319014291112795
63000.0,10.841883659362793,10.841883659362793,12.502106666564941,1.6602230072021484,7.235682515760852
63250.0,14.415241241455078,14.415241241455078,23.23099708557129,8.815755844116211,7.239364447595472
63500.0,34.58494186401367,34.58494186401367,32.841094970703125,-1.7438468933105469,7.242985137523178
63750.0,12.704215049743652,12.704215049743652,26.029924392700195,13.325709342956543,7.247006359437173
64000.0,36.62132263183594,36.62132263183594,21.781782150268555,-14.839540481567383,7.250841017978299
64250.0,41.632503509521484,41.632503509521484,12.912358283996582,-28.720145225524902,7.25479976841097
64500.0,52.13502502441406,52.13502502441406,28.869707107543945,-23.265317916870117,7.258522869964065
64750.0,22.321060180664062,22.321060180664062,15.165535926818848,-7.155524253845215,7.262255237830983
65000.0,61.28668212890625,61.28668212890625,42.36906051635742,-18.917621612548828,7.2660316057096
65250.0,13.551589965820312,13.551589965820312,12.778663635253906,-0.7729263305664062,7.269622779902026
65500.0,40.00510787963867,40.00510787963867,13.24218463897705,-26.76292324066162,7.273316861948003
65750.0,52.607086181640625,52.607086181640625,11.906349182128906,-40.70073699951172,7.277064775400772
66000.0,64.78147888183594,64.78147888183594,20.095901489257812,-44.685577392578125,7.280806840166255
66250.0,22.6147403717041,22.6147403717041,13.848310470581055,-8.766429901123047,7.284432296682017
66500.0,14.741642951965332,14.741642951965332,46.69590377807617,31.95426082611084,7.288074916147329
66750.0,21.962736129760742,21.962736129760742,45.539833068847656,23.577096939086914,7.291597395582656
67000.0,36.14759826660156,36.14759826660156,13.257955551147461,-22.8896427154541,7.294867775503625
67250.0,34.68457794189453,34.68457794189453,18.374818801879883,-16.30975914001465,7.298282591765341
67500.0,19.709508895874023,19.709508895874023,13.254278182983398,-6.455230712890625,7.301930230974392
67750.0,16.135643005371094,16.135643005371094,14.75967788696289,-1.3759651184082031,7.305464831502755
68000.0,25.722797393798828,25.722797393798828,15.938364028930664,-9.784433364868164,7.308848917254825
68250.0,33.858707427978516,33.858707427978516,21.344038009643555,-12.514669418334961,7.310582298827202
68500.0,17.95828628540039,17.95828628540039,19.37116241455078,1.4128761291503906,7.311553803419869
68750.0,11.30453872680664,11.30453872680664,12.876928329467773,1.5723896026611328,7.312987150807903
69000.0,24.90601348876953,24.90601348876953,17.23283576965332,-7.673177719116211,7.314376511035413
69250.0,24.234092712402344,24.234092712402344,14.35302734375,-9.881065368652344,7.31595167384741
69500.0,32.63841247558594,32.63841247558594,36.93638610839844,4.2979736328125,7.31740220861532
69750.0,34.756141662597656,34.756141662597656,14.572500228881836,-20.18364143371582,7.31884934112496
70000.0,39.278160095214844,39.278160095214844,16.672119140625,-22.606040954589844,7.182473294092615
70250.0,20.018552780151367,20.018552780151367,22.988426208496094,2.9698734283447266,7.186138770889473
70500.0,118.5417251586914,118.5417251586914,19.89056968688965,-98.65115547180176,7.189377224264624
70750.0,35.07157516479492,35.07157516479492,35.99134826660156,0.9197731018066406,7.193043897565856
71000.0,44.583251953125,44.583251953125,21.315261840820312,-23.267990112304688,7.196786374931621
71250.0,17.800798416137695,17.800798416137695,21.6414737701416,3.8406753540039062,7.2005105560087586
71500.0,22.380475997924805,22.380475997924805,19.768159866333008,-2.612316131591797,7.204040298364417
71750.0,77.7145004272461,77.7145004272461,14.997806549072266,-62.71669387817383,7.207594404148117
72000.0,26.767358779907227,26.767358779907227,40.653785705566406,13.88642692565918,7.211115671733084
72250.0,98.75607299804688,98.75607299804688,28.989408493041992,-69.76666450500488,7.214633133882668
72500.0,31.34222412109375,31.34222412109375,15.554166793823242,-15.788057327270508,7.218103637787908
72750.0,56.85625076293945,56.85625076293945,14.671257019042969,-42.184993743896484,7.221679948709034
73000.0,100.42630004882812,100.42630004882812,15.075183868408203,-85.35111618041992,7.225125271197734
73250.0,15.329010009765625,15.329010009765625,14.311742782592773,-1.0172672271728516,7.228400192620601
73500.0,70.90995788574219,70.90995788574219,16.503812789916992,-54.406145095825195,7.231644056720175
73750.0,37.96639633178711,37.96639633178711,25.381799697875977,-12.584596633911133,7.234718824688854
74000.0,71.21847534179688,71.21847534179688,22.966142654418945,-48.25233268737793,7.23779297528802
74250.0,68.97271728515625,68.97271728515625,29.624923706054688,-39.34779357910156,7.240907836582222
74500.0,172.40919494628906,172.40919494628906,45.30739974975586,-127.1017951965332,7.244200969533869
74750.0,24.456462860107422,24.456462860107422,37.83639144897461,13.379928588867188,7.247681178160521
75000.0,27.104862213134766,27.104862213134766,28.53335952758789,1.428497314453125,7.250291712240539
75250.0,25.83597183227539,25.83597183227539,21.519325256347656,-4.316646575927734,7.253429778895788
75500.0,81.93982696533203,81.93982696533203,42.49665832519531,-39.44316864013672,7.256359792958597
75750.0,143.1793212890625,143.1793212890625,41.29834747314453,-101.88097381591797,7.259303511997196
76000.0,296.50250244140625,296.50250244140625,32.34221267700195,-264.1602897644043,7.262272105232626
76250.0,11.626482963562012,11.626482963562012,37.586875915527344,25.960392951965332,7.265347861234041
76500.0,39.56056594848633,39.56056594848633,14.58128547668457,-24.979280471801758,7.268487611445188
76750.0,16.0499210357666,16.0499210357666,26.11055564880371,10.06063461303711,7.271689415061263
77000.0,15.447834968566895,15.447834968566895,26.65907096862793,11.211236000061035,7.274707852492072
77250.0,96.11914825439453,96.11914825439453,23.23065185546875,-72.88849639892578,7.277481458144901
77500.0,9.461287498474121,9.461287498474121,25.466045379638672,16.00475788116455,7.2803175336335135
77750.0,76.8203125,76.8203125,42.008399963378906,-34.811912536621094,7.283214194019678
78000.0,37.17607879638672,37.17607879638672,37.29559326171875,0.11951446533203125,7.286103276259421
78250.0,40.696929931640625,40.696929931640625,35.4876708984375,-5.209259033203125,7.288867085281731
78500.0,509.7887878417969,509.7887878417969,45.1412239074707,-464.6475639343262,7.2916458746990145
78750.0,42.55015563964844,42.55015563964844,33.420997619628906,-9.129158020019531,7.294306849405173
79000.0,10.692788124084473,10.692788124084473,25.09499740600586,14.402209281921387,7.297103270681964
79250.0,163.74342346191406,163.74342346191406,51.042789459228516,-112.70063400268555,7.300081628846106
79500.0,33.76213073730469,33.76213073730469,26.496822357177734,-7.265308380126953,7.303039507652711
79750.0,33.56741714477539,33.56741714477539,43.08043670654297,9.513019561767578,7.305837790745422
80000.0,365.7012939453125,365.7012939453125,54.947837829589844,-310.75345611572266,7.1914057334897175
80250.0,300.64453125,300.64453125,60.47783660888672,-240.16669464111328,7.194218185257088
80500.0,19.695554733276367,19.695554733276367,30.384479522705078,10.688924789428711,7.196891322663841
80750.0,33.52058410644531,33.52058410644531,26.029895782470703,-7.490688323974609,7.199752311260374
81000.0,144.977294921875,144.977294921875,19.932781219482422,-125.04451370239258,7.202867641007922
81250.0,146.0987548828125,146.0987548828125,31.9801025390625,-114.11865234375,7.205998101957069
81500.0,26.14719009399414,26.14719009399414,57.2122917175293,31.065101623535156,7.208972899141255
81750.0,141.19766235351562,141.19766235351562,40.29692459106445,-100.90073776245117,7.211684660255021
82000.0,48.13003158569336,48.13003158569336,41.144920349121094,-6.985111236572266,7.214824794835414
82250.0,236.3511505126953,236.3511505126953,55.10576629638672,-181.2453842163086,7.217991098013476
82500.0,137.44940185546875,137.44940185546875,86.34330749511719,-51.10609436035156,7.220983059550864
82750.0,98.90156555175781,98.90156555175781,52.13618850708008,-46.765377044677734,7.224118194229151
83000.0,61.889122009277344,61.889122009277344,80.25093078613281,18.36180877685547,7.227306831061467
83250.0,90.7056655883789,90.7056655883789,74.38772583007812,-16.31793975830078,7.230297726695684
83500.0,158.43173217773438,158.43173217773438,66.28236389160156,-92.14936828613281,7.233073511244799
83750.0,125.33165740966797,125.33165740966797,97.32257080078125,-28.00908660888672,7.235736066661962
84000.0,70.85399627685547,70.85399627685547,105.85515594482422,35.00115966796875,7.238667141885668
84250.0,371.33502197265625,371.33502197265625,59.88935089111328,-311.44567108154297,7.241582578605332
84500.0,49.0887451171875,49.0887451171875,67.79649353027344,18.707748413085938,7.244383435757666
84750.0,304.1443786621094,304.1443786621094,88.92604064941406,-215.2183380126953,7.247089589396422
85000.0,849.3396606445312,849.3396606445312,91.8353271484375,-757.5043334960938,7.249792633552368
85250.0,545.031982421875,545.031982421875,96.46304321289062,-448.5689392089844,7.249962227004523
85500.0,59.212093353271484,59.212093353271484,96.62222290039062,37.41012954711914,7.249061814315238
85750.0,79.30017852783203,79.30017852783203,113.59940338134766,34.299224853515625,7.248443013844875
86000.0,11.760016441345215,11.760016441345215,41.49070358276367,29.730687141418457,7.248061385238733
86250.0,59.96049499511719,59.96049499511719,116.74774169921875,56.78724670410156,7.247745425419189
86500.0,51.11357879638672,51.11357879638672,50.005165100097656,-1.1084136962890625,7.2476105209925334
86750.0,12.888627052307129,12.888627052307129,128.1683349609375,115.27970790863037,7.247514552830931
87000.0,136.08770751953125,136.08770751953125,52.45272445678711,-83.63498306274414,7.24725922065693
87250.0,161.97048950195312,161.97048950195312,94.22840118408203,-67.7420883178711,7.247079623883611
87500.0,220.6966552734375,220.6966552734375,37.87963104248047,-182.81702423095703,7.246900001838797
87750.0,356.7911071777344,356.7911071777344,130.12802124023438,-226.6630859375,7.246634652407197
88000.0,1568.7362060546875,1568.7362060546875,67.52375793457031,-1501.2124481201172,7.246305194767931
88250.0,104.29144287109375,104.29144287109375,122.39035034179688,18.098907470703125,7.246078964357859
88500.0,187.13027954101562,187.13027954101562,99.03907012939453,-88.0912094116211,7.245781773263506
88750.0,752.0614013671875,752.0614013671875,122.33781433105469,-629.7235870361328,7.24546066038614
89000.0,203.1313018798828,203.1313018798828,64.1539306640625,-138.9773712158203,7.245211821930475
89250.0,162.17771911621094,162.17771911621094,104.8302230834961,-57.347496032714844,7.244963308346081
89500.0,56.877784729003906,56.877784729003906,133.79269409179688,76.91490936279297,7.244585078136223
89750.0,143.05116271972656,143.05116271972656,59.68528747558594,-83.36587524414062,7.2442089022095
90000.0,72.98616027832031,72.98616027832031,162.67605590820312,89.68989562988281,7.127912575877901
90250.0,803.8602905273438,803.8602905273438,116.86053466796875,-686.999755859375,7.127930097825985
90500.0,67.34170532226562,67.34170532226562,159.73162841796875,92.38992309570312,7.128185612371868
90750.0,355.4857177734375,355.4857177734375,153.21678161621094,-202.26893615722656,7.128244689530074
91000.0,107.14828491210938,107.14828491210938,155.70602416992188,48.5577392578125,7.128426257687537
91250.0,122.8003921508789,122.8003921508789,43.53803253173828,-79.26235961914062,7.128510624373859
91500.0,194.07162475585938,194.07162475585938,106.51321411132812,-87.55841064453125,7.1286670577699995
91750.0,53.0161018371582,53.0161018371582,155.54946899414062,102.53336715698242,7.128734420656415
92000.0,108.61235046386719,108.61235046386719,151.23992919921875,42.62757873535156,7.128894929461748
92250.0,925.830322265625,925.830322265625,139.28106689453125,-786.5492553710938,7.12898939591469
92500.0,32.516239166259766,32.516239166259766,122.11282348632812,89.59658432006836,7.129068121637652
92750.0,293.5797119140625,293.5797119140625,202.145263671875,-91.4344482421875,7.129268921275726
93000.0,48.966583251953125,48.966583251953125,165.3560791015625,116.38949584960938,7.129346210645897
93250.0,603.4532470703125,603.4532470703125,61.93083190917969,-541.5224151611328,7.129399225134132
93500.0,112.41565704345703,112.41565704345703,189.02053833007812,76.6048812866211,7.129433530720723
93750.0,301.0559387207031,301.0559387207031,223.2678985595703,-77.78804016113281,7.129546207831008
94000.0,31.125398635864258,31.125398635864258,155.16748046875,124.04208183288574,7.129552687756023
94250.0,239.66586303710938,239.66586303710938,113.27316284179688,-126.3927001953125,7.129618002643971
94500.0,3460.60498046875,3460.60498046875,211.10552978515625,-3249.4994506835938,7.129677415154268
94750.0,18.284584045410156,18.284584045410156,177.43914794921875,159.1545639038086,7.129790520190248
95000.0,18.631914138793945,18.631914138793945,167.75668334960938,149.12476921081543,7.129903920690688
95250.0,14.932300567626953,14.932300567626953,205.93911743164062,191.00681686401367,7.130090750170438
95500.0,43.85442352294922,43.85442352294922,216.98516845703125,173.13074493408203,7.130098398807078
95750.0,29.023406982421875,29.023406982421875,153.79200744628906,124.76860046386719,7.130115711658752
96000.0,123.60646057128906,123.60646057128906,179.22576904296875,55.61930847167969,7.130241600698993
96250.0,525.2098999023438,525.2098999023438,184.2809600830078,-340.92893981933594,7.1303397037771665
96500.0,776.3236694335938,776.3236694335938,135.05606079101562,-641.2676086425781,7.130380527122035
96750.0,33.230159759521484,33.230159759521484,238.68658447265625,205.45642471313477,7.130479245959101
97000.0,59.416893005371094,59.416893005371094,242.92140197753906,183.50450897216797,7.130518591264988
97250.0,1835.133544921875,1835.133544921875,211.22021484375,-1623.913330078125,7.130668383078195
97500.0,117.1724853515625,117.1724853515625,244.46267700195312,127.29019165039062,7.130819136463506
97750.0,11.300102233886719,11.300102233886719,91.63931274414062,80.3392105102539,7.130883960994598
98000.0,21.734344482421875,21.734344482421875,195.40943908691406,173.6750946044922,7.130862813039768
98250.0,12.035419464111328,12.035419464111328,180.58621215820312,168.5507926940918,7.130917493262492
98500.0,305.2477722167969,305.2477722167969,216.4527130126953,-88.79505920410156,7.131018233349059
98750.0,20.88559341430664,20.88559341430664,275.25274658203125,254.3671531677246,7.1311237948482695
99000.0,1687.39794921875,1687.39794921875,274.0924377441406,-1413.3055114746094,7.131099342163884
99250.0,3578.287109375,3578.287109375,266.8601989746094,-3311.4269104003906,7.131038698693059
99500.0,25.26519775390625,25.26519775390625,152.41139221191406,127.14619445800781,7.130900509572136
99750.0,78.76280212402344,78.76280212402344,299.3565673828125,220.59376525878906,7.130910756890568
100000.0,2133.57080078125,2133.57080078125,235.7593994140625,-1897.8114013671875,7.040127720674507
100250.0,2105.5517578125,2105.5517578125,251.25592041015625,-1854.2958374023438,7.042733792212471
100500.0,909.200439453125,909.200439453125,153.40093994140625,-755.7994995117188,7.045381479458904
100750.0,25.700023651123047,25.700023651123047,133.2220916748047,107.52206802368164,7.047948828427996
101000.0,1590.656494140625,1590.656494140625,269.51123046875,-1321.145263671875,7.050375282877816
101250.0,27.930492401123047,27.930492401123047,273.015380859375,245.08488845825195,7.052750707939349
101500.0,96.38912963867188,96.38912963867188,344.0990905761719,247.7099609375,7.0549253543445785
101750.0,69.63850402832031,69.63850402832031,349.8412780761719,280.20277404785156,7.055463681892192
102000.0,68.19424438476562,68.19424438476562,333.5397644042969,265.34552001953125,7.057530800573955
102250.0,593.6193237304688,593.6193237304688,290.4632873535156,-303.1560363769531,7.05994907166202
102500.0,48.721683502197266,48.721683502197266,300.9656982421875,252.24401473999023,7.061743268291517
102750.0,57.69365692138672,57.69365692138672,297.26043701171875,239.56678009033203,7.060495310568258
103000.0,1385.9378662109375,1385.9378662109375,271.35845947265625,-1114.5794067382812,7.062776630133348
103250.0,1018.3056030273438,1018.3056030273438,285.34100341796875,-732.964599609375,7.065417929053949
103500.0,64.26630401611328,64.26630401611328,278.34112548828125,214.07482147216797,7.068107003830203
103750.0,51.07775115966797,51.07775115966797,273.21307373046875,222.13532257080078,7.0707954921181955
104000.0,188.50807189941406,188.50807189941406,261.64129638671875,73.13322448730469,7.073396231729191
104250.0,20.971298217773438,20.971298217773438,286.50799560546875,265.5366973876953,7.07566766905139
104500.0,1643.712158203125,1643.712158203125,255.61514282226562,-1388.0970153808594,7.078074915867761
104750.0,343.7024230957031,343.7024230957031,237.43592834472656,-106.26649475097656,7.080601172517805
105000.0,35.94969940185547,35.94969940185547,273.31976318359375,237.37006378173828,7.083193675747184
105250.0,36.86521530151367,36.86521530151367,276.8616943359375,239.99647903442383,7.085685380822607
105500.0,158.1103057861328,158.1103057861328,167.55398559570312,9.443679809570312,7.088240157656105
105750.0,346.83306884765625,346.83306884765625,278.46612548828125,-68.366943359375,7.0907788672351835
106000.0,273.6078186035156,273.6078186035156,333.204345703125,59.596527099609375,7.093287763050057
106250.0,26.883485794067383,26.883485794067383,271.47515869140625,244.59167289733887,7.095608427703544
106500.0,28.51318359375,28.51318359375,329.2000732421875,300.6868896484375,7.097879697613157
106750.0,2361.389892578125,2361.389892578125,325.79730224609375,-2035.5925903320312,7.100184383233275
107000.0,2191.5361328125,2191.5361328125,356.843994140625,-1834.692138671875,7.102573218703411
107250.0,829.967529296875,829.967529296875,298.55059814453125,-531.4169311523438,7.105019452779803
107500.0,321.05975341796875,321.05975341796875,315.068359375,-5.99139404296875,7.107384274922112
107750.0,723.5328979492188,723.5328979492188,341.9349060058594,-381.5979919433594,7.1096912927986695
108000.0,145.59576416015625,145.59576416015625,312.21942138671875,166.6236572265625,7.111972532522176
108250.0,23.2122859954834,23.2122859954834,295.23602294921875,272.02373695373535,7.11419055548988
108500.0,71.40675354003906,71.40675354003906,297.3045959472656,225.89784240722656,7.116757599944028
108750.0,127.14393615722656,127.14393615722656,330.26837158203125,203.1244354248047,7.119182011637875
109000.0,1176.8070068359375,1176.8070068359375,205.62693786621094,-971.1800689697266,7.121616834665149
109250.0,286.0664367675781,286.0664367675781,175.50015258789062,-110.5662841796875,7.123956457820059
109500.0,49.38827896118164,49.38827896118164,355.724853515625,306.33657455444336,7.126230321013214
109750.0,22.704296112060547,22.704296112060547,292.28857421875,269.58427810668945,7.128571774480622
110000.0,8.528383255004883,8.528383255004883,293.4352111816406,284.90682792663574,7.050374092955938
110250.0,28.034832000732422,28.034832000732422,278.13433837890625,250.09950637817383,7.052821802481251
110500.0,562.7763061523438,562.7763061523438,291.839599609375,-270.93670654296875,7.055062660801512
110750.0,523.9242553710938,523.9242553710938,283.07373046875,-240.85052490234375,7.057336350500172
111000.0,697.4598388671875,697.4598388671875,236.03050231933594,-461.42933654785156,7.059615502212789
111250.0,28.233478546142578,28.233478546142578,284.18304443359375,255.94956588745117,7.061940532843843
111500.0,146.97938537597656,146.97938537597656,304.9828186035156,158.00343322753906,7.064197151171963
111750.0,1736.3092041015625,1736.3092041015625,256.0299987792969,-1480.2792053222656,7.066538171107208
112000.0,177.34197998046875,177.34197998046875,388.965576171875,211.62359619140625,7.068836788251774
112250.0,3158.633056640625,3158.633056640625,344.2485046386719,-2814.384552001953,7.071175818407404
112500.0,444.02496337890625,444.02496337890625,308.3455810546875,-135.67938232421875,7.073683350872248
112750.0,1911.04296875,1911.04296875,330.2431640625,-1580.7998046875,7.076100314099591
113000.0,716.1248779296875,716.1248779296875,355.88861083984375,-360.23626708984375,7.078422232959789
113250.0,432.61431884765625,432.61431884765625,315.79925537109375,-116.8150634765625,7.080665533677069
113500.0,40.21568298339844,40.21568298339844,272.26416015625,232.04847717285156,7.082869558467759
113750.0,65.41059112548828,65.41059112548828,232.80055236816406,167.38996124267578,7.0851231599079805
114000.0,1646.95947265625,1646.95947265625,294.0874328613281,-1352.8720397949219,7.087430003106517
114250.0,25.441936492919922,25.441936492919922,218.7498779296875,193.30794143676758,7.0897343630365235
114500.0,41.171817779541016,41.171817779541016,372.97796630859375,331.80614852905273,7.0920242340756054
114750.0,1589.1141357421875,1589.1141357421875,243.11888122558594,-1345.9952545166016,7.094150678692701
115000.0,285.32183837890625,285.32183837890625,299.7809753417969,14.459136962890625,7.096517370929849
115250.0,711.4944458007812,711.4944458007812,349.4049377441406,-362.0895080566406,7.098852910339977
115500.0,26.976531982421875,26.976531982421875,356.9138488769531,329.93731689453125,7.101080725055205
115750.0,2304.699462890625,2304.699462890625,332.62890625,-1972.070556640625,7.103417394200053
116000.0,579.1214599609375,579.1214599609375,345.6573486328125,-233.464111328125,7.105762715043707
116250.0,1471.97216796875,1471.97216796875,302.2821044921875,-1169.6900634765625,7.108042984878321
116500.0,608.6597290039062,608.6597290039062,421.499755859375,-187.15997314453125,7.110314576611404
116750.0,48.13821792602539,48.13821792602539,392.6794128417969,344.5411949157715,7.112558804148807
117000.0,33.185420989990234,33.185420989990234,359.611572265625,326.42615127563477,7.114757091875909
117250.0,1181.279052734375,1181.279052734375,325.87554931640625,-855.4035034179688,7.116968070799221
117500.0,28.320985794067383,28.320985794067383,405.37664794921875,377.05566215515137,7.119244763752606
117750.0,1411.9842529296875,1411.9842529296875,431.9889831542969,-979.9952697753906,7.121487318018914
118000.0,97.48966979980469,97.48966979980469,398.33892822265625,300.84925842285156,7.123570045897626
118250.0,987.400634765625,987.400634765625,355.22137451171875,-632.1792602539062,7.125671566763441
118500.0,374.8757629394531,374.8757629394531,411.71026611328125,36.834503173828125,7.1278772270802255
118750.0,2740.8994140625,2740.8994140625,409.719482421875,-2331.179931640625,7.130123975725211
119000.0,2828.7724609375,2828.7724609375,427.10028076171875,-2401.6721801757812,7.132406114878837
119250.0,100.65654754638672,100.65654754638672,435.83978271484375,335.18323516845703,7.134615424262349
119500.0,1442.3092041015625,1442.3092041015625,418.46746826171875,-1023.8417358398438,7.136711580250741
119750.0,3262.463623046875,3262.463623046875,377.4111328125,-2885.052490234375,7.138947143673381
120000.0,2918.550048828125,2918.550048828125,394.3873291015625,-2524.1627197265625,7.066720727561273
120250.0,2464.18994140625,2464.18994140625,364.97027587890625,-2099.2196655273438,7.068783880150912
120500.0,2179.793212890625,2179.793212890625,473.678466796875,-1706.11474609375,7.070986857542611
120750.0,124.65970611572266,124.65970611572266,359.5174560546875,234.85774993896484,7.073335047020859
121000.0,333.66778564453125,333.66778564453125,340.65203857421875,6.9842529296875,7.07569243907863
121250.0,324.77783203125,324.77783203125,485.77252197265625,160.99468994140625,7.077933438555895
121500.0,28.029991149902344,28.029991149902344,495.0924377441406,467.0624465942383,7.08021539896566
121750.0,1111.547119140625,1111.547119140625,494.5449523925781,-617.0021667480469,7.0825085894645445
122000.0,122.79367065429688,122.79367065429688,399.6494140625,276.8557434082031,7.084831655281835
122250.0,32.3514404296875,32.3514404296875,250.2119140625,217.8604736328125,7.087010191103366
122500.0,127.6451644897461,127.6451644897461,507.7400817871094,380.0949172973633,7.089183599339338
122750.0,231.64662170410156,231.64662170410156,524.560302734375,292.91368103027344,7.091141662670325
123000.0,70.20963287353516,70.20963287353516,327.26678466796875,257.0571517944336,7.09315153723036
123250.0,197.58978271484375,197.58978271484375,489.5228271484375,291.93304443359375,7.095252093026598
123500.0,528.6576538085938,528.6576538085938,501.8156433105469,-26.842010498046875,7.097361978235734
123750.0,2677.94140625,2677.94140625,522.591064453125,-2155.350341796875,7.099591517326941
124000.0,156.8378143310547,156.8378143310547,532.4535522460938,375.61573791503906,7.10188712136988
124250.0,2306.87939453125,2306.87939453125,486.9775390625,-1819.90185546875,7.104162714678431
124500.0,2237.480712890625,2237.480712890625,378.2574157714844,-1859.2232971191406,7.106301042345176
124750.0,1395.9661865234375,1395.9661865234375,511.2729187011719,-884.6932678222656,7.1084243749428255
125000.0,825.97216796875,825.97216796875,479.77484130859375,-346.19732666015625,7.110567883032786
125250.0,2604.459228515625,2604.459228515625,389.58624267578125,-2214.8729858398438,7.112665579079405
125500.0,452.6949157714844,452.6949157714844,421.5269470214844,-31.16796875,7.114693956083822
125750.0,1012.593994140625,1012.593994140625,460.32928466796875,-552.2647094726562,7.116706352450026
126000.0,223.28297424316406,223.28297424316406,501.0927734375,277.80979919433594,7.118653583251667
126250.0,2115.46923828125,2115.46923828125,549.5202026367188,-1565.9490356445312,7.120816994129479
126500.0,18.254051208496094,18.254051208496094,505.6614990234375,487.4074478149414,7.122855600565716
126750.0,1965.29248046875,1965.29248046875,526.0498657226562,-1439.2426147460938,7.124875345299115
127000.0,2122.9736328125,2122.9736328125,534.523193359375,-1588.450439453125,7.127019127553814
127250.0,1073.7686767578125,1073.7686767578125,569.541259765625,-504.2274169921875,7.12915877994813
127500.0,3658.814697265625,3658.814697265625,555.96728515625,-3102.847412109375,7.131199174841345
127750.0,1693.607666015625,1693.607666015625,573.277099609375,-1120.33056640625,7.133281101336073
128000.0,1996.848876953125,1996.848876953125,601.8903198242188,-1394.9585571289062,7.1352463194749465
128250.0,2811.47607421875,2811.47607421875,549.2579345703125,-2262.2181396484375,7.137355188097932
128500.0,17.56576919555664,17.56576919555664,446.63897705078125,429.0732078552246,7.139521970175841
128750.0,698.918701171875,698.918701171875,559.8208618164062,-139.09783935546875,7.1415922253286555
129000.0,1616.2010498046875,1616.2010498046875,537.4761352539062,-1078.7249145507812,7.143536486548696
129250.0,387.9953918457031,387.9953918457031,454.03125,66.03585815429688,7.1455066193994625
129500.0,16.9733829498291,16.9733829498291,525.306640625,508.3332576751709,7.147497139969438
129750.0,1601.5482177734375,1601.5482177734375,586.1143798828125,-1015.433837890625,7.14943501319049
130000.0,649.97412109375,649.97412109375,547.2522583007812,-102.72186279296875,7.082507580888962
130250.0,2265.38671875,2265.38671875,550.4264526367188,-1714.9602661132812,7.084415144647109
130500.0,2060.7841796875,2060.7841796875,425.2351989746094,-1635.5489807128906,7.086493385192119
130750.0,1951.6788330078125,1951.6788330078125,356.5155029296875,-1595.163330078125,7.088589635253837
131000.0,185.95266723632812,185.95266723632812,564.8135986328125,378.8609313964844,7.090725980997464
131250.0,2449.57861328125,2449.57861328125,493.78009033203125,-1955.7985229492188,7.092072465279472
131500.0,111.6279296875,111.6279296875,608.0018310546875,496.3739013671875,7.091582068477033
131750.0,1279.0162353515625,1279.0162353515625,580.267333984375,-698.7489013671875,7.091122210939398
132000.0,802.9431762695312,802.9431762695312,616.3568725585938,-186.5863037109375,7.090647327013168
132250.0,3402.487060546875,3402.487060546875,495.35723876953125,-2907.1298217773438,7.0902282467624795
132500.0,292.57904052734375,292.57904052734375,627.4964599609375,334.91741943359375,7.089651400309519
132750.0,429.497802734375,429.497802734375,600.0861206054688,170.58831787109375,7.089090410009988
133000.0,1419.707275390625,1419.707275390625,620.9496459960938,-798.7576293945312,7.088604449835555
133250.0,2509.839111328125,2509.839111328125,642.5878295898438,-1867.2512817382812,7.088068003690916
133500.0,850.9620361328125,850.9620361328125,637.7407836914062,-213.22125244140625,7.087563812230878
133750.0,2946.82958984375,2946.82958984375,615.3980712890625,-2331.4315185546875,7.087051975064818
134000.0,1587.8323974609375,1587.8323974609375,503.32818603515625,-1084.5042114257812,7.086453418296009
134250.0,750.8411865234375,750.8411865234375,647.051025390625,-103.7901611328125,7.085835150853898
134500.0,430.77313232421875,430.77313232421875,648.3018798828125,217.52874755859375,7.085341725037699
134750.0,611.3741455078125,611.3741455078125,649.8793334960938,38.50518798828125,7.084860323054377
135000.0,677.3058471679688,677.3058471679688,635.9714965820312,-41.3343505859375,7.084371908249561
135250.0,2984.236083984375,2984.236083984375,693.62255859375,-2290.613525390625,7.083884850464123
135500.0,941.41552734375,941.41552734375,590.64794921875,-350.767578125,7.083299766544377
135750.0,2497.66162109375,2497.66162109375,664.6690063476562,-1832.9926147460938,7.082887353140688
136000.0,580.1243896484375,580.1243896484375,683.8446044921875,103.72021484375,7.082170886182797
136250.0,588.8734130859375,588.8734130859375,564.41357421875,-24.4598388671875,7.081775120594144
136500.0,2421.98046875,2421.98046875,668.87841796875,-1753.10205078125,7.081289858885131
136750.0,1936.99169921875,1936.99169921875,690.6595458984375,-1246.3321533203125,7.080846917747103
137000.0,875.4315795898438,875.4315795898438,652.05029296875,-223.38128662109375,7.080378241811479
137250.0,1971.080810546875,1971.080810546875,575.00927734375,-1396.071533203125,7.079989826191848
137500.0,117.89745330810547,117.89745330810547,640.2236328125,522.3261795043945,7.07958526482042
137750.0,1744.961669921875,1744.961669921875,626.7861328125,-1118.175537109375,7.079050125281124
138000.0,43.359004974365234,43.359004974365234,618.8667602539062,575.507755279541,7.078517060338315
138250.0,542.8583984375,542.8583984375,633.513671875,90.6552734375,7.078077400897233
138500.0,2199.117431640625,2199.117431640625,452.2081298828125,-1746.9093017578125,7.077598277763943
138750.0,2015.2744140625,2015.2744140625,543.560791015625,-1471.713623046875,7.077210758347738
139000.0,3081.308349609375,3081.308349609375,658.6819458007812,-2422.6264038085938,7.0767201555568
139250.0,1563.3115234375,1563.3115234375,624.662841796875,-938.648681640625,7.0762532501198265
139500.0,1762.051513671875,1762.051513671875,726.7152709960938,-1035.3362426757812,7.075748629969138
139750.0,2700.9482421875,2700.9482421875,679.0148315429688,-2021.9334106445312,7.075382022905455
140000.0,1593.669677734375,1593.669677734375,719.3677978515625,-874.3018798828125,6.999909854321288
140250.0,1352.39697265625,1352.39697265625,722.8282470703125,-629.5687255859375,6.999516195041237
140500.0,699.2982788085938,699.2982788085938,685.790771484375,-13.50750732421875,6.999071510677166
140750.0,275.9643249511719,275.9643249511719,705.218505859375,429.2541809082031,6.998663947621348
141000.0,3317.21826171875,3317.21826171875,647.2891845703125,-2669.9290771484375,6.998334968343355
141250.0,1032.6240234375,1032.6240234375,658.9996337890625,-373.6243896484375,6.997890563267963
141500.0,1589.2806396484375,1589.2806396484375,538.9276123046875,-1050.35302734375,6.997484849997322
141750.0,1236.8349609375,1236.8349609375,727.95703125,-508.8779296875,6.99702340821793
142000.0,2088.32421875,2088.32421875,663.879150390625,-1424.445068359375,6.996722409007658
142250.0,288.9304504394531,288.9304504394531,720.1328125,431.2023620605469,6.996348518328863
142500.0,1814.532470703125,1814.532470703125,746.1397094726562,-1068.3927612304688,6.996046482145949
142750.0,838.7244873046875,838.7244873046875,578.2654418945312,-260.45904541015625,6.995768309388741
143000.0,713.33154296875,713.33154296875,761.7266845703125,48.3951416015625,6.995538420232163
143250.0,372.76666259765625,372.76666259765625,735.31201171875,362.54534912109375,6.995287829920696
143500.0,1222.662841796875,1222.662841796875,683.4794921875,-539.183349609375,6.994923816690128
143750.0,286.5900573730469,286.5900573730469,640.3121948242188,353.7221374511719,6.994670578329005
144000.0,1104.5894775390625,1104.5894775390625,720.5302734375,-384.0592041015625,6.994358400580108
144250.0,19.57080078125,19.57080078125,642.8821411132812,623.3113403320312,6.993999925506132
144500.0,1079.9376220703125,1079.9376220703125,659.2332763671875,-420.704345703125,6.993703667690702
144750.0,1293.0048828125,1293.0048828125,726.6822509765625,-566.3226318359375,6.993396223402379
145000.0,2369.213623046875,2369.213623046875,757.5491943359375,-1611.6644287109375,6.993062463324272
145250.0,477.3604736328125,477.3604736328125,702.824462890625,225.4639892578125,6.992702498255284
145500.0,589.3172607421875,589.3172607421875,673.416015625,84.0987548828125,6.992432510654552
145750.0,452.2667541503906,452.2667541503906,615.5418701171875,163.27511596679688,6.992190112194899
146000.0,3178.82177734375,3178.82177734375,730.8656005859375,-2447.9561767578125,6.99179488523978
146250.0,2260.67236328125,2260.67236328125,742.4215698242188,-1518.2507934570312,6.991418157889992
146500.0,274.9317932128906,274.9317932128906,731.146240234375,456.2144470214844,6.991187893741603
146750.0,1359.86083984375,1359.86083984375,734.0052490234375,-625.8555908203125,6.9908982864670755
147000.0,401.34375,401.34375,730.7666015625,329.4228515625,6.990711444023505
147250.0,146.56790161132812,146.56790161132812,503.2647399902344,356.69683837890625,6.9904749845839005
147500.0,1983.8955078125,1983.8955078125,536.002197265625,-1447.893310546875,6.990298172453647
147750.0,2667.064697265625,2667.064697265625,726.5736694335938,-1940.4910278320312,6.99113748208829
148000.0,235.55221557617188,235.55221557617188,638.0626220703125,402.5104064941406,6.993017109014929
148250.0,1120.50390625,1120.50390625,542.8746948242188,-577.6292114257812,6.994743031800917
148500.0,2330.445068359375,2330.445068359375,611.1019897460938,-1719.3430786132812,6.996602628755863
148750.0,2956.215087890625,2956.215087890625,538.529052734375,-2417.68603515625,6.9984446534165645
149000.0,1751.8631591796875,1751.8631591796875,682.8663940429688,-1068.9967651367188,7.000336883157343
149250.0,547.3499145507812,547.3499145507812,716.4186401367188,169.0687255859375,7.002073564557209
149500.0,133.01150512695312,133.01150512695312,697.4413452148438,564.4298400878906,7.003887849181637
149750.0,471.0226135253906,471.0226135253906,736.071533203125,265.0489196777344,7.005625631470558
150000.0,256.9544372558594,256.9544372558594,737.9713745117188,481.0169372558594,6.950552866641696
150250.0,181.45034790039062,181.45034790039062,725.623779296875,544.1734313964844,6.952494336456033
150500.0,2331.10009765625,2331.10009765625,719.154541015625,-1611.945556640625,6.9545466209391
150750.0,45.750152587890625,45.750152587890625,668.951171875,623.2010192871094,6.956561476891672
151000.0,1911.383544921875,1911.383544921875,721.663330078125,-1189.72021484375,6.958538521190695
151250.0,2916.833984375,2916.833984375,689.3880004882812,-2227.4459838867188,6.960402968924876
151500.0,622.915283203125,622.915283203125,580.0416259765625,-42.8736572265625,6.962292722037994
151750.0,2435.796630859375,2435.796630859375,761.7662353515625,-1674.0303955078125,6.964272303229793
152000.0,2008.915283203125,2008.915283203125,731.64306640625,-1277.272216796875,6.966141002491246
152250.0,2084.915283203125,2084.915283203125,547.74560546875,-1537.169677734375,6.968027736571493
152500.0,561.3450317382812,561.3450317382812,704.8295288085938,143.4844970703125,6.969839396101242
152750.0,1362.48193359375,1362.48193359375,770.4003295898438,-592.0816040039062,6.971675910486798
153000.0,1661.14013671875,1661.14013671875,719.78271484375,-941.357421875,6.97350210796613
153250.0,2309.62939453125,2309.62939453125,764.45556640625,-1545.173828125,6.975328848884945
153500.0,162.15829467773438,162.15829467773438,588.8417358398438,426.6834411621094,6.97715866109884
153750.0,1462.8746337890625,1462.8746337890625,707.3292236328125,-755.54541015625,6.978986504935683
154000.0,3044.6767578125,3044.6767578125,746.354248046875,-2298.322509765625,6.980824419962528
154250.0,2393.416015625,2393.416015625,745.620849609375,-1647.795166015625,6.982663912391254
154500.0,1901.984130859375,1901.984130859375,745.81982421875,-1156.164306640625,6.984554564512479
154750.0,627.461669921875,627.461669921875,645.3662719726562,17.90460205078125,6.986452308001125
155000.0,2292.21630859375,2292.21630859375,686.1624755859375,-1606.0538330078125,6.9882195972482615
155250.0,3392.768310546875,3392.768310546875,789.6168212890625,-2603.1514892578125,6.989904061297041
155500.0,2788.73193359375,2788.73193359375,752.3076782226562,-2036.4242553710938,6.991676767462314
155750.0,2301.64501953125,2301.64501953125,765.1373901367188,-1536.5076293945312,6.993495765559981
156000.0,70.8255844116211,70.8255844116211,679.4442138671875,608.6186294555664,6.995296411289332
156250.0,696.34619140625,696.34619140625,744.8547973632812,48.50860595703125,6.997107205450963
156500.0,1723.52978515625,1723.52978515625,794.0509033203125,-929.4788818359375,6.998873052506318
156750.0,286.1909484863281,286.1909484863281,761.45068359375,475.2597351074219,7.00063941001319
157000.0,85.75762939453125,85.75762939453125,727.0357055664062,641.278076171875,7.002474110422147
157250.0,345.3509216308594,345.3509216308594,761.8847045898438,416.5337829589844,7.004252209111651
157500.0,835.8697509765625,835.8697509765625,713.077392578125,-122.7923583984375,7.005994860725729
157750.0,2805.264892578125,2805.264892578125,642.6318359375,-2162.633056640625,7.007728438280187
158000.0,2722.6279296875,2722.6279296875,708.1337280273438,-2014.4942016601562,7.009443515167636
158250.0,2867.06982421875,2867.06982421875,750.5061645507812,-2116.5636596679688,7.011151222667816
158500.0,588.623779296875,588.623779296875,842.3333740234375,253.7095947265625,7.012849313298554
158750.0,1732.4656982421875,1732.4656982421875,397.86480712890625,-1334.6008911132812,7.014571114959022
159000.0,90.32498168945312,90.32498168945312,611.5582275390625,521.2332458496094,7.0163189899488225
159250.0,59.87931823730469,59.87931823730469,794.411376953125,734.5320587158203,7.018043291221952
159500.0,1984.450439453125,1984.450439453125,790.571533203125,-1193.87890625,7.019845605535344
159750.0,2255.3857421875,2255.3857421875,792.4273071289062,-1462.9584350585938,7.02162436773038
160000.0,1048.0604248046875,1048.0604248046875,758.04833984375,-290.0120849609375,6.969396110014517
160250.0,768.2151489257812,768.2151489257812,756.37109375,-11.84405517578125,6.971218754227712
160500.0,564.35595703125,564.35595703125,845.2615356445312,280.90557861328125,6.973057337007927
160750.0,1318.42626953125,1318.42626953125,752.295654296875,-566.130615234375,6.974810160053388
161000.0,179.2471160888672,179.2471160888672,788.8477783203125,609.6006622314453,6.976608909998639
161250.0,253.40113830566406,253.40113830566406,738.785400390625,485.38426208496094,6.9784516152445555
161500.0,192.33444213867188,192.33444213867188,791.6663208007812,599.3318786621094,6.980240105963207
161750.0,2659.434326171875,2659.434326171875,883.1783447265625,-1776.2559814453125,6.98206739044454
162000.0,1999.3250732421875,1999.3250732421875,784.066650390625,-1215.2584228515625,6.983844782086702
162250.0,1418.4945068359375,1418.4945068359375,779.9598388671875,-638.53466796875,6.985607760620135
162500.0,2795.771484375,2795.771484375,788.8946533203125,-2006.8768310546875,6.987324739812627
162750.0,916.1058349609375,916.1058349609375,734.79638671875,-181.3094482421875,6.989092198298395
163000.0,11.8538236618042,11.8538236618042,661.2513427734375,649.3975191116333,6.990816485571601
163250.0,2150.7216796875,2150.7216796875,789.9691162109375,-1360.7525634765625,6.992491985199643
163500.0,1028.7559814453125,1028.7559814453125,848.6827392578125,-180.0732421875,6.994164051296261
163750.0,2682.7470703125,2682.7470703125,803.600341796875,-1879.146728515625,6.995811310978555
164000.0,2355.582763671875,2355.582763671875,791.6480712890625,-1563.9346923828125,6.9976183112394015
164250.0,1171.48046875,1171.48046875,815.0568237304688,-356.42364501953125,6.9994507778015755
164500.0,1138.219970703125,1138.219970703125,769.603759765625,-368.6162109375,7.001176944524994
164750.0,2221.767578125,2221.767578125,772.8223266601562,-1448.9452514648438,7.00291807623538
165000.0,2383.553955078125,2383.553955078125,761.809814453125,-1621.744140625,7.00462757111489
165250.0,1326.906005859375,1326.906005859375,792.97802734375,-533.927978515625,7.006371798652005
165500.0,1961.7291259765625,1961.7291259765625,717.330810546875,-1244.3983154296875,7.008101911806541
165750.0,2403.587890625,2403.587890625,742.7907104492188,-1660.7971801757812,7.009855120255118
166000.0,157.7506103515625,157.7506103515625,688.8585205078125,531.10791015625,7.011604262880467
166250.0,2102.77587890625,2102.77587890625,868.8449096679688,-1233.9309692382812,7.013301030925862
166500.0,1141.11474609375,1141.11474609375,748.2171630859375,-392.8975830078125,7.015052263332232
166750.0,3051.77392578125,3051.77392578125,771.4041748046875,-2280.3697509765625,7.016748685869499
167000.0,1947.4852294921875,1947.4852294921875,828.9180908203125,-1118.567138671875,7.018437890636327
167250.0,2157.625732421875,2157.625732421875,650.7210693359375,-1506.9046630859375,7.02012827954913
167500.0,2779.74072265625,2779.74072265625,690.6130981445312,-2089.1276245117188,7.021831821601627
167750.0,232.44564819335938,232.44564819335938,836.70458984375,604.2589416503906,7.0234524053975065
168000.0,400.7218017578125,400.7218017578125,746.0717163085938,345.34991455078125,7.025042845197741
168250.0,590.5667724609375,590.5667724609375,788.11181640625,197.5450439453125,7.026646900131748
168500.0,1896.42236328125,1896.42236328125,712.4434814453125,-1183.9788818359375,7.028247451122407
168750.0,832.5529174804688,832.5529174804688,539.1243286132812,-293.4285888671875,7.029877727459292
169000.0,18.563268661499023,18.563268661499023,790.1468505859375,771.5835819244385,7.031632642519879
169250.0,404.40399169921875,404.40399169921875,672.007080078125,267.60308837890625,7.033365949563916
169500.0,3736.5546875,3736.5546875,812.5214233398438,-2924.0332641601562,7.035077132067299
169750.0,188.6617431640625,188.6617431640625,803.54736328125,614.8856201171875,7.036753923622274
170000.0,28.471858978271484,28.471858978271484,651.76123046875,623.2893714904785,6.987611110163695
170250.0,1118.8375244140625,1118.8375244140625,741.105224609375,-377.7322998046875,6.989429543914436
170500.0,1841.230712890625,1841.230712890625,734.7438354492188,-1106.4868774414062,6.9911820135507154
170750.0,250.10610961914062,250.10610961914062,752.5413208007812,502.4352111816406,6.992890671077599
171000.0,2077.072509765625,2077.072509765625,755.4520263671875,-1321.6204833984375,6.9946601216166835
171250.0,248.5535125732422,248.5535125732422,653.4567260742188,404.90321350097656,6.996378366622662
171500.0,1088.978515625,1088.978515625,732.8636474609375,-356.1148681640625,6.9981229113998795
171750.0,2580.82763671875,2580.82763671875,768.5853271484375,-1812.2423095703125,6.999873014975466
172000.0,3048.9638671875,3048.9638671875,774.1361694335938,-2274.8276977539062,7.001548042052014
172250.0,1369.873046875,1369.873046875,773.4066162109375,-596.4664306640625,7.003205651234038
172500.0,1639.6934814453125,1639.6934814453125,744.98388671875,-894.7095947265625,7.004828624962584
172750.0,2737.01171875,2737.01171875,790.3905029296875,-1946.6212158203125,7.006426278218709
173000.0,2049.093505859375,2049.093505859375,751.3532104492188,-1297.7402954101562,7.0079742946265435
173250.0,2545.731201171875,2545.731201171875,773.7006225585938,-1772.0305786132812,7.009544440612633
173500.0,1070.4471435546875,1070.4471435546875,773.2601318359375,-297.18701171875,7.011099459484521
173750.0,467.6631164550781,467.6631164550781,645.4636840820312,177.80056762695312,7.012721237473337
174000.0,1738.2322998046875,1738.2322998046875,616.2240600585938,-1122.0082397460938,7.014322446664758
174250.0,123.73484802246094,123.73484802246094,795.8594970703125,672.1246490478516,7.01595197506545
174500.0,1836.2589111328125,1836.2589111328125,756.2222290039062,-1080.0366821289062,7.017619377809572
174750.0,1481.65185546875,1481.65185546875,638.8616943359375,-842.7901611328125,7.019296847586248
175000.0,31.25432014465332,31.25432014465332,724.2777099609375,693.0233898162842,7.020841436595087
175250.0,307.2081298828125,307.2081298828125,774.211181640625,467.0030517578125,7.022403440490369
175500.0,2380.616943359375,2380.616943359375,778.3607177734375,-1602.2562255859375,7.024100556637914
175750.0,1444.1044921875,1444.1044921875,783.5926513671875,-660.5118408203125,7.025810516551308
176000.0,3077.324462890625,3077.324462890625,800.936767578125,-2276.3876953125,7.027523041311711
176250.0,1825.987060546875,1825.987060546875,811.5889892578125,-1014.3980712890625,7.029236237694877
176500.0,1126.046875,1126.046875,764.8502197265625,-361.1966552734375,7.030894577434398
176750.0,1528.33349609375,1528.33349609375,753.0791625976562,-775.2543334960938,7.032551634912226
177000.0,1252.7637939453125,1252.7637939453125,746.954833984375,-505.8089599609375,7.03415002959505
177250.0,1482.096435546875,1482.096435546875,700.5492553710938,-781.5471801757812,7.035838213637936
177500.0,2557.7373046875,2557.7373046875,769.863525390625,-1787.873779296875,7.037420016396701
177750.0,684.8780517578125,684.8780517578125,712.9805908203125,28.1025390625,7.0390017566051695
178000.0,1092.0526123046875,1092.0526123046875,757.6123046875,-334.4403076171875,7.040576984538855
178250.0,90.65038299560547,90.65038299560547,652.5574951171875,561.907112121582,7.042135051758856
178500.0,85.13248443603516,85.13248443603516,600.4686889648438,515.3362045288086,7.043796768867938
178750.0,1512.9449462890625,1512.9449462890625,758.7490234375,-754.1959228515625,7.045457318976708
179000.0,695.9635009765625,695.9635009765625,723.9342041015625,27.970703125,7.047008414226042
179250.0,2231.5419921875,2231.5419921875,769.3994140625,-1462.142578125,7.048545985030871
179500.0,2785.677001953125,2785.677001953125,793.3197021484375,-1992.3572998046875,7.050075330106742
179750.0,1567.521484375,1567.521484375,779.2320556640625,-788.2894287109375,7.051598664549672
180000.0,1352.05908203125,1352.05908203125,773.9141845703125,-578.1448974609375,7.005258041521627
180250.0,340.1165771484375,340.1165771484375,781.9864501953125,441.869873046875,7.006873911092367
180500.0,36.28610610961914,36.28610610961914,658.2213134765625,621.9352073669434,7.008493698605986
180750.0,1869.793212890625,1869.793212890625,760.2412109375,-1109.552001953125,7.010092365594291
181000.0,1093.83447265625,1093.83447265625,744.599365234375,-349.235107421875,7.011684865066644
181250.0,530.5714111328125,530.5714111328125,811.1488037109375,280.577392578125,7.013320966234868
181500.0,631.3787841796875,631.3787841796875,847.6856689453125,216.306884765625,7.014941550782422
181750.0,203.0004425048828,203.0004425048828,568.3582763671875,365.3578338623047,7.016564092576312
182000.0,1840.083984375,1840.083984375,754.0159301757812,-1086.0680541992188,7.018170657310479
182250.0,3252.923828125,3252.923828125,774.616943359375,-2478.306884765625,7.019774388175651
182500.0,1394.6787109375,1394.6787109375,792.2113647460938,-602.4673461914062,7.02136145066496
182750.0,1691.9197998046875,1691.9197998046875,749.666259765625,-942.2535400390625,7.022947605665496
183000.0,943.409423828125,943.409423828125,778.2872314453125,-165.1221923828125,7.024522741405243
183250.0,848.6448364257812,848.6448364257812,632.6895751953125,-215.95526123046875,7.026115088997643
183500.0,532.2251586914062,532.2251586914062,801.7981567382812,269.572998046875,7.027697808750244
183750.0,1291.2750244140625,1291.2750244140625,859.64501953125,-431.6300048828125,7.029230652489811
184000.0,619.4861450195312,619.4861450195312,751.3184814453125,131.83233642578125,7.030812580477647
184250.0,3100.296142578125,3100.296142578125,629.6357421875,-2470.660400390625,7.032387829934105
184500.0,75.1327133178711,75.1327133178711,598.7901611328125,523.6574478149414,7.033951255078329
184750.0,229.35458374023438,229.35458374023438,852.8715209960938,623.5169372558594,7.035518999785461
185000.0,1473.048095703125,1473.048095703125,771.73486328125,-701.313232421875,7.037023618385557
185250.0,1635.0845947265625,1635.0845947265625,725.65966796875,-909.4249267578125,7.038530546208762
185500.0,2224.834716796875,2224.834716796875,764.378173828125,-1460.45654296875,7.040123939895148
185750.0,1135.9305419921875,1135.9305419921875,751.5211791992188,-384.40936279296875,7.041685531086429
186000.0,2488.146484375,2488.146484375,744.1300048828125,-1744.0164794921875,7.043193549092178
186250.0,413.29339599609375,413.29339599609375,765.9908447265625,352.69744873046875,7.044708343069314
186500.0,1716.6053466796875,1716.6053466796875,710.5787963867188,-1006.0265502929688,7.04629103711326
186750.0,2266.6328125,2266.6328125,795.1976318359375,-1471.4351806640625,7.047856790367044
187000.0,1426.2254638671875,1426.2254638671875,851.6239624023438,-574.6015014648438,7.049327518643815
187250.0,1101.052978515625,1101.052978515625,856.092529296875,-244.96044921875,7.050857971422523
187500.0,1504.7574462890625,1504.7574462890625,830.4773559570312,-674.2800903320312,7.052312078078167
187750.0,152.49273681640625,152.49273681640625,694.5426025390625,542.0498657226562,7.053753426234453
188000.0,1071.03662109375,1071.03662109375,794.098388671875,-276.938232421875,7.055167744952924
188250.0,1825.67431640625,1825.67431640625,690.2314453125,-1135.44287109375,7.0565806213863365
188500.0,720.9788818359375,720.9788818359375,803.9639892578125,82.985107421875,7.058053942004244
188750.0,229.6333465576172,229.6333465576172,770.0625,540.4291534423828,7.0595608235678515
189000.0,1637.4373779296875,1637.4373779296875,763.8460693359375,-873.59130859375,7.061108896304201
189250.0,2161.927734375,2161.927734375,787.9808349609375,-1373.9468994140625,7.062659129135723
189500.0,2072.982177734375,2072.982177734375,781.173583984375,-1291.80859375,7.064205458121239
189750.0,1403.7578125,1403.7578125,833.6748046875,-570.0830078125,7.065740085699164
190000.0,1804.4346923828125,1804.4346923828125,789.0994262695312,-1015.3352661132812,7.021195839380343
190250.0,2077.092041015625,2077.092041015625,825.772705078125,-1251.3193359375,7.022667823142634
190500.0,1747.507080078125,1747.507080078125,817.7179565429688,-929.7891235351562,7.0241870134315825
190750.0,2078.813720703125,2078.813720703125,790.5344848632812,-1288.2792358398438,7.025680821862162
191000.0,1410.5509033203125,1410.5509033203125,822.933837890625,-587.6170654296875,7.027195347161499
191250.0,2928.317626953125,2928.317626953125,861.8795776367188,-2066.4380493164062,7.02863669118199
191500.0,3455.15771484375,3455.15771484375,860.2249145507812,-2594.9328002929688,7.030099111256835
191750.0,1194.0150146484375,1194.0150146484375,548.1307983398438,-645.8842163085938,7.031574812092345
192000.0,2853.23681640625,2853.23681640625,667.0347900390625,-2186.2020263671875,7.033032842861195
192250.0,2977.38427734375,2977.38427734375,742.5477905273438,-2234.8364868164062,7.034487373335719
192500.0,1523.319091796875,1523.319091796875,842.6229858398438,-680.6961059570312,7.035946532111893
192750.0,785.40087890625,785.40087890625,724.9273681640625,-60.4735107421875,7.037464439985787
193000.0,1246.431884765625,1246.431884765625,750.62744140625,-495.804443359375,7.038945299616872
193250.0,2362.8662109375,2362.8662109375,749.2798461914062,-1613.5863647460938,7.0403534785680435
193500.0,2950.686279296875,2950.686279296875,722.5875854492188,-2228.0986938476562,7.041708513134541
193750.0,2.7440779209136963,2.7440779209136963,581.223876953125,578.4797990322113,7.043170152129915
194000.0,1202.7716064453125,1202.7716064453125,611.2167358398438,-591.5548706054688,7.044622913079375
194250.0,1823.901123046875,1823.901123046875,719.9208984375,-1103.980224609375,7.046042516116632
194500.0,3110.351318359375,3110.351318359375,838.3385009765625,-2272.0128173828125,7.04749425329232
194750.0,2694.4130859375,2694.4130859375,836.2905883789062,-1858.1224975585938,7.048916237254824
195000.0,3102.2744140625,3102.2744140625,828.1978149414062,-2274.0765991210938,7.050344200875257
195250.0,2501.88330078125,2501.88330078125,781.4950561523438,-1720.3882446289062,7.051769353062563
195500.0,2419.107666015625,2419.107666015625,760.4727783203125,-1658.6348876953125,7.053181238580066
195750.0,150.20745849609375,150.20745849609375,827.9637451171875,677.7562866210938,7.054585616996798
196000.0,235.9299774169922,235.9299774169922,554.7791748046875,318.8491973876953,7.056005332587389
196250.0,225.50721740722656,225.50721740722656,761.2169189453125,535.7097015380859,7.057407121206334
196500.0,510.0627136230469,510.0627136230469,765.5077514648438,255.44503784179688,7.0588228912342
196750.0,1695.70654296875,1695.70654296875,842.137939453125,-853.568603515625,7.060186107579636
197000.0,8.05605411529541,8.05605411529541,750.7569580078125,742.7009038925171,7.061587118050617
197250.0,1212.017578125,1212.017578125,871.332275390625,-340.685302734375,7.062997826439384
197500.0,350.02325439453125,350.02325439453125,747.6851196289062,397.661865234375,7.064263439840342
197750.0,1800.727294921875,1800.727294921875,755.5823974609375,-1045.1448974609375,7.065591516958276
198000.0,2657.337158203125,2657.337158203125,888.4290161132812,-1768.9081420898438,7.067065880305376
198250.0,2004.6993408203125,2004.6993408203125,764.5885009765625,-1240.11083984375,7.068437066878085
198500.0,291.5285949707031,291.5285949707031,761.66015625,470.1315612792969,7.06977298511982
198750.0,1845.5439453125,1845.5439453125,758.6984252929688,-1086.8455200195312,7.071112576909023
199000.0,2004.20361328125,2004.20361328125,812.7061767578125,-1191.4974365234375,7.072511835796691
199250.0,253.1307830810547,253.1307830810547,833.090576171875,579.9597930908203,7.073928926296232
199500.0,1797.3592529296875,1797.3592529296875,739.9981079101562,-1057.3611450195312,7.075311461919328
199750.0,608.0745849609375,608.0745849609375,776.4677734375,168.3931884765625,7.076671838344227
200000.0,2375.87890625,2375.87890625,761.0914916992188,-1614.7874145507812,7.034128736127784
200250.0,1354.6636962890625,1354.6636962890625,760.5969848632812,-594.0667114257812,7.0354386184872135
200500.0,1592.34912109375,1592.34912109375,694.5606689453125,-897.7884521484375,7.036787998205553
200750.0,2753.134765625,2753.134765625,762.852783203125,-1990.281982421875,7.038164025106276
201000.0,1197.7691650390625,1197.7691650390625,732.8641357421875,-464.905029296875,7.039533664412413
201250.0,2712.86865234375,2712.86865234375,868.1040649414062,-1844.7645874023438,7.040832051071804
201500.0,3460.6103515625,3460.6103515625,762.322265625,-2698.2880859375,7.042252855287545
201750.0,1375.6844482421875,1375.6844482421875,863.1910400390625,-512.493408203125,7.0436428436738945
202000.0,1845.8702392578125,1845.8702392578125,889.9095458984375,-955.960693359375,7.045024848612688
202250.0,1842.8980712890625,1842.8980712890625,777.138427734375,-1065.7596435546875,7.046361038945751
202500.0,1594.808837890625,1594.808837890625,784.434326171875,-810.37451171875,7.04768441670637
202750.0,3333.736083984375,3333.736083984375,788.8034057617188,-2544.9326782226562,7.048991321892313
203000.0,2043.534912109375,2043.534912109375,851.7716674804688,-1191.7632446289062,7.050337371705074
203250.0,1609.6370849609375,1609.6370849609375,729.4602661132812,-880.1768188476562,7.0516639942755655
203500.0,2026.3880615234375,2026.3880615234375,828.4004516601562,-1197.9876098632812,7.052989790380718
203750.0,2819.341064453125,2819.341064453125,796.05322265625,-2023.287841796875,7.054276200431635
204000.0,2578.76416015625,2578.76416015625,803.7769775390625,-1774.9871826171875,7.055636032879181
204250.0,713.949951171875,713.949951171875,739.2793579101562,25.32940673828125,7.056989307589799
204500.0,2802.91650390625,2802.91650390625,769.6422729492188,-2033.2742309570312,7.058409324571812
204750.0,1745.7044677734375,1745.7044677734375,794.2001953125,-951.5042724609375,7.0596175978858575
205000.0,2484.04052734375,2484.04052734375,766.885009765625,-1717.155517578125,7.060860146336739
205250.0,389.2216796875,389.2216796875,829.3818359375,440.16015625,7.062211388830322
205500.0,38.160797119140625,38.160797119140625,634.5108642578125,596.3500671386719,7.063626211194162
205750.0,1962.0400390625,1962.0400390625,748.2321166992188,-1213.8079223632812,7.065030947508539
206000.0,2903.142578125,2903.142578125,863.408935546875,-2039.733642578125,7.066410234229303
206250.0,2471.433837890625,2471.433837890625,847.9212646484375,-1623.5125732421875,7.067766068419373
206500.0,1384.18212890625,1384.18212890625,813.7481689453125,-570.4339599609375,7.069050530693846
206750.0,1537.6258544921875,1537.6258544921875,780.0911865234375,-757.53466796875,7.0703793092951335
207000.0,1509.5655517578125,1509.5655517578125,802.022705078125,-707.5428466796875,7.071729730614237
207250.0,2679.195068359375,2679.195068359375,775.0762939453125,-1904.1187744140625,7.07303823712203
207500.0,2437.153076171875,2437.153076171875,760.448486328125,-1676.70458984375,7.074347946615789
207750.0,711.5474853515625,711.5474853515625,790.3802490234375,78.832763671875,7.07569140232817
208000.0,2329.34423828125,2329.34423828125,795.2095336914062,-1534.1347045898438,7.076956973879362
208250.0,3088.814453125,3088.814453125,783.0416259765625,-2305.7728271484375,7.078311829630318
208500.0,873.9862060546875,873.9862060546875,848.9107666015625,-25.075439453125,7.079635968875656
208750.0,1016.3370361328125,1016.3370361328125,775.2839965820312,-241.05303955078125,7.080910976590753
209000.0,1420.5740966796875,1420.5740966796875,662.6922607421875,-757.8818359375,7.0822597991863665
209250.0,578.8214721679688,578.8214721679688,794.8609008789062,216.0394287109375,7.083573277283362
209500.0,3134.96630859375,3134.96630859375,658.096435546875,-2476.869873046875,7.084866335749177
209750.0,819.9354248046875,819.9354248046875,808.8067626953125,-11.128662109375,7.086172940620616
210000.0,2204.469970703125,2204.469970703125,622.8370361328125,-1581.6329345703125,7.0454564395635275
210250.0,1778.35693359375,1778.35693359375,810.1104736328125,-968.2464599609375,7.046753686115126
210500.0,107.99064636230469,107.99064636230469,757.9730834960938,649.9824371337891,7.048045099872729
210750.0,2414.954345703125,2414.954345703125,675.821533203125,-1739.1328125,7.049304929508529
211000.0,186.3640594482422,186.3640594482422,823.353759765625,636.9897003173828,7.050601400703412
211250.0,3031.837158203125,3031.837158203125,822.381591796875,-2209.45556640625,7.051810406075958
211500.0,1025.69482421875,1025.69482421875,832.2964477539062,-193.39837646484375,7.053087835927759
211750.0,1406.272705078125,1406.272705078125,820.5394287109375,-585.7332763671875,7.054310239356158
212000.0,69.32196807861328,69.32196807861328,715.739990234375,646.4180221557617,7.05559953811678
212250.0,1692.5078125,1692.5078125,828.0557861328125,-864.4520263671875,7.056798034175885
212500.0,1190.9554443359375,1190.9554443359375,714.9299926757812,-476.02545166015625,7.058014388019681
212750.0,2242.48828125,2242.48828125,855.0408935546875,-1387.4473876953125,7.059270278679577
213000.0,379.577880859375,379.577880859375,800.8607177734375,421.2828369140625,7.060600068839764
213250.0,1572.5960693359375,1572.5960693359375,729.6943969726562,-842.9016723632812,7.061861067186304
213500.0,2987.55126953125,2987.55126953125,902.6298828125,-2084.92138671875,7.06316314148539
213750.0,1868.1453857421875,1868.1453857421875,748.31787109375,-1119.8275146484375,7.064508617796147
214000.0,2128.730224609375,2128.730224609375,696.5635986328125,-1432.1666259765625,7.0658637855352895
214250.0,2533.97607421875,2533.97607421875,870.0545043945312,-1663.9215698242188,7.066832760167314
214500.0,1019.013916015625,1019.013916015625,761.0610961914062,-257.95281982421875,7.068096766415651
214750.0,565.3026123046875,565.3026123046875,787.7532348632812,222.45062255859375,7.0693755643069744
215000.0,1321.37060546875,1321.37060546875,844.7642822265625,-476.6063232421875,7.070681158249604
215250.0,2445.20166015625,2445.20166015625,873.5737915039062,-1571.6278686523438,7.071957112881982
215500.0,1127.87548828125,1127.87548828125,856.6408081054688,-271.23468017578125,7.073244489056861
215750.0,2065.0947265625,2065.0947265625,809.0231323242188,-1256.0715942382812,7.074505631448989
216000.0,276.6546630859375,276.6546630859375,770.9818725585938,494.32720947265625,7.075695294045792
216250.0,1514.6370849609375,1514.6370849609375,822.8077392578125,-691.829345703125,7.07694886819841
216500.0,2040.9459228515625,2040.9459228515625,791.0552368164062,-1249.8906860351562,7.078287083045497
216750.0,621.612060546875,621.612060546875,797.1021728515625,175.4901123046875,7.079619607509759
217000.0,3813.64599609375,3813.64599609375,560.7424926757812,-3252.9035034179688,7.0809586021820605
217250.0,2133.211181640625,2133.211181640625,754.646728515625,-1378.564453125,7.08226432994428
217500.0,2096.346435546875,2096.346435546875,841.4666748046875,-1254.8797607421875,7.083470387251
217750.0,2872.5625,2872.5625,830.696533203125,-2041.865966796875,7.08470726281546
218000.0,1682.693603515625,1682.693603515625,762.100830078125,-920.5927734375,7.0859271038519935
218250.0,1810.14501953125,1810.14501953125,880.0789184570312,-930.0661010742188,7.087221519503602
218500.0,2360.298095703125,2360.298095703125,792.8286743164062,-1567.4694213867188,7.088494868621471
218750.0,1096.764892578125,1096.764892578125,538.00537109375,-558.759521484375,7.089705805613125
219000.0,2047.510009765625,2047.510009765625,737.1710815429688,-1310.3389282226562,7.090874996225292
219250.0,2602.87353515625,2602.87353515625,834.3687744140625,-1768.5047607421875,7.092130595347686
219500.0,2225.3173828125,2225.3173828125,766.892578125,-1458.4248046875,7.0934169599491
219750.0,2145.924560546875,2145.924560546875,808.1746215820312,-1337.7499389648438,7.094699480817442
220000.0,1789.551025390625,1789.551025390625,830.8665161132812,-958.6845092773438,7.056093731004935
220250.0,2224.26123046875,2224.26123046875,724.2850341796875,-1499.9761962890625,7.057400696416724
220500.0,1021.6803588867188,1021.6803588867188,832.4175415039062,-189.2628173828125,7.058682074188392
220750.0,2289.448974609375,2289.448974609375,805.1331176757812,-1484.3158569335938,7.05992214405868
221000.0,1576.22705078125,1576.22705078125,800.814697265625,-775.412353515625,7.061166961307292
221250.0,1636.9552001953125,1636.9552001953125,900.7174682617188,-736.2377319335938,7.062407528513888
221500.0,2556.14306640625,2556.14306640625,799.010986328125,-1757.132080078125,7.063640335124632
221750.0,2609.593505859375,2609.593505859375,836.9867553710938,-1772.6067504882812,7.064828392032474
222000.0,2709.18603515625,2709.18603515625,781.7825927734375,-1927.4034423828125,7.066017230052336
222250.0,1342.8255615234375,1342.8255615234375,875.4487915039062,-467.37677001953125,7.067213111757452
222500.0,2349.6083984375,2349.6083984375,859.7784423828125,-1489.8299560546875,7.068044019779474
222750.0,1749.3568115234375,1749.3568115234375,655.952880859375,-1093.4039306640625,7.0691992160747805
223000.0,1303.501220703125,1303.501220703125,838.2752685546875,-465.2259521484375,7.070347379612912
223250.0,2593.00390625,2593.00390625,845.09912109375,-1747.90478515625,7.071519381987069
223500.0,2100.33154296875,2100.33154296875,640.7745361328125,-1459.5570068359375,7.0727671547844535
223750.0,1545.8314208984375,1545.8314208984375,789.8401489257812,-755.9912719726562,7.074081976873019
224000.0,2927.41748046875,2927.41748046875,847.525390625,-2079.89208984375,7.075348303227097
224250.0,1984.8240966796875,1984.8240966796875,863.9028930664062,-1120.9212036132812,7.076558959668463
224500.0,1210.999267578125,1210.999267578125,814.4673461914062,-396.53192138671875,7.0778314309406625
224750.0,2724.256591796875,2724.256591796875,736.7967529296875,-1987.4598388671875,7.079051907473137
225000.0,187.08041381835938,187.08041381835938,882.083740234375,695.0033264160156,7.080300594213405
225250.0,2742.36474609375,2742.36474609375,807.4856567382812,-1934.8790893554688,7.081512503849665
225500.0,1272.778076171875,1272.778076171875,788.06640625,-484.711669921875,7.0826749964812645
225750.0,119.71837615966797,119.71837615966797,754.4366455078125,634.7182693481445,7.083822193643806
226000.0,2484.04296875,2484.04296875,857.2903442382812,-1626.7526245117188,7.085017606169123
226250.0,678.05908203125,678.05908203125,873.0147705078125,194.9556884765625,7.0861351980254454
226500.0,1859.0726318359375,1859.0726318359375,853.992431640625,-1005.0802001953125,7.087339343547124
226750.0,2229.000732421875,2229.000732421875,413.14190673828125,-1815.8588256835938,7.088589639781589
227000.0,2303.59521484375,2303.59521484375,835.3326416015625,-1468.2625732421875,7.089844807916467
227250.0,1030.156494140625,1030.156494140625,829.7313842773438,-200.42510986328125,7.091036509532051
227500.0,2469.64697265625,2469.64697265625,806.2108154296875,-1663.4361572265625,7.092220598406025
227750.0,1461.128173828125,1461.128173828125,667.44677734375,-793.681396484375,7.093418474093677
228000.0,2370.5703125,2370.5703125,834.4347534179688,-1536.1355590820312,7.094568297647865
228250.0,756.8446655273438,756.8446655273438,854.4576416015625,97.61297607421875,7.0957097600442465
228500.0,1620.0166015625,1620.0166015625,881.0581665039062,-738.9584350585938,7.0968646732622345
228750.0,2102.1708984375,2102.1708984375,869.8673706054688,-1232.3035278320312,7.098118773382788
229000.0,2396.35107421875,2396.35107421875,852.3870849609375,-1543.9639892578125,7.099362380087967
229250.0,2996.65771484375,2996.65771484375,886.864990234375,-2109.792724609375,7.100577601999834
229500.0,2614.078369140625,2614.078369140625,791.852294921875,-1822.22607421875,7.101791765761559
229750.0,876.4957275390625,876.4957275390625,913.1168823242188,36.62115478515625,7.102958556634375
230000.0,745.363525390625,745.363525390625,905.2781982421875,159.9146728515625,7.065832425347961
230250.0,1608.910888671875,1608.910888671875,866.691162109375,-742.2197265625,7.0670654849187065
230500.0,2478.65869140625,2478.65869140625,867.423828125,-1611.23486328125,7.0682999155612
230750.0,1564.3804931640625,1564.3804931640625,837.38427734375,-726.9962158203125,7.069457321365535
231000.0,1504.2900390625,1504.2900390625,848.8548583984375,-655.4351806640625,7.070669310858636
231250.0,2355.286376953125,2355.286376953125,847.4337768554688,-1507.8526000976562,7.071829429021275
231500.0,2809.37744140625,2809.37744140625,829.9934692382812,-1979.3839721679688,7.0730899032913745
231750.0,439.2435607910156,439.2435607910156,876.5997924804688,437.3562316894531,7.074273385693328
232000.0,1390.95654296875,1390.95654296875,874.8629150390625,-516.0936279296875,7.075479031132804
232250.0,1244.13134765625,1244.13134765625,634.0430908203125,-610.0882568359375,7.0766137934423785
232500.0,2264.911865234375,2264.911865234375,870.2740478515625,-1394.6378173828125,7.077763194839199
232750.0,1516.638671875,1516.638671875,886.1170654296875,-630.5216064453125,7.07888874941982
233000.0,1954.774169921875,1954.774169921875,865.205322265625,-1089.56884765625,7.080049230405987
233250.0,1913.1690673828125,1913.1690673828125,902.5097045898438,-1010.6593627929688,7.081254361250654
233500.0,1973.6541748046875,1973.6541748046875,858.870361328125,-1114.7838134765625,7.082470120554539
233750.0,3162.554931640625,3162.554931640625,831.88671875,-2330.668212890625,7.083679286276302
234000.0,298.89398193359375,298.89398193359375,888.8613891601562,589.9674072265625,7.084942931368578
234250.0,1785.9053955078125,1785.9053955078125,845.6214599609375,-940.283935546875,7.086183250670367
234500.0,1843.677001953125,1843.677001953125,913.2891845703125,-930.3878173828125,7.08745365072403
234750.0,3216.67529296875,3216.67529296875,862.505126953125,-2354.170166015625,7.088650863150547
235000.0,3295.98779296875,3295.98779296875,781.37939453125,-2514.6083984375,7.089931368151471
235250.0,3069.24560546875,3069.24560546875,873.581298828125,-2195.664306640625,7.0912708886074745
235500.0,1459.3499755859375,1459.3499755859375,771.867431640625,-687.4825439453125,7.092563675646567
235750.0,1333.1800537109375,1333.1800537109375,869.103759765625,-464.0762939453125,7.093793077171479
236000.0,2230.8125,2230.8125,847.201416015625,-1383.611083984375,7.09509166126556
236250.0,3302.119140625,3302.119140625,893.8590698242188,-2408.2600708007812,7.096379777648668
236500.0,2441.642578125,2441.642578125,907.9658203125,-1533.6767578125,7.097596351184295
236750.0,1249.0966796875,1249.0966796875,870.49365234375,-378.60302734375,7.098767477222199
237000.0,1631.697021484375,1631.697021484375,849.5465087890625,-782.1505126953125,7.099929792079979
237250.0,2974.158935546875,2974.158935546875,908.8098754882812,-2065.3490600585938,7.101098917415765
237500.0,3013.424560546875,3013.424560546875,858.2684326171875,-2155.1561279296875,7.102328483307169
237750.0,2957.9921875,2957.9921875,905.98974609375,-2052.00244140625,7.1035884068194655
238000.0,917.3555908203125,917.3555908203125,856.0657958984375,-61.289794921875,7.1048241270107475
238250.0,2365.322265625,2365.322265625,852.6715087890625,-1512.6507568359375,7.106063882171153
238500.0,260.3502502441406,260.3502502441406,894.1956787109375,633.8454284667969,7.107250455777621
238750.0,726.9927368164062,726.9927368164062,920.3729858398438,193.3802490234375,7.108400258314996
239000.0,1861.1978759765625,1861.1978759765625,883.3687744140625,-977.8291015625,7.109556337714968
239250.0,499.30340576171875,499.30340576171875,887.6954956054688,388.39208984375,7.1108119153409906
239500.0,2212.01708984375,2212.01708984375,839.9007568359375,-1372.1163330078125,7.112049817612077
239750.0,1013.3551635742188,1013.3551635742188,920.1123046875,-93.24285888671875,7.113293572585285
240000.0,598.8817138671875,598.8817138671875,703.7151489257812,104.83343505859375,7.07829922256379
240250.0,262.4981994628906,262.4981994628906,879.76025390625,617.2620544433594,7.079513810685498
240500.0,1626.0654296875,1626.0654296875,915.326904296875,-710.738525390625,7.0807737868600364
240750.0,1279.491943359375,1279.491943359375,871.09521484375,-408.396728515625,7.0820170028083895
241000.0,1221.55859375,1221.55859375,874.7779541015625,-346.7806396484375,7.083290910872705
241250.0,2448.291015625,2448.291015625,863.9976806640625,-1584.2933349609375,7.084563875273479
241500.0,210.0968475341797,210.0968475341797,920.6007080078125,710.5038604736328,7.085830701608048
241750.0,1452.1324462890625,1452.1324462890625,888.6287231445312,-563.5037231445312,7.087082385928953
242000.0,2614.96435546875,2614.96435546875,881.20849609375,-1733.755859375,7.088225402210386
242250.0,1920.3319091796875,1920.3319091796875,807.6593017578125,-1112.672607421875,7.089181371731162
242500.0,2586.139892578125,2586.139892578125,831.044189453125,-1755.095703125,7.090322958875349
242750.0,1642.0069580078125,1642.0069580078125,888.0904541015625,-753.91650390625,7.091564116328493
243000.0,983.0719604492188,983.0719604492188,863.4505615234375,-119.62139892578125,7.092745596070687
243250.0,1604.905029296875,1604.905029296875,873.5057373046875,-731.3992919921875,7.0939906980918295
243500.0,2843.067138671875,2843.067138671875,882.1007080078125,-1960.9664306640625,7.095266748435875
243750.0,2632.038818359375,2632.038818359375,856.1224365234375,-1775.9163818359375,7.096509353011056
244000.0,2583.736328125,2583.736328125,895.0469970703125,-1688.6893310546875,7.0977691593811585
244250.0,3380.1103515625,3380.1103515625,818.7198486328125,-2561.3905029296875,7.099043014547682
244500.0,3428.287841796875,3428.287841796875,884.7027587890625,-2543.5850830078125,7.100205151581274
244750.0,2263.9345703125,2263.9345703125,889.4949951171875,-1374.4395751953125,7.101393909302024
245000.0,2305.9208984375,2305.9208984375,886.5521240234375,-1419.3687744140625,7.1026164707493304
245250.0,2801.81396484375,2801.81396484375,908.1589965820312,-1893.6549682617188,7.103810689140309
245500.0,3767.303466796875,3767.303466796875,883.6434326171875,-2883.6600341796875,7.105021177585828
245750.0,219.75003051757812,219.75003051757812,869.25634765625,649.5063171386719,7.106197711682157
246000.0,1607.670654296875,1607.670654296875,898.1641235351562,-709.5065307617188,7.107369193288633
246250.0,1323.1534423828125,1323.1534423828125,862.9329223632812,-460.22052001953125,7.108620198600084
246500.0,1566.294189453125,1566.294189453125,765.7612915039062,-800.5328979492188,7.109831664496188
246750.0,3222.337890625,3222.337890625,750.4541015625,-2471.8837890625,7.111000781525302
247000.0,2672.87451171875,2672.87451171875,932.0404052734375,-1740.8341064453125,7.112225812042882
247250.0,2155.2255859375,2155.2255859375,885.7412109375,-1269.484375,7.113364897817339
247500.0,556.423828125,556.423828125,897.6452026367188,341.22137451171875,7.114534621909379
247750.0,1565.352783203125,1565.352783203125,858.9764404296875,-706.3763427734375,7.115695316389165
248000.0,1777.97021484375,1777.97021484375,929.5999755859375,-848.3702392578125,7.1168878718745745
248250.0,2875.5517578125,2875.5517578125,907.6451416015625,-1967.9066162109375,7.1180387219706
248500.0,2904.35205078125,2904.35205078125,901.5052490234375,-2002.8468017578125,7.119235911163976
248750.0,1688.326904296875,1688.326904296875,861.790283203125,-826.53662109375,7.12040826853097
249000.0,145.99732971191406,145.99732971191406,852.88671875,706.8893890380859,7.121567919093035
249250.0,700.6572875976562,700.6572875976562,832.2615356445312,131.604248046875,7.122736944427615
249500.0,46.46196365356445,46.46196365356445,930.833740234375,884.3717765808105,7.123915389719239
249750.0,1206.2001953125,1206.2001953125,866.3005981445312,-339.89959716796875,7.125013404033721
250000.0,1869.212158203125,1869.212158203125,885.5966796875,-983.615478515625,7.091303092812779
250250.0,3304.75927734375,3304.75927734375,911.8634643554688,-2392.8958129882812,7.092493317210556
250500.0,2103.798828125,2103.798828125,860.0206298828125,-1243.7781982421875,7.093659341851721
250750.0,1201.785888671875,1201.785888671875,852.968994140625,-348.81689453125,7.0948087336693995
251000.0,1572.8984375,1572.8984375,864.0894165039062,-708.8090209960938,7.095988733170543
251250.0,415.25390625,415.25390625,847.1605224609375,431.9066162109375,7.097153806360614
251500.0,1834.153076171875,1834.153076171875,926.7058715820312,-907.4472045898438,7.098350088661222
251750.0,4061.33349609375,4061.33349609375,899.1058959960938,-3162.2276000976562,7.0995749664306596
252000.0,2097.84521484375,2097.84521484375,918.3451538085938,-1179.5000610351562,7.100793752882738
252250.0,3172.15771484375,3172.15771484375,928.9447021484375,-2243.2130126953125,7.1020143179171455
252500.0,2925.388671875,2925.388671875,897.1373291015625,-2028.2513427734375,7.103095086303981
252750.0,604.0530395507812,604.0530395507812,912.0164184570312,307.96337890625,7.104245066241137
253000.0,1167.279541015625,1167.279541015625,909.267333984375,-258.01220703125,7.105374904170621
253250.0,1712.16015625,1712.16015625,820.7724609375,-891.3876953125,7.106448530935733
253500.0,1175.2108154296875,1175.2108154296875,849.935546875,-325.2752685546875,7.1075670628584975
253750.0,290.2298889160156,290.2298889160156,866.0794067382812,575.8495178222656,7.108751145175969
254000.0,644.5474853515625,644.5474853515625,915.7744140625,271.2269287109375,7.10989072250361
254250.0,503.0391540527344,503.0391540527344,790.9334716796875,287.8943176269531,7.111024932770254
254500.0,1191.9970703125,1191.9970703125,857.140869140625,-334.856201171875,7.112135582333484
254750.0,2031.559326171875,2031.559326171875,899.3018798828125,-1132.2574462890625,7.113239448827894
255000.0,1853.7471923828125,1853.7471923828125,904.0481567382812,-949.6990356445312,7.114382798188008
255250.0,2713.844970703125,2713.844970703125,892.210205078125,-1821.634765625,7.115506743342328
255500.0,2961.13232421875,2961.13232421875,897.7926025390625,-2063.3397216796875,7.116682628482977
255750.0,1237.579833984375,1237.579833984375,890.0963134765625,-347.4835205078125,7.117847879961944
256000.0,2304.90771484375,2304.90771484375,899.5781860351562,-1405.3295288085938,7.118964876961095
256250.0,1618.68359375,1618.68359375,908.395263671875,-710.288330078125,7.120128066810898
256500.0,945.4521484375,945.4521484375,841.839599609375,-103.612548828125,7.121244359974833
256750.0,135.06175231933594,135.06175231933594,855.5941772460938,720.5324249267578,7.122425854398163
257000.0,3477.59033203125,3477.59033203125,892.680419921875,-2584.909912109375,7.123551771597038
257250.0,3040.897216796875,3040.897216796875,832.141357421875,-2208.755859375,7.124660389399315
257500.0,2680.86279296875,2680.86279296875,888.7218017578125,-1792.1409912109375,7.125746934743506
257750.0,1941.4432373046875,1941.4432373046875,925.6278076171875,-1015.8154296875,7.126911127792086
258000.0,3804.9384765625,3804.9384765625,909.32470703125,-2895.61376953125,7.128097625111733
258250.0,3079.6005859375,3079.6005859375,881.1009521484375,-2198.4996337890625,7.129268269330489
258500.0,875.84423828125,875.84423828125,930.5687255859375,54.7244873046875,7.130453519199924
258750.0,2760.91162109375,2760.91162109375,917.9946899414062,-1842.9169311523438,7.131588566440482
259000.0,1068.653076171875,1068.653076171875,899.304443359375,-169.3486328125,7.1326957728900915
259250.0,924.5753173828125,924.5753173828125,890.524658203125,-34.0506591796875,7.133765086248009
259500.0,1528.5855712890625,1528.5855712890625,933.39501953125,-595.1905517578125,7.134868561396303
259750.0,2931.453369140625,2931.453369140625,921.280517578125,-2010.1728515625,7.1359564222007785
260000.0,14.019777297973633,14.019777297973633,914.3514404296875,900.3316631317139,7.103507389349392
260250.0,1706.704833984375,1706.704833984375,896.7947998046875,-809.9100341796875,7.1046311545757845
260500.0,1047.70263671875,1047.70263671875,859.9847412109375,-187.7178955078125,7.105696279556578
260750.0,1085.061767578125,1085.061767578125,778.3646240234375,-306.6971435546875,7.10687739380703
261000.0,2481.07373046875,2481.07373046875,912.7965087890625,-1568.2772216796875,7.108038938070959
261250.0,1186.99853515625,1186.99853515625,899.8701171875,-287.12841796875,7.109213574795985
261500.0,2716.24755859375,2716.24755859375,887.33251953125,-1828.9150390625,7.110347937104576
261750.0,198.07972717285156,198.07972717285156,867.423583984375,669.3438568115234,7.111488961602895
262000.0,3142.57080078125,3142.57080078125,871.6038818359375,-2270.9669189453125,7.112675621454196
262250.0,1810.7313232421875,1810.7313232421875,693.7872314453125,-1116.944091796875,7.113873695615685
262500.0,2982.1015625,2982.1015625,860.6792602539062,-2121.4223022460938,7.114975329472043
262750.0,1525.34423828125,1525.34423828125,915.8001708984375,-609.5440673828125,7.116068543094311
263000.0,3679.158203125,3679.158203125,905.6162109375,-2773.5419921875,7.117213279077145
263250.0,1696.36376953125,1696.36376953125,912.2169189453125,-784.1468505859375,7.118328448588335
263500.0,1969.318115234375,1969.318115234375,880.6456909179688,-1088.6724243164062,7.119501305314874
263750.0,1007.6033325195312,1007.6033325195312,931.7260131835938,-75.8773193359375,7.120629705584753
264000.0,394.5493469238281,394.5493469238281,761.5598754882812,367.0105285644531,7.121756919871921
264250.0,2069.3388671875,2069.3388671875,848.7105102539062,-1220.6283569335938,7.122875221464268
264500.0,2090.56494140625,2090.56494140625,851.314453125,-1239.25048828125,7.123963466751016
264750.0,1007.121337890625,1007.121337890625,898.496337890625,-108.625,7.1250285354207366
265000.0,3859.599853515625,3859.599853515625,916.1927490234375,-2943.4071044921875,7.126131214175967
265250.0,1825.3216552734375,1825.3216552734375,913.7913818359375,-911.5302734375,7.12715643095834
265500.0,1462.4510498046875,1462.4510498046875,885.90478515625,-576.5462646484375,7.128125492693704
265750.0,2761.51806640625,2761.51806640625,911.1410522460938,-1850.3770141601562,7.129137472722872
266000.0,2151.1875,2151.1875,914.1123046875,-1237.0751953125,7.130096408272379
266250.0,1633.8095703125,1633.8095703125,927.8656005859375,-705.9439697265625,7.131019515381235
266500.0,2104.4140625,2104.4140625,926.498046875,-1177.916015625,7.131974697920355
266750.0,3375.886474609375,3375.886474609375,904.7125244140625,-2471.1739501953125,7.132745799734049
267000.0,1410.0419921875,1410.0419921875,914.746337890625,-495.295654296875,7.133663961705375
267250.0,1255.097412109375,1255.097412109375,898.3510131835938,-356.74639892578125,7.134418093328358
267500.0,2803.37353515625,2803.37353515625,909.0008544921875,-1894.3726806640625,7.135245240219938
267750.0,2469.845947265625,2469.845947265625,893.4342651367188,-1576.4116821289062,7.135813473125492
268000.0,3040.63671875,3040.63671875,934.9813232421875,-2105.6553955078125,7.13666881896466
268250.0,2402.01416015625,2402.01416015625,905.6862182617188,-1496.3279418945312,7.137494777977847
268500.0,2147.339111328125,2147.339111328125,886.4544677734375,-1260.8846435546875,7.138379605900947
268750.0,998.2684936523438,998.2684936523438,804.7901611328125,-193.47833251953125,7.139282030617797
269000.0,1861.00537109375,1861.00537109375,853.9658203125,-1007.03955078125,7.140224262545751
269250.0,3339.971435546875,3339.971435546875,911.42041015625,-2428.551025390625,7.141147062404205
269500.0,2758.216064453125,2758.216064453125,928.4906005859375,-1829.7254638671875,7.142072438811293
269750.0,2226.417236328125,2226.417236328125,907.2537841796875,-1319.1634521484375,7.142931126706449
270000.0,1203.448974609375,1203.448974609375,853.457763671875,-349.9912109375,7.110473896750284
270250.0,2184.16943359375,2184.16943359375,789.2064208984375,-1394.9630126953125,7.1114808712798245
270500.0,3145.51171875,3145.51171875,862.8944091796875,-2282.6173095703125,7.112505281358699
270750.0,1514.8834228515625,1514.8834228515625,909.7938232421875,-605.089599609375,7.11335950189134
271000.0,1157.2908935546875,1157.2908935546875,742.488037109375,-414.8028564453125,7.114304872816626
271250.0,2037.5975341796875,2037.5975341796875,903.9537353515625,-1133.643798828125,7.115192475424071
271500.0,1086.9945068359375,1086.9945068359375,906.2467041015625,-180.747802734375,7.11618607971225
271750.0,1196.0062255859375,1196.0062255859375,901.1474609375,-294.8587646484375,7.117183179681892
272000.0,2193.5498046875,2193.5498046875,910.17822265625,-1283.37158203125,7.118333895353975
272250.0,2124.327392578125,2124.327392578125,917.8492431640625,-1206.4781494140625,7.119424782193202
272500.0,2382.202392578125,2382.202392578125,943.0277099609375,-1439.1746826171875,7.120542165654294
272750.0,562.189697265625,562.189697265625,868.9420166015625,306.7523193359375,7.121647254935877
273000.0,3239.197265625,3239.197265625,887.2159423828125,-2351.9813232421875,7.122691388567945
273250.0,2082.969970703125,2082.969970703125,858.2294921875,-1224.740478515625,7.123726993529036
273500.0,1467.9097900390625,1467.9097900390625,860.4853515625,-607.4244384765625,7.124786952115328
273750.0,1695.20751953125,1695.20751953125,901.990966796875,-793.216552734375,7.125766474219859
274000.0,2450.87548828125,2450.87548828125,908.1649169921875,-1542.7105712890625,7.126553033368459
274250.0,2262.692626953125,2262.692626953125,870.7254638671875,-1391.9671630859375,7.126923622851854
274500.0,1939.81494140625,1939.81494140625,908.5564575195312,-1031.2584838867188,7.127687482575479
274750.0,3007.44384765625,3007.44384765625,910.735107421875,-2096.708740234375,7.128624556814441
275000.0,1135.5189208984375,1135.5189208984375,838.634033203125,-296.8848876953125,7.129499408132392
275250.0,2448.30078125,2448.30078125,936.6411743164062,-1511.6596069335938,7.130396364019439
275500.0,358.0590515136719,358.0590515136719,885.930908203125,527.8718566894531,7.131355703687752
275750.0,2806.55810546875,2806.55810546875,894.902587890625,-1911.655517578125,7.1322290749576185
276000.0,2040.8572998046875,2040.8572998046875,936.688232421875,-1104.1690673828125,7.133209708046446
276250.0,1468.732666015625,1468.732666015625,912.17333984375,-556.559326171875,7.134216418407044
276500.0,1441.1212158203125,1441.1212158203125,930.9505615234375,-510.170654296875,7.135160785083641
276750.0,1271.3868408203125,1271.3868408203125,906.1674194335938,-365.21942138671875,7.136069736417422
277000.0,2227.60791015625,2227.60791015625,893.6834716796875,-1333.9244384765625,7.13696527967441
277250.0,1631.31298828125,1631.31298828125,911.6458129882812,-719.6671752929688,7.137846384851449
277500.0,1806.43798828125,1806.43798828125,801.1456298828125,-1005.2923583984375,7.13884298003008
277750.0,1196.6971435546875,1196.6971435546875,920.8057861328125,-275.891357421875,7.139901668676379
278000.0,1540.421875,1540.421875,890.27197265625,-650.14990234375,7.140886915018427
278250.0,2696.39453125,2696.39453125,919.6298217773438,-1776.7647094726562,7.141801909381856
278500.0,2100.720458984375,2100.720458984375,946.0758666992188,-1154.6445922851562,7.142637311497379
278750.0,30.307226181030273,30.307226181030273,925.619384765625,895.3121585845947,7.143464929396869
279000.0,1389.14306640625,1389.14306640625,877.209716796875,-511.933349609375,7.143631368807173
279250.0,1816.1363525390625,1816.1363525390625,918.3369140625,-897.7994384765625,7.144311358899317
279500.0,1331.9088134765625,1331.9088134765625,937.7933349609375,-394.115478515625,7.144973751346907
279750.0,1665.72900390625,1665.72900390625,881.6387939453125,-784.0902099609375,7.145626553139
280000.0,3267.25341796875,3267.25341796875,897.3397827148438,-2369.9136352539062,7.113069893685862
280250.0,1629.0284423828125,1629.0284423828125,924.2919921875,-704.7364501953125,7.113476547615241
280500.0,177.21340942382812,177.21340942382812,873.650390625,696.4369812011719,7.114146764914098
280750.0,2943.0029296875,2943.0029296875,870.3779907226562,-2072.6249389648438,7.114678970191254
281000.0,1718.916748046875,1718.916748046875,916.2456665039062,-802.6710815429688,7.1153532706784715
281250.0,3759.094970703125,3759.094970703125,901.78076171875,-2857.314208984375,7.115942963656068
281500.0,1468.5228271484375,1468.5228271484375,896.843994140625,-571.6788330078125,7.116592982577288
281750.0,2557.569091796875,2557.569091796875,893.575439453125,-1663.99365234375,7.11724141139738
282000.0,2026.6790771484375,2026.6790771484375,892.2564697265625,-1134.422607421875,7.117882194402371
282250.0,1357.47607421875,1357.47607421875,933.7012329101562,-423.77484130859375,7.118563986739115
282500.0,948.13427734375,948.13427734375,931.7015380859375,-16.4327392578125,7.119340399099501
282750.0,2775.705810546875,2775.705810546875,925.19189453125,-1850.513916015625,7.120107167611233
283000.0,1991.4940185546875,1991.4940185546875,890.01220703125,-1101.4818115234375,7.120859133629971
283250.0,2332.60302734375,2332.60302734375,943.235107421875,-1389.367919921875,7.121537929416428
283500.0,2667.5458984375,2667.5458984375,901.8504028320312,-1765.6954956054688,7.122524867542088
283750.0,2646.97314453125,2646.97314453125,912.991455078125,-1733.981689453125,7.123291360127201
284000.0,2359.56640625,2359.56640625,950.4447021484375,-1409.1217041015625,7.123212210091376
284250.0,2124.371337890625,2124.371337890625,936.66796875,-1187.703369140625,7.123716316737141
284500.0,1697.712158203125,1697.712158203125,906.515625,-791.196533203125,7.124524436669581
284750.0,2405.64599609375,2405.64599609375,874.7617797851562,-1530.8842163085938,7.125263739704881
285000.0,182.48348999023438,182.48348999023438,911.1082763671875,728.6247863769531,7.126059530320042
285250.0,1524.4293212890625,1524.4293212890625,887.838134765625,-636.5911865234375,7.126838697332827
285500.0,1850.028076171875,1850.028076171875,886.8533325195312,-963.1747436523438,7.127634621787563
285750.0,2305.77001953125,2305.77001953125,894.07958984375,-1411.6904296875,7.128453565488091
286000.0,2296.34033203125,2296.34033203125,890.206298828125,-1406.134033203125,7.129234746090581
286250.0,2515.156982421875,2515.156982421875,939.1875,-1575.969482421875,7.1300114935654255
286500.0,65.79703521728516,65.79703521728516,935.10693359375,869.3098983764648,7.130812593243626
286750.0,2336.323974609375,2336.323974609375,753.0858154296875,-1583.2381591796875,7.1316037169215925
287000.0,1627.2388916015625,1627.2388916015625,937.9830322265625,-689.255859375,7.132392639173709
287250.0,1798.095458984375,1798.095458984375,913.4545288085938,-884.6409301757812,7.133104316543574
287500.0,800.7008056640625,800.7008056640625,923.2825317382812,122.58172607421875,7.133638209226286
287750.0,1862.940673828125,1862.940673828125,912.17041015625,-950.770263671875,7.134410491868639
288000.0,2150.7314453125,2150.7314453125,916.2275390625,-1234.50390625,7.135103529022749
288250.0,281.62945556640625,281.62945556640625,940.7590942382812,659.129638671875,7.135878001297457
288500.0,2451.6083984375,2451.6083984375,912.5570068359375,-1539.0513916015625,7.136573628672691
288750.0,1947.5496826171875,1947.5496826171875,924.0789184570312,-1023.4707641601562,7.137369734380996
289000.0,1645.3660888671875,1645.3660888671875,884.2703247070312,-761.0957641601562,7.138105084340633
289250.0,1800.081298828125,1800.081298828125,833.6329956054688,-966.4483032226562,7.138888641238181
289500.0,3176.148681640625,3176.148681640625,921.7078857421875,-2254.4407958984375,7.139683889414594
289750.0,2840.640380859375,2840.640380859375,827.084716796875,-2013.5556640625,7.140436685285189
290000.0,1276.1688232421875,1276.1688232421875,892.0474243164062,-384.12139892578125,7.10962642961697
290250.0,1413.07080078125,1413.07080078125,914.8626708984375,-498.2081298828125,7.110344051653749
290500.0,1513.2562255859375,1513.2562255859375,915.9022827148438,-597.3539428710938,7.111154721707775
290750.0,2065.9208984375,2065.9208984375,889.4032592773438,-1176.5176391601562,7.111858760820812
291000.0,2383.60205078125,2383.60205078125,919.7968139648438,-1463.8052368164062,7.112593064437999
291250.0,350.767578125,350.767578125,917.4946899414062,566.7271118164062,7.11330144402547
291500.0,2413.84619140625,2413.84619140625,912.0047607421875,-1501.8414306640625,7.114123684370283
291750.0,1643.15966796875,1643.15966796875,918.716552734375,-724.443115234375,7.114882488509936
292000.0,2939.30419921875,2939.30419921875,928.259521484375,-2011.044677734375,7.1156573162770895
292250.0,2084.9423828125,2084.9423828125,872.9371337890625,-1212.0052490234375,7.116365747947694
292500.0,955.4750366210938,955.4750366210938,868.3128662109375,-87.16217041015625,7.117010110179467
292750.0,610.195556640625,610.195556640625,906.404296875,296.208740234375,7.117754651409196
293000.0,1402.677734375,1402.677734375,936.9935302734375,-465.6842041015625,7.118424955987295
293250.0,273.94732666015625,273.94732666015625,931.405029296875,657.4577026367188,7.119171195528437
293500.0,1661.721435546875,1661.721435546875,947.2734375,-714.447998046875,7.119891171267401
293750.0,2333.822265625,2333.822265625,919.0385131835938,-1414.7837524414062,7.120585109996843
294000.0,488.17999267578125,488.17999267578125,950.97900390625,462.79901123046875,7.121351711004056
294250.0,678.708740234375,678.708740234375,918.7574462890625,240.0487060546875,7.122102278071021
294500.0,2291.673828125,2291.673828125,918.2750854492188,-1373.3987426757812,7.122691668415414
294750.0,1302.4429931640625,1302.4429931640625,927.3944091796875,-375.048583984375,7.12344141241301
295000.0,1918.103759765625,1918.103759765625,917.396728515625,-1000.70703125,7.124177043930382
295250.0,2931.000244140625,2931.000244140625,920.3048706054688,-2010.6953735351562,7.124928549938487
295500.0,2683.72314453125,2683.72314453125,938.3215942382812,-1745.4015502929688,7.1256505916093476
295750.0,1670.5408935546875,1670.5408935546875,901.9776000976562,-768.5632934570312,7.1263878042577335
296000.0,2168.798095703125,2168.798095703125,938.1353759765625,-1230.6627197265625,7.1270155713377425
296250.0,1559.2076416015625,1559.2076416015625,915.37939453125,-643.8282470703125,7.127736356397745
296500.0,2485.2880859375,2485.2880859375,936.9744873046875,-1548.3135986328125,7.12855715555722
296750.0,380.534912109375,380.534912109375,932.7325439453125,552.1976318359375,7.129384954247682
297000.0,901.8977661132812,901.8977661132812,923.8419189453125,21.94415283203125,7.130077344106657
297250.0,2935.46142578125,2935.46142578125,952.25,-1983.21142578125,7.130799458036485
297500.0,3035.70947265625,3035.70947265625,943.781494140625,-2091.927978515625,7.131509458482285
297750.0,2322.21533203125,2322.21533203125,918.018798828125,-1404.196533203125,7.13223518246765
298000.0,489.99566650390625,489.99566650390625,938.4873657226562,448.49169921875,7.132823291321483
298250.0,1287.140380859375,1287.140380859375,935.8140869140625,-351.3262939453125,7.133494932863964
298500.0,2115.16357421875,2115.16357421875,944.2969970703125,-1170.8665771484375,7.134215834127479
298750.0,1821.4132080078125,1821.4132080078125,941.044921875,-880.3682861328125,7.134948691342903
299000.0,2077.95263671875,2077.95263671875,957.58837890625,-1120.3642578125,7.135667214599728
299250.0,2454.28369140625,2454.28369140625,922.1143188476562,-1532.1693725585938,7.13631061277407
299500.0,1913.15380859375,1913.15380859375,930.953125,-982.20068359375,7.137052568291795
299750.0,2191.5380859375,2191.5380859375,931.5809936523438,-1259.9570922851562,7.137828848889514
300000.0,1734.7186279296875,1734.7186279296875,905.655517578125,-829.0631103515625,7.108315275605284
300250.0,2261.53173828125,2261.53173828125,922.298583984375,-1339.233154296875,7.10911782970396
300500.0,2388.01318359375,2388.01318359375,919.771728515625,-1468.241455078125,7.1099199250930045
300750.0,1474.8460693359375,1474.8460693359375,909.5191650390625,-565.326904296875,7.110586406558735
301000.0,1173.30029296875,1173.30029296875,795.614990234375,-377.685302734375,7.111334732089984
301250.0,315.1143493652344,315.1143493652344,940.5276489257812,625.4132995605469,7.112097700260775
301500.0,2438.95703125,2438.95703125,942.11572265625,-1496.84130859375,7.112823894656401
301750.0,1613.8160400390625,1613.8160400390625,899.69091796875,-714.1251220703125,7.113603665438251
302000.0,2165.6591796875,2165.6591796875,936.8323364257812,-1228.8268432617188,7.114388729174897
302250.0,1378.85546875,1378.85546875,945.97802734375,-432.87744140625,7.115097571027287
302500.0,2801.83837890625,2801.83837890625,861.4473876953125,-1940.3909912109375,7.11594268252288
302750.0,1207.4647216796875,1207.4647216796875,736.1414184570312,-471.32330322265625,7.116701883265693
303000.0,1935.8597412109375,1935.8597412109375,925.96337890625,-1009.8963623046875,7.117536558693555
303250.0,2096.952880859375,2096.952880859375,933.6354370117188,-1163.3174438476562,7.11830306761347
303500.0,2291.6953125,2291.6953125,702.914794921875,-1588.780517578125,7.119217496277595
303750.0,1565.30810546875,1565.30810546875,906.9939575195312,-658.3141479492188,7.120128036079376
304000.0,2037.7965087890625,2037.7965087890625,870.2578735351562,-1167.5386352539062,7.1210142950085675
304250.0,204.9346466064453,204.9346466064453,649.7699584960938,444.83531188964844,7.121873331759871
304500.0,2260.310302734375,2260.310302734375,932.8218383789062,-1327.4884643554688,7.122643894410633
304750.0,2821.31787109375,2821.31787109375,927.424560546875,-1893.893310546875,7.123531018298428
305000.0,3057.71728515625,3057.71728515625,945.322265625,-2112.39501953125,7.12441417992325
305250.0,2470.0966796875,2470.0966796875,947.7977905273438,-1522.2988891601562,7.124986988495477
305500.0,3017.200439453125,3017.200439453125,935.0865478515625,-2082.1138916015625,7.125713564133726
305750.0,241.005859375,241.005859375,916.3427734375,675.3369140625,7.126534422445193
306000.0,1761.067626953125,1761.067626953125,915.0433349609375,-846.0242919921875,7.127263091461841
306250.0,1784.2579345703125,1784.2579345703125,909.5469360351562,-874.7109985351562,7.128066521193827
306500.0,1204.7646484375,1204.7646484375,936.198486328125,-268.566162109375,7.128789484956327
306750.0,641.8154296875,641.8154296875,875.5970458984375,233.7816162109375,7.129475044071253
307000.0,2792.585205078125,2792.585205078125,919.152099609375,-1873.43310546875,7.130214937419603
307250.0,370.8134765625,370.8134765625,912.7933349609375,541.9798583984375,7.130908451170158
307500.0,2371.395263671875,2371.395263671875,947.0386962890625,-1424.3565673828125,7.131665462135476
307750.0,1125.165283203125,1125.165283203125,944.781005859375,-180.38427734375,7.13239245826644
308000.0,1627.57958984375,1627.57958984375,936.8802490234375,-690.6993408203125,7.133001381823924
308250.0,2297.396240234375,2297.396240234375,947.790771484375,-1349.60546875,7.1337819452462075
308500.0,2942.75732421875,2942.75732421875,948.6964111328125,-1994.0609130859375,7.134421896147514
308750.0,2696.715576171875,2696.715576171875,939.3096313476562,-1757.4059448242188,7.135120408749964
309000.0,3045.511474609375,3045.511474609375,945.482177734375,-2100.029296875,7.135802381919049
309250.0,1827.98876953125,1827.98876953125,935.11669921875,-892.8720703125,7.136440972873456
309500.0,2051.32763671875,2051.32763671875,925.1451416015625,-1126.1824951171875,7.137176951980702
309750.0,2284.237548828125,2284.237548828125,923.2098388671875,-1361.0277099609375,7.137836524132092
310000.0,1320.8914794921875,1320.8914794921875,925.3614501953125,-395.530029296875,7.109217321653564
310250.0,1621.4345703125,1621.4345703125,922.3515625,-699.0830078125,7.109927966796423
310500.0,1010.1526489257812,1010.1526489257812,915.3074340820312,-94.84521484375,7.110562171913287
310750.0,2066.59619140625,2066.59619140625,956.307861328125,-1110.288330078125,7.111364660385443
311000.0,1916.35302734375,1916.35302734375,925.1630859375,-991.18994140625,7.1121026127035085
311250.0,1873.105712890625,1873.105712890625,930.2135009765625,-942.8922119140625,7.112836596898076
311500.0,2713.4990234375,2713.4990234375,944.001220703125,-1769.497802734375,7.1135650231301355
311750.0,78.6568832397461,78.6568832397461,924.51025390625,845.8533706665039,7.11421613490559
312000.0,1180.5406494140625,1180.5406494140625,898.4860229492188,-282.05462646484375,7.1148764462918965
312250.0,2416.13330078125,2416.13330078125,921.150390625,-1494.98291015625,7.11564195071109
312500.0,2960.442138671875,2960.442138671875,921.6805419921875,-2038.7615966796875,7.1163745009932455
312750.0,1757.645751953125,1757.645751953125,950.0248413085938,-807.6209106445312,7.117098627813242
313000.0,515.2703247070312,515.2703247070312,882.2181396484375,366.94781494140625,7.1179207257288075
313250.0,2924.806884765625,2924.806884765625,944.3512573242188,-1980.4556274414062,7.118657077749664
313500.0,2492.365234375,2492.365234375,937.3218383789062,-1555.0433959960938,7.119488694470954
313750.0,3163.27392578125,3163.27392578125,939.8980712890625,-2223.3758544921875,7.120193491325305
314000.0,2855.028076171875,2855.028076171875,940.7137451171875,-1914.3143310546875,7.120947177446951
314250.0,1022.9134521484375,1022.9134521484375,914.7544555664062,-108.15899658203125,7.1216866846589495
314500.0,2155.58447265625,2155.58447265625,945.587890625,-1209.99658203125,7.122446637605389
314750.0,2850.371826171875,2850.371826171875,917.1283569335938,-1933.2434692382812,7.123013225902214
315000.0,1560.1776123046875,1560.1776123046875,937.914794921875,-622.2628173828125,7.123733562018956
315250.0,2570.8583984375,2570.8583984375,943.732421875,-1627.1259765625,7.1244457740639655
315500.0,1840.8751220703125,1840.8751220703125,944.4411010742188,-896.4340209960938,7.125115587971775
315750.0,2179.830078125,2179.830078125,896.4382934570312,-1283.3917846679688,7.125841652752518
316000.0,1989.22265625,1989.22265625,821.3419799804688,-1167.8806762695312,7.126611606438122
316250.0,2159.693359375,2159.693359375,950.5016479492188,-1209.1917114257812,7.127266985294621
316500.0,1139.5350341796875,1139.5350341796875,952.897705078125,-186.6373291015625,7.127920089837107
316750.0,3451.930908203125,3451.930908203125,948.16943359375,-2503.761474609375,7.128678989011286
317000.0,880.6284790039062,880.6284790039062,863.8297729492188,-16.7987060546875,7.129369989132848
317250.0,1476.945556640625,1476.945556640625,966.55908203125,-510.386474609375,7.13012018764041
317500.0,2618.921875,2618.921875,959.3301391601562,-1659.5917358398438,7.130833479300007
317750.0,106.36407470703125,106.36407470703125,948.0618896484375,841.6978149414062,7.131536446957656
318000.0,2488.82421875,2488.82421875,896.6375732421875,-1592.1866455078125,7.132269468300913
318250.0,2678.634033203125,2678.634033203125,946.0435180664062,-1732.5905151367188,7.132764783204745
318500.0,3187.987548828125,3187.987548828125,925.9080810546875,-2262.0794677734375,7.13318005321474
318750.0,2884.09521484375,2884.09521484375,919.47412109375,-1964.62109375,7.133907298777513
319000.0,2671.18017578125,2671.18017578125,889.75634765625,-1781.423828125,7.134544171679959
319250.0,1742.633056640625,1742.633056640625,944.17041015625,-798.462646484375,7.135259856172122
319500.0,3234.51953125,3234.51953125,929.6849975585938,-2304.8345336914062,7.135914123663297
319750.0,2464.4560546875,2464.4560546875,949.5401000976562,-1514.9159545898438,7.136654565307004
320000.0,1099.5089111328125,1099.5089111328125,952.13671875,-147.3721923828125,7.109092836971116
320250.0,2863.5,2863.5,942.6001586914062,-1920.8998413085938,7.1099317055386155
320500.0,1083.477294921875,1083.477294921875,904.7271728515625,-178.7501220703125,7.110513699234745
320750.0,1188.4302978515625,1188.4302978515625,941.0804443359375,-247.349853515625,7.111272786318854
321000.0,2285.524169921875,2285.524169921875,964.52197265625,-1321.002197265625,7.111999008728518
321250.0,3087.29345703125,3087.29345703125,961.245361328125,-2126.048095703125,7.112595621777802
321500.0,1858.4832763671875,1858.4832763671875,956.2332763671875,-902.25,7.113360078423293
321750.0,2327.59326171875,2327.59326171875,940.882080078125,-1386.711181640625,7.114030828575107
322000.0,1697.299072265625,1697.299072265625,939.6092529296875,-757.6898193359375,7.114845647968386
322250.0,1990.4365234375,1990.4365234375,942.6937866210938,-1047.7427368164062,7.115685139334647
322500.0,2213.313232421875,2213.313232421875,961.25244140625,-1252.060791015625,7.116494037836289
322750.0,2078.310546875,2078.310546875,924.7662963867188,-1153.5442504882812,7.117230710755129
323000.0,2931.01123046875,2931.01123046875,955.7520751953125,-1975.2591552734375,7.117989787699573
323250.0,2360.8876953125,2360.8876953125,898.242431640625,-1462.645263671875,7.118850913147056
323500.0,1886.278076171875,1886.278076171875,922.4647216796875,-963.8133544921875,7.119699561161797
323750.0,3951.38427734375,3951.38427734375,947.9669189453125,-3003.4173583984375,7.120524792589671
324000.0,1669.667236328125,1669.667236328125,943.2880249023438,-726.3792114257812,7.12120505041603
324250.0,1850.5552978515625,1850.5552978515625,960.598876953125,-889.9564208984375,7.122072876660794
324500.0,1874.9100341796875,1874.9100341796875,943.2105712890625,-931.699462890625,7.122953378452724
324750.0,2226.94677734375,2226.94677734375,924.6051025390625,-1302.3416748046875,7.123775716901519
325000.0,2112.08642578125,2112.08642578125,905.8094482421875,-1206.2769775390625,7.124585350395659
325250.0,3116.43701171875,3116.43701171875,937.3577880859375,-2179.0792236328125,7.125462597382579
325500.0,1162.1466064453125,1162.1466064453125,939.7381591796875,-222.408447265625,7.126331121732607
325750.0,1433.0667724609375,1433.0667724609375,933.0183715820312,-500.04840087890625,7.1271763616397275
326000.0,2495.730712890625,2495.730712890625,822.0357666015625,-1673.6949462890625,7.127962086643376
326250.0,2300.88134765625,2300.88134765625,924.80322265625,-1376.078125,7.12878258096331
326500.0,1898.787841796875,1898.787841796875,929.2564697265625,-969.5313720703125,7.129607347211153
326750.0,1476.715576171875,1476.715576171875,950.676513671875,-526.0390625,7.130416593022566
327000.0,903.4031982421875,903.4031982421875,939.28173828125,35.8785400390625,7.131226380911422
327250.0,873.95751953125,873.95751953125,944.162109375,70.20458984375,7.132042485042145
327500.0,2996.88037109375,2996.88037109375,936.1118774414062,-2060.7684936523438,7.132750871735921
327750.0,807.078857421875,807.078857421875,905.5009155273438,98.42205810546875,7.133633394586364
328000.0,1790.9844970703125,1790.9844970703125,764.2484741210938,-1026.7360229492188,7.134284632652549
328250.0,790.9973754882812,790.9973754882812,948.88818359375,157.89080810546875,7.134803161706719
328500.0,191.4164581298828,191.4164581298828,963.3660888671875,771.9496307373047,7.1355508200771816
328750.0,2697.19384765625,2697.19384765625,930.6678466796875,-1766.5260009765625,7.136274127726344
329000.0,2033.00341796875,2033.00341796875,923.2333984375,-1109.77001953125,7.137019278879458
329250.0,2849.10986328125,2849.10986328125,953.17138671875,-1895.9384765625,7.13776315636536
329500.0,1736.680419921875,1736.680419921875,944.1973266601562,-792.4830932617188,7.138413597608937
329750.0,1382.1728515625,1382.1728515625,927.3759155273438,-454.79693603515625,7.139083402404413
330000.0,2689.2080078125,2689.2080078125,913.460693359375,-1775.747314453125,7.112695888536185
330250.0,1682.56103515625,1682.56103515625,919.25634765625,-763.3046875,7.11340478377443
330500.0,1837.8739013671875,1837.8739013671875,932.64697265625,-905.2269287109375,7.11399749196746
330750.0,2941.661865234375,2941.661865234375,937.196533203125,-2004.46533203125,7.1146723668063885
331000.0,3414.44482421875,3414.44482421875,935.117919921875,-2479.326904296875,7.115322085438725
331250.0,3016.34716796875,3016.34716796875,937.1856079101562,-2079.1615600585938,7.1159766350045555
331500.0,304.356201171875,304.356201171875,911.3905639648438,607.0343627929688,7.116622452279755
331750.0,1635.9576416015625,1635.9576416015625,932.271484375,-703.6861572265625,7.1173816195560855
332000.0,226.10997009277344,226.10997009277344,951.23779296875,725.1278228759766,7.118115486405915
332250.0,1662.7364501953125,1662.7364501953125,940.3917236328125,-722.3447265625,7.118676675556715
332500.0,1363.7691650390625,1363.7691650390625,942.92333984375,-420.8458251953125,7.11937659366533
332750.0,1990.8670654296875,1990.8670654296875,945.262451171875,-1045.6046142578125,7.1201160478037515
333000.0,3195.651611328125,3195.651611328125,953.8623046875,-2241.789306640625,7.120818190870592
333250.0,2217.34228515625,2217.34228515625,948.4910888671875,-1268.8511962890625,7.121551766782807
333500.0,751.905517578125,751.905517578125,906.9878540039062,155.08233642578125,7.122193354365525
333750.0,1510.946533203125,1510.946533203125,963.6072998046875,-547.3392333984375,7.122828214426578
334000.0,2420.72314453125,2420.72314453125,937.2353515625,-1483.48779296875,7.123518548902905
334250.0,1029.2198486328125,1029.2198486328125,958.2589111328125,-70.9609375,7.124253403809447
334500.0,927.6832885742188,927.6832885742188,930.6738891601562,2.9906005859375,7.12497817238993
334750.0,1928.0260009765625,1928.0260009765625,917.8320922851562,-1010.1939086914062,7.125705142133842
335000.0,2021.33740234375,2021.33740234375,948.3944091796875,-1072.9429931640625,7.126428825393213
335250.0,2737.34619140625,2737.34619140625,952.8720703125,-1784.47412109375,7.1269738979187345
335500.0,813.9048461914062,813.9048461914062,623.0736083984375,-190.83123779296875,7.127622630633547
335750.0,1749.23291015625,1749.23291015625,956.206787109375,-793.026123046875,7.128307222782038
336000.0,456.83233642578125,456.83233642578125,949.1968994140625,492.36456298828125,7.129015890609281
336250.0,2031.3009033203125,2031.3009033203125,929.3280029296875,-1101.972900390625,7.129566545009108
336500.0,553.9205932617188,553.9205932617188,940.6005859375,386.67999267578125,7.130183293157593
336750.0,2365.00830078125,2365.00830078125,943.9021606445312,-1421.1061401367188,7.1308100380181
337000.0,1518.2021484375,1518.2021484375,966.085693359375,-552.116455078125,7.131478846182732
337250.0,1849.552490234375,1849.552490234375,957.17626953125,-892.376220703125,7.131918623303963
337500.0,2671.26611328125,2671.26611328125,945.1075439453125,-1726.1585693359375,7.132242094110821
337750.0,2196.375732421875,2196.375732421875,940.162109375,-1256.213623046875,7.132394288873986
338000.0,373.2506103515625,373.2506103515625,930.2205810546875,556.969970703125,7.132469475772375
338250.0,1299.2635498046875,1299.2635498046875,948.0050048828125,-351.258544921875,7.132398846359906
338500.0,119.39857482910156,119.39857482910156,961.5084228515625,842.1098480224609,7.132081467112901
338750.0,2110.9013671875,2110.9013671875,950.340087890625,-1160.561279296875,7.131658360467089
339000.0,612.3761596679688,612.3761596679688,922.4854736328125,310.10931396484375,7.131330222072881
339250.0,1969.8516845703125,1969.8516845703125,911.896728515625,-1057.9549560546875,7.131003431466743
339500.0,2269.9931640625,2269.9931640625,933.0244750976562,-1336.9686889648438,7.130773680062116
339750.0,2515.567626953125,2515.567626953125,948.9910888671875,-1566.5765380859375,7.1304578724351675
340000.0,2091.51123046875,2091.51123046875,938.5232543945312,-1152.9879760742188,7.097897986793786
340250.0,2318.202880859375,2318.202880859375,948.3826904296875,-1369.8201904296875,7.097534753213985
340500.0,2541.474609375,2541.474609375,933.9798583984375,-1607.4947509765625,7.097145764090386
340750.0,3705.4541015625,3705.4541015625,949.193359375,-2756.2607421875,7.096843298039924
341000.0,2543.36279296875,2543.36279296875,901.1083984375,-1642.25439453125,7.096524213779359
341250.0,2503.02001953125,2503.02001953125,971.3484497070312,-1531.6715698242188,7.0962622956130295
341500.0,3014.16015625,3014.16015625,945.93359375,-2068.2265625,7.096005707710614
341750.0,1189.625732421875,1189.625732421875,968.5391235351562,-221.08660888671875,7.095748095725917
342000.0,790.2938842773438,790.2938842773438,957.2902221679688,166.996337890625,7.0952982357986745
342250.0,1907.145751953125,1907.145751953125,970.6385498046875,-936.5072021484375,7.094967774943974
342500.0,2331.9140625,2331.9140625,954.9344482421875,-1376.9796142578125,7.094678350755323
342750.0,1542.3155517578125,1542.3155517578125,922.623779296875,-619.6917724609375,7.094321775514297
343000.0,1805.513427734375,1805.513427734375,868.8365478515625,-936.6768798828125,7.093971088583105
343250.0,2907.8115234375,2907.8115234375,949.6897583007812,-1958.1217651367188,7.09359031053002
343500.0,3164.06689453125,3164.06689453125,946.3262329101562,-2217.7406616210938,7.093278878173681
343750.0,968.6175537109375,968.6175537109375,899.75146484375,-68.8660888671875,7.093245256410216
344000.0,1793.081298828125,1793.081298828125,929.889404296875,-863.19189453125,7.093244404165047
344250.0,835.3154296875,835.3154296875,944.8358764648438,109.52044677734375,7.093335987421949
344500.0,2054.66357421875,2054.66357421875,951.733154296875,-1102.930419921875,7.093553319019305
344750.0,496.5815734863281,496.5815734863281,785.0125732421875,288.4309997558594,7.093708101878102
345000.0,2011.257080078125,2011.257080078125,950.98828125,-1060.268798828125,7.093920260065336
345250.0,595.2601318359375,595.2601318359375,772.2615966796875,177.00146484375,7.09421206164225
345500.0,270.1932067871094,270.1932067871094,933.953125,663.7599182128906,7.094454873685314
345750.0,123.39999389648438,123.39999389648438,886.0765380859375,762.6765441894531,7.09459869821128
346000.0,179.846923828125,179.846923828125,911.6227416992188,731.7758178710938,7.094667534370697
346250.0,925.2102661132812,925.2102661132812,965.6260375976562,40.415771484375,7.094582467420423
346500.0,1792.1383056640625,1792.1383056640625,927.4171142578125,-864.72119140625,7.094659540142299
346750.0,1580.8887939453125,1580.8887939453125,956.70263671875,-624.1861572265625,7.0946625842947
347000.0,1126.85400390625,1126.85400390625,958.4892578125,-168.36474609375,7.094461812054884
347250.0,1355.135986328125,1355.135986328125,969.8858642578125,-385.2501220703125,7.09457519985937
347500.0,2717.62548828125,2717.62548828125,946.4176635742188,-1771.2078247070312,7.094725872635644
347750.0,2177.830810546875,2177.830810546875,966.7192993164062,-1211.1115112304688,7.095067265592497
348000.0,1250.499755859375,1250.499755859375,967.4181518554688,-283.08160400390625,7.095346647570854
348250.0,1700.130615234375,1700.130615234375,920.2766723632812,-779.8539428710938,7.095678369486213
348500.0,1865.864013671875,1865.864013671875,966.9373779296875,-898.9266357421875,7.096095988486922
348750.0,660.0410766601562,660.0410766601562,967.3583374023438,307.3172607421875,7.096539099762071
349000.0,728.3704223632812,728.3704223632812,959.0628051757812,230.6923828125,7.097027759372401
349250.0,380.2969970703125,380.2969970703125,966.5547485351562,586.2577514648438,7.097570200467098
349500.0,2029.954833984375,2029.954833984375,958.9671020507812,-1070.9877319335938,7.098113640764378
349750.0,613.7460327148438,613.7460327148438,970.2784423828125,356.53240966796875,7.0987464073332
350000.0,3513.258544921875,3513.258544921875,960.744384765625,-2552.51416015625,7.073972726574794
350250.0,994.5206909179688,994.5206909179688,924.8348388671875,-69.68585205078125,7.07485625404105
350500.0,2061.738525390625,2061.738525390625,949.1148071289062,-1112.6237182617188,7.075754392334093
350750.0,762.952880859375,762.952880859375,930.5347900390625,167.5819091796875,7.076616934546354
351000.0,1561.0933837890625,1561.0933837890625,960.833984375,-600.2593994140625,7.077519410172877
351250.0,2195.882568359375,2195.882568359375,963.801025390625,-1232.08154296875,7.0783776703758186
351500.0,1060.186279296875,1060.186279296875,946.4397583007812,-113.74652099609375,7.079241657329452
351750.0,1789.9766845703125,1789.9766845703125,967.0546875,-822.9219970703125,7.0801003105165945
352000.0,760.6268310546875,760.6268310546875,944.8756713867188,184.24884033203125,7.080937627818053
352250.0,945.5709228515625,945.5709228515625,961.263427734375,15.6925048828125,7.081796488295991
352500.0,2744.846435546875,2744.846435546875,963.4779052734375,-1781.3685302734375,7.082639076682987
352750.0,1033.5638427734375,1033.5638427734375,906.1390991210938,-127.42474365234375,7.08353152322123
353000.0,1212.73583984375,1212.73583984375,949.681884765625,-263.053955078125,7.084400311574529
353250.0,1855.323486328125,1855.323486328125,955.471435546875,-899.85205078125,7.084992419129888
353500.0,2603.20556640625,2603.20556640625,652.9996337890625,-1950.2059326171875,7.085610918722598
353750.0,1555.1328125,1555.1328125,955.22021484375,-599.91259765625,7.086252593185228
354000.0,3548.42529296875,3548.42529296875,907.097412109375,-2641.327880859375,7.086923674990184
354250.0,2663.329345703125,2663.329345703125,907.4881591796875,-1755.8411865234375,7.087630388426106
354500.0,840.2735595703125,840.2735595703125,962.3359985351562,122.06243896484375,7.088328398404376
354750.0,1517.701416015625,1517.701416015625,959.8756103515625,-557.8258056640625,7.089023180469931
355000.0,1694.7344970703125,1694.7344970703125,956.3707275390625,-738.36376953125,7.089692926458096
355250.0,930.8799438476562,930.8799438476562,955.761474609375,24.88153076171875,7.0903846550506495
355500.0,2695.4228515625,2695.4228515625,964.6472778320312,-1730.7755737304688,7.09106166656205
355750.0,2707.666015625,2707.666015625,921.3267822265625,-1786.3392333984375,7.091732349584145
356000.0,1292.1981201171875,1292.1981201171875,954.0504150390625,-338.147705078125,7.092412138751797
356250.0,1356.797607421875,1356.797607421875,968.3712158203125,-388.4263916015625,7.093030702296849
356500.0,2356.876220703125,2356.876220703125,934.7642211914062,-1422.1119995117188,7.093467247274645
356750.0,2009.9874267578125,2009.9874267578125,955.719482421875,-1054.2679443359375,7.094121428267499
357000.0,1483.8270263671875,1483.8270263671875,953.4517822265625,-530.375244140625,7.094799798614514
357250.0,1559.7005615234375,1559.7005615234375,952.8369140625,-606.8636474609375,7.095463544564346
357500.0,168.14341735839844,168.14341735839844,922.451171875,754.3077545166016,7.096134895625041
357750.0,621.464111328125,621.464111328125,808.68603515625,187.221923828125,7.096784561386044
358000.0,1905.015869140625,1905.015869140625,924.6334228515625,-980.3824462890625,7.0974596339117815
358250.0,269.6727294921875,269.6727294921875,932.499755859375,662.8270263671875,7.098112569334141
358500.0,3085.765625,3085.765625,912.357421875,-2173.408203125,7.098732102679505
358750.0,1731.1160888671875,1731.1160888671875,980.4869995117188,-750.6290893554688,7.099391261701153
359000.0,2828.703369140625,2828.703369140625,964.0970458984375,-1864.6063232421875,7.09996868842915
359250.0,1782.7974853515625,1782.7974853515625,954.8819580078125,-827.91552734375,7.10061520344989
359500.0,254.1939697265625,254.1939697265625,939.6390380859375,685.445068359375,7.101121152566999
359750.0,190.75987243652344,190.75987243652344,961.3214111328125,770.5615386962891,7.101702569044344
360000.0,593.9050903320312,593.9050903320312,945.773193359375,351.86810302734375,7.0775157949814895
360250.0,1737.45068359375,1737.45068359375,958.3236083984375,-779.1270751953125,7.07820641328251
360500.0,1435.929443359375,1435.929443359375,968.591796875,-467.337646484375,7.0787887760460215
360750.0,1827.8121337890625,1827.8121337890625,953.0199584960938,-874.7921752929688,7.079393098849573
361000.0,2819.005859375,2819.005859375,965.9755859375,-1853.0302734375,7.080032057816598
361250.0,643.9317626953125,643.9317626953125,915.9204711914062,271.98870849609375,7.080588833671889
361500.0,1548.795654296875,1548.795654296875,961.8011474609375,-586.9945068359375,7.081253227526635
361750.0,711.1188354492188,711.1188354492188,894.1357421875,183.01690673828125,7.081832827993195
362000.0,1324.345458984375,1324.345458984375,944.9759521484375,-379.3695068359375,7.0824403771430005
362250.0,2427.863037109375,2427.863037109375,767.99169921875,-1659.871337890625,7.083035474464621
362500.0,2652.0615234375,2652.0615234375,968.185791015625,-1683.875732421875,7.083694091457005
362750.0,2996.56982421875,2996.56982421875,940.9080810546875,-2055.6617431640625,7.084341789617504
363000.0,1264.822265625,1264.822265625,873.1782836914062,-391.64398193359375,7.084959648451149
363250.0,796.0994873046875,796.0994873046875,894.58251953125,98.4830322265625,7.085640760874166
363500.0,2226.477294921875,2226.477294921875,937.7900390625,-1288.687255859375,7.086321301854576
363750.0,2247.005126953125,2247.005126953125,952.0439453125,-1294.961181640625,7.086999762030792
364000.0,1784.165283203125,1784.165283203125,932.150390625,-852.014892578125,7.08766732506448
364250.0,1654.306640625,1654.306640625,914.78369140625,-739.52294921875,7.088325049929506
364500.0,1255.066650390625,1255.066650390625,884.3960571289062,-370.67059326171875,7.088851191232094
364750.0,2758.43798828125,2758.43798828125,958.9471435546875,-1799.4908447265625,7.089511920464271
365000.0,2515.93359375,2515.93359375,902.4500122070312,-1613.4835815429688,7.0901779115593895
365250.0,1179.5821533203125,1179.5821533203125,940.9520263671875,-238.630126953125,7.090729658030165
365500.0,3247.35107421875,3247.35107421875,946.0911254882812,-2301.2599487304688,7.09141568057984
365750.0,2107.800048828125,2107.800048828125,941.9746704101562,-1165.8253784179688,7.092090267045188
366000.0,465.3224792480469,465.3224792480469,928.441650390625,463.1191711425781,7.092725215802077
366250.0,3229.896728515625,3229.896728515625,935.7269287109375,-2294.1697998046875,7.093411926984767
366500.0,2570.517333984375,2570.517333984375,967.2047729492188,-1603.3125610351562,7.094065230601183
366750.0,2365.721435546875,2365.721435546875,968.4241943359375,-1397.2972412109375,7.094711359338187
367000.0,2193.53955078125,2193.53955078125,951.4134521484375,-1242.1260986328125,7.095387859716129
367250.0,3978.7744140625,3978.7744140625,962.1730346679688,-3016.6013793945312,7.095957705815493
367500.0,2641.480224609375,2641.480224609375,936.126220703125,-1705.35400390625,7.096614287134646
367750.0,1418.4267578125,1418.4267578125,971.5322875976562,-446.89447021484375,7.09717839467731
368000.0,2948.7255859375,2948.7255859375,945.2948608398438,-2003.4307250976562,7.097816062058894
368250.0,3581.3271484375,3581.3271484375,966.1612548828125,-2615.1658935546875,7.098495867570195
368500.0,1663.6239013671875,1663.6239013671875,951.572021484375,-712.0518798828125,7.09916532616011
368750.0,493.38653564453125,493.38653564453125,949.6841430664062,456.297607421875,7.099652496509508
369000.0,2149.595703125,2149.595703125,858.2197875976562,-1291.3759155273438,7.100237993244023
369250.0,1429.03857421875,1429.03857421875,968.91357421875,-460.125,7.100869662268006
369500.0,2822.6572265625,2822.6572265625,955.7081298828125,-1866.9490966796875,7.101496293734689
369750.0,2667.670166015625,2667.670166015625,955.118408203125,-1712.5517578125,7.102166302063419
370000.0,2015.3131103515625,2015.3131103515625,969.2532958984375,-1046.059814453125,7.078459266627058
370250.0,2657.79345703125,2657.79345703125,938.072998046875,-1719.720458984375,7.079147712306876
370500.0,3097.640380859375,3097.640380859375,952.080322265625,-2145.56005859375,7.079796803370946
370750.0,2552.15380859375,2552.15380859375,956.7410888671875,-1595.4127197265625,7.0803805246896605
371000.0,1706.875732421875,1706.875732421875,970.63525390625,-736.240478515625,7.081086355401943
371250.0,1373.77490234375,1373.77490234375,972.751220703125,-401.023681640625,7.0817819970504665
371500.0,1243.639404296875,1243.639404296875,962.247314453125,-281.39208984375,7.082356698310491
371750.0,2868.89794921875,2868.89794921875,962.2510986328125,-1906.6468505859375,7.0830049970015105
372000.0,3171.54931640625,3171.54931640625,947.4454345703125,-2224.1038818359375,7.083651620731855
372250.0,2093.32470703125,2093.32470703125,960.4696044921875,-1132.8551025390625,7.084272301788453
372500.0,1585.4364013671875,1585.4364013671875,913.581298828125,-671.8551025390625,7.084850515514868
372750.0,2548.859375,2548.859375,842.60595703125,-1706.25341796875,7.085517193179435
373000.0,2041.288330078125,2041.288330078125,951.71142578125,-1089.576904296875,7.086086755171854
373250.0,3052.53173828125,3052.53173828125,966.836181640625,-2085.695556640625,7.086747197465683
373500.0,77.66836547851562,77.66836547851562,973.6738891601562,896.0055236816406,7.087399485728477
373750.0,3002.663330078125,3002.663330078125,966.4744262695312,-2036.1889038085938,7.088118048540471
374000.0,1684.344482421875,1684.344482421875,967.456298828125,-716.88818359375,7.088814815983015
374250.0,1471.5616455078125,1471.5616455078125,966.4390869140625,-505.12255859375,7.089532071995838
374500.0,2513.264404296875,2513.264404296875,953.2801513671875,-1559.9842529296875,7.090288612050108
374750.0,2876.91943359375,2876.91943359375,949.211669921875,-1927.707763671875,7.090909344505717
375000.0,601.9729614257812,601.9729614257812,949.4852294921875,347.51226806640625,7.091625943007184
375250.0,3060.324951171875,3060.324951171875,963.2781982421875,-2097.0467529296875,7.092387585712766
375500.0,1368.6419677734375,1368.6419677734375,957.304931640625,-411.3370361328125,7.09305259085749
375750.0,2510.73974609375,2510.73974609375,959.4217529296875,-1551.3179931640625,7.093776549015742
376000.0,1834.0927734375,1834.0927734375,972.82373046875,-861.26904296875,7.094514873263967
376250.0,2405.7373046875,2405.7373046875,957.8089599609375,-1447.9283447265625,7.095246542977348
376500.0,1947.8055419921875,1947.8055419921875,968.9476928710938,-978.8578491210938,7.0959783162470105
376750.0,1725.724365234375,1725.724365234375,956.7255859375,-768.998779296875,7.0966864330489745
377000.0,1403.8143310546875,1403.8143310546875,952.586181640625,-451.2281494140625,7.097412011288621
377250.0,853.6741333007812,853.6741333007812,951.00390625,97.32977294921875,7.098150426585606
377500.0,2941.420654296875,2941.420654296875,970.2869873046875,-1971.1336669921875,7.098816892482652
377750.0,995.81298828125,995.81298828125,962.8870849609375,-32.9259033203125,7.099495252773644
378000.0,2847.6298828125,2847.6298828125,893.7240600585938,-1953.9058227539062,7.100202999469248
378250.0,2198.345947265625,2198.345947265625,969.1265869140625,-1229.2193603515625,7.100917978568421
378500.0,2536.013671875,2536.013671875,967.261474609375,-1568.752197265625,7.101425229569548
378750.0,2249.69775390625,2249.69775390625,972.004150390625,-1277.693603515625,7.101969633518233
379000.0,3119.0078125,3119.0078125,975.21630859375,-2143.79150390625,7.10261688666301
379250.0,2634.084716796875,2634.084716796875,963.67822265625,-1670.406494140625,7.103227286924861
379500.0,2428.40966796875,2428.40966796875,942.0528564453125,-1486.3568115234375,7.10386255440628
379750.0,2061.777099609375,2061.777099609375,953.7374877929688,-1108.0396118164062,7.104481950882289
380000.0,1476.1358642578125,1476.1358642578125,940.341064453125,-535.7947998046875,7.0813920512974615
380250.0,1389.3553466796875,1389.3553466796875,948.6256103515625,-440.729736328125,7.081866251168429
380500.0,1506.8597412109375,1506.8597412109375,975.1444091796875,-531.71533203125,7.082440254689558
380750.0,2055.42236328125,2055.42236328125,903.8818359375,-1151.54052734375,7.083039838871966
381000.0,2605.79833984375,2605.79833984375,968.6995239257812,-1637.0988159179688,7.08367420298424
381250.0,2787.844970703125,2787.844970703125,966.5094604492188,-1821.3355102539062,7.0843351254591616
381500.0,999.6575927734375,999.6575927734375,952.22119140625,-47.4364013671875,7.084994930942301
381750.0,2359.212890625,2359.212890625,978.8199462890625,-1380.3929443359375,7.085575811452947
382000.0,1261.4813232421875,1261.4813232421875,995.1651611328125,-266.316162109375,7.086160509555886
382250.0,2267.72998046875,2267.72998046875,978.4859619140625,-1289.2440185546875,7.086781795013413
382500.0,2507.389404296875,2507.389404296875,963.82373046875,-1543.565673828125,7.087384225907719
382750.0,1483.0572509765625,1483.0572509765625,974.93701171875,-508.1202392578125,7.087966414433126
383000.0,1020.836181640625,1020.836181640625,1003.91357421875,-16.922607421875,7.088558330892938
383250.0,2497.17333984375,2497.17333984375,945.9423828125,-1551.23095703125,7.0890655796687945
383500.0,1623.9398193359375,1623.9398193359375,989.06591796875,-634.8739013671875,7.089696524034313
383750.0,2735.466796875,2735.466796875,949.860107421875,-1785.606689453125,7.090356477904522
384000.0,1547.651123046875,1547.651123046875,968.4869995117188,-579.1641235351562,7.091026147802258
384250.0,2778.98193359375,2778.98193359375,994.8572387695312,-1784.1246948242188,7.091671929087981
384500.0,1343.1558837890625,1343.1558837890625,1005.6341552734375,-337.521728515625,7.092247357427052
384750.0,2433.553466796875,2433.553466796875,1011.583984375,-1421.969482421875,7.092876517332711
385000.0,2148.447265625,2148.447265625,934.1250610351562,-1214.3222045898438,7.09346007844923
385250.0,2501.196044921875,2501.196044921875,1001.7589721679688,-1499.4370727539062,7.094097091292076
385500.0,887.5890502929688,887.5890502929688,951.1215209960938,63.532470703125,7.094644665677916
385750.0,2133.100341796875,2133.100341796875,970.3694458007812,-1162.7308959960938,7.095263547683121
386000.0,2424.153076171875,2424.153076171875,973.477783203125,-1450.67529296875,7.0958058670771855
386250.0,1728.5302734375,1728.5302734375,962.7894287109375,-765.7408447265625,7.096427877326666
386500.0,2578.865234375,2578.865234375,994.7423095703125,-1584.1229248046875,7.097025082108827
386750.0,1974.9095458984375,1974.9095458984375,1042.887451171875,-932.0220947265625,7.0976400734217755
387000.0,2190.956787109375,2190.956787109375,945.9940185546875,-1244.9627685546875,7.09824381548614
387250.0,2495.062744140625,2495.062744140625,1029.98974609375,-1465.072998046875,7.098869544227204
387500.0,2695.89208984375,2695.89208984375,1057.85546875,-1638.03662109375,7.099435811212691
387750.0,2235.722900390625,2235.722900390625,1012.0667724609375,-1223.6561279296875,7.100083625640937
388000.0,2225.7216796875,2225.7216796875,1070.75146484375,-1154.97021484375,7.100643031913693
388250.0,2149.603515625,2149.603515625,1054.894287109375,-1094.709228515625,7.1012444863835675
388500.0,4130.15625,4130.15625,1070.837158203125,-3059.319091796875,7.101801794841734
388750.0,2870.444580078125,2870.444580078125,1053.876708984375,-1816.56787109375,7.102425735711251
389000.0,2819.748046875,2819.748046875,1068.5634765625,-1751.1845703125,7.102969553410783
389250.0,380.7430114746094,380.7430114746094,1050.572509765625,669.8294982910156,7.103601013091513
389500.0,3440.710693359375,3440.710693359375,1059.79443359375,-2380.916259765625,7.1042071877133175
389750.0,2985.709716796875,2985.709716796875,972.0904541015625,-2013.6192626953125,7.1048234585277195
390000.0,2169.578857421875,2169.578857421875,977.8784790039062,-1191.7003784179688,7.082406711460716
390250.0,2488.700439453125,2488.700439453125,1005.1800537109375,-1483.5203857421875,7.082882110913575
390500.0,1364.263427734375,1364.263427734375,981.4764404296875,-382.7869873046875,7.083414186017519
390750.0,1934.71923828125,1934.71923828125,1025.479736328125,-909.239501953125,7.083993060839077
391000.0,2209.823486328125,2209.823486328125,1124.141845703125,-1085.681640625,7.084565582814222
391250.0,1818.698974609375,1818.698974609375,1062.244140625,-756.454833984375,7.085158586508341
391500.0,1928.595947265625,1928.595947265625,1076.29443359375,-852.301513671875,7.085780937484611
391750.0,1892.6468505859375,1892.6468505859375,1000.027587890625,-892.6192626953125,7.086395643838159
392000.0,3101.244384765625,3101.244384765625,981.07666015625,-2120.167724609375,7.0870388060918375
392250.0,1483.552734375,1483.552734375,993.50244140625,-490.05029296875,7.08767620838129
392500.0,2422.616455078125,2422.616455078125,1021.1016845703125,-1401.5147705078125,7.0883338782634615
392750.0,2735.66015625,2735.66015625,1034.822021484375,-1700.838134765625,7.088943015095208
393000.0,2723.224853515625,2723.224853515625,1058.19140625,-1665.033447265625,7.08952829938304
393250.0,1951.0029296875,1951.0029296875,1011.6500244140625,-939.3529052734375,7.090115297914105
393500.0,2250.469482421875,2250.469482421875,1060.3074951171875,-1190.1619873046875,7.090715024758887
393750.0,1635.5203857421875,1635.5203857421875,1061.998779296875,-573.5216064453125,7.09112889805581
394000.0,2751.207275390625,2751.207275390625,901.470703125,-1849.736572265625,7.0916961819177455
394250.0,2521.840576171875,2521.840576171875,867.6785888671875,-1654.1619873046875,7.0923007414355625
394500.0,4068.455810546875,4068.455810546875,1061.9205322265625,-3006.5352783203125,7.092944615599449
394750.0,1387.136474609375,1387.136474609375,1041.615478515625,-345.52099609375,7.093575415338017
395000.0,2938.63232421875,2938.63232421875,1028.138427734375,-1910.493896484375,7.0942415520210185
395250.0,2661.065673828125,2661.065673828125,1090.267822265625,-1570.7978515625,7.094902973407213
395500.0,2527.421142578125,2527.421142578125,999.114501953125,-1528.306640625,7.095585971551156
395750.0,2730.76025390625,2730.76025390625,951.0040283203125,-1779.7562255859375,7.096202501955282
396000.0,101.28671264648438,101.28671264648438,1073.74658203125,972.4598693847656,7.096833945584585
396250.0,2165.293701171875,2165.293701171875,1051.0743408203125,-1114.2193603515625,7.097440818251107
396500.0,2249.6044921875,2249.6044921875,1046.2156982421875,-1203.3887939453125,7.09808922856741
396750.0,2183.53857421875,2183.53857421875,1065.060546875,-1118.47802734375,7.098764605301312
397000.0,2436.445556640625,2436.445556640625,1023.895751953125,-1412.5498046875,7.099450260366844
397250.0,343.30810546875,343.30810546875,1079.234619140625,735.926513671875,7.100162781299022
397500.0,2347.717041015625,2347.717041015625,1057.7093505859375,-1290.0076904296875,7.1008785372701135
397750.0,3001.6025390625,3001.6025390625,1001.37646484375,-2000.22607421875,7.101602035477014
398000.0,1420.2657470703125,1420.2657470703125,951.111572265625,-469.1541748046875,7.102284102357309
398250.0,2359.325927734375,2359.325927734375,1030.9560546875,-1328.369873046875,7.102938743319527
398500.0,2007.3826904296875,2007.3826904296875,1077.1038818359375,-930.27880859375,7.103534421727522
398750.0,2130.21630859375,2130.21630859375,1078.101806640625,-1052.114501953125,7.104169528469283
399000.0,3330.4052734375,3330.4052734375,1008.0491333007812,-2322.3561401367188,7.104834711934331
399250.0,2564.29443359375,2564.29443359375,1015.628662109375,-1548.665771484375,7.105502423585266
399500.0,2530.576171875,2530.576171875,1006.202880859375,-1524.373291015625,7.106156677217887
399750.0,2647.505615234375,2647.505615234375,1067.747314453125,-1579.75830078125,7.106839788197803
400000.0,2551.01025390625,2551.01025390625,1051.7215576171875,-1499.2886962890625,7.085617036112016
400250.0,3355.777587890625,3355.777587890625,959.8106689453125,-2395.9669189453125,7.0862952132208825
400500.0,2242.62548828125,2242.62548828125,1046.5501708984375,-1196.0753173828125,7.086973048489735
400750.0,2205.967529296875,2205.967529296875,975.8720703125,-1230.095458984375,7.087673567593345
401000.0,1890.1107177734375,1890.1107177734375,1012.861328125,-877.2493896484375,7.088397078045296
401250.0,2554.61669921875,2554.61669921875,1067.146728515625,-1487.469970703125,7.089120607339253
401500.0,465.711669921875,465.711669921875,1022.1400146484375,556.4283447265625,7.089567498477765
401750.0,1911.25,1911.25,1078.3055419921875,-832.9444580078125,7.090107106097085
402000.0,3527.22802734375,3527.22802734375,1041.0360107421875,-2486.1920166015625,7.09066346766102
402250.0,1855.9517822265625,1855.9517822265625,1047.564208984375,-808.3875732421875,7.091226145766702
402500.0,1976.1341552734375,1976.1341552734375,992.7122192382812,-983.4219360351562,7.091771889386224
402750.0,2623.2470703125,2623.2470703125,1021.886962890625,-1601.360107421875,7.092335045975173
403000.0,2030.3482666015625,2030.3482666015625,1095.118408203125,-935.2298583984375,7.092917969246399
403250.0,2683.27099609375,2683.27099609375,1064.9041748046875,-1618.3668212890625,7.093488948447902
403500.0,2958.1044921875,2958.1044921875,1026.8404541015625,-1931.2640380859375,7.0940998463069125
403750.0,2789.057861328125,2789.057861328125,1002.947265625,-1786.110595703125,7.094697183573643
404000.0,2999.9375,2999.9375,1040.8289794921875,-1959.1085205078125,7.095294295804935
404250.0,2854.029052734375,2854.029052734375,1075.310791015625,-1778.71826171875,7.095884206568435
404500.0,189.0327911376953,189.0327911376953,1085.6478271484375,896.6150360107422,7.096479579708037
404750.0,3195.75244140625,3195.75244140625,1065.6209716796875,-2130.1314697265625,7.096928890086355
405000.0,2150.056396484375,2150.056396484375,992.8600463867188,-1157.1963500976562,7.097492154306408
405250.0,4206.96533203125,4206.96533203125,1004.82861328125,-3202.13671875,7.098009901973225
405500.0,2323.536865234375,2323.536865234375,1007.2857666015625,-1316.2510986328125,7.098497639964149
405750.0,530.7782592773438,530.7782592773438,1012.9298095703125,482.15155029296875,7.099113934170885
406000.0,1327.9404296875,1327.9404296875,1050.056884765625,-277.883544921875,7.099628496918047
406250.0,3247.260986328125,3247.260986328125,982.71875,-2264.542236328125,7.100188955890391
406500.0,2449.4755859375,2449.4755859375,978.3870849609375,-1471.0885009765625,7.100755745501957
406750.0,2473.053466796875,2473.053466796875,1044.357666015625,-1428.69580078125,7.101376276665178
407000.0,2348.8583984375,2348.8583984375,1075.9168701171875,-1272.9415283203125,7.101976203770031
407250.0,4473.455078125,4473.455078125,1042.5330810546875,-3430.9219970703125,7.102490360770859
407500.0,2413.177490234375,2413.177490234375,1035.78759765625,-1377.389892578125,7.103085838681652
407750.0,1554.7821044921875,1554.7821044921875,1052.646240234375,-502.1358642578125,7.103668388179022
408000.0,2155.4462890625,2155.4462890625,971.5708618164062,-1183.8754272460938,7.1041656886881395
408250.0,2055.642333984375,2055.642333984375,1049.5001220703125,-1006.1422119140625,7.104774949091964
408500.0,3741.0205078125,3741.0205078125,1043.3187255859375,-2697.7017822265625,7.105337903923169
408750.0,2801.2333984375,2801.2333984375,1000.1834106445312,-1801.0499877929688,7.105957013918555
409000.0,1119.42626953125,1119.42626953125,937.4137573242188,-182.01251220703125,7.106587402091421
409250.0,1651.486328125,1651.486328125,1047.542236328125,-603.944091796875,7.10717991259719
409500.0,2281.4111328125,2281.4111328125,1044.3594970703125,-1237.0516357421875,7.107755140614045
409750.0,2328.8828125,2328.8828125,1031.5640869140625,-1297.3187255859375,7.108359468532848
410000.0,1819.6492919921875,1819.6492919921875,1030.6236572265625,-789.025634765625,7.086819828673329
410250.0,1474.21337890625,1474.21337890625,1034.665771484375,-439.547607421875,7.087371145360868
410500.0,2123.595458984375,2123.595458984375,1027.2099609375,-1096.385498046875,7.0879329997673395
410750.0,2494.494873046875,2494.494873046875,995.0478515625,-1499.447021484375,7.088529931346608
411000.0,1906.479736328125,1906.479736328125,1008.2401123046875,-898.2396240234375,7.089065998096177
411250.0,1982.432373046875,1982.432373046875,1030.23828125,-952.194091796875,7.089663210578212
411500.0,3156.310302734375,3156.310302734375,1039.51708984375,-2116.793212890625,7.090258156961891
411750.0,2366.251953125,2366.251953125,946.35107421875,-1419.90087890625,7.090852010895524
412000.0,2641.93408203125,2641.93408203125,1034.121337890625,-1607.812744140625,7.091383059394604
412250.0,1817.5577392578125,1817.5577392578125,1043.192138671875,-774.3656005859375,7.091991273059804
412500.0,2224.68603515625,2224.68603515625,1022.9847412109375,-1201.7012939453125,7.0925247462479595
412750.0,1587.8607177734375,1587.8607177734375,1024.8310546875,-563.0296630859375,7.093073895487838
413000.0,3115.36669921875,3115.36669921875,1022.2177734375,-2093.14892578125,7.09365596328597
413250.0,2626.787353515625,2626.787353515625,1044.9439697265625,-1581.8433837890625,7.094185242858287
413500.0,2000.676513671875,2000.676513671875,1012.96484375,-987.711669921875,7.094781392925745
413750.0,2440.63671875,2440.63671875,1016.3211669921875,-1424.3155517578125,7.0953443886136345
414000.0,2114.503173828125,2114.503173828125,1018.9951171875,-1095.508056640625,7.09589604504333
414250.0,2761.4833984375,2761.4833984375,1030.30712890625,-1731.17626953125,7.096485240250746
414500.0,3107.141845703125,3107.141845703125,1028.134033203125,-2079.0078125,7.097044561498804
414750.0,1525.1943359375,1525.1943359375,1025.838134765625,-499.356201171875,7.097634986532067
415000.0,2561.2734375,2561.2734375,1038.6207275390625,-1522.6527099609375,7.098215213511879
415250.0,1549.0155029296875,1549.0155029296875,990.466064453125,-558.5494384765625,7.098764476467546
415500.0,3307.21337890625,3307.21337890625,1003.7119140625,-2303.50146484375,7.099295759163089
415750.0,1804.9320068359375,1804.9320068359375,819.5859375,-985.3460693359375,7.099876650959643
416000.0,1567.3631591796875,1567.3631591796875,957.9976806640625,-609.365478515625,7.1004533982981535
416250.0,1747.3795166015625,1747.3795166015625,1039.334228515625,-708.0452880859375,7.101039915792654
416500.0,1681.7996826171875,1681.7996826171875,994.7548217773438,-687.0448608398438,7.10154398488095
416750.0,2544.24755859375,2544.24755859375,952.7772216796875,-1591.4703369140625,7.102120808824599
417000.0,2835.078125,2835.078125,1047.5294189453125,-1787.5487060546875,7.102667223477792
417250.0,1410.3907470703125,1410.3907470703125,1034.317626953125,-376.0731201171875,7.103256523196899
417500.0,1307.2823486328125,1307.2823486328125,994.2301025390625,-313.05224609375,7.103846210003745
417750.0,2696.69580078125,2696.69580078125,1034.717529296875,-1661.978271484375,7.104380134279425
418000.0,1742.9393310546875,1742.9393310546875,1032.6151123046875,-710.32421875,7.104999811012363
418250.0,2620.14013671875,2620.14013671875,1046.7664794921875,-1573.3736572265625,7.105590462242881
418500.0,2819.6552734375,2819.6552734375,1052.9725341796875,-1766.6827392578125,7.106166595718686
418750.0,1705.1142578125,1705.1142578125,973.6596069335938,-731.4546508789062,7.106734609169638
419000.0,2470.808349609375,2470.808349609375,1036.0845947265625,-1434.7237548828125,7.107362499137609
419250.0,2546.04833984375,2546.04833984375,976.995361328125,-1569.052978515625,7.10798142381391
419500.0,2568.235595703125,2568.235595703125,1043.66015625,-1524.575439453125,7.108613577957823
419750.0,3080.73388671875,3080.73388671875,980.6102294921875,-2100.1236572265625,7.109239129243461
420000.0,1844.8319091796875,1844.8319091796875,961.3484497070312,-883.4834594726562,7.088771751756668
420250.0,2073.3876953125,2073.3876953125,1011.2185668945312,-1062.1691284179688,7.089429229669946
420500.0,1609.644287109375,1609.644287109375,1036.2353515625,-573.408935546875,7.090053095131008
420750.0,2083.77490234375,2083.77490234375,913.4916381835938,-1170.2832641601562,7.090690317498369
421000.0,4557.00927734375,4557.00927734375,1015.6246337890625,-3541.3846435546875,7.091323134220365
421250.0,3076.392333984375,3076.392333984375,1030.61279296875,-2045.779541015625,7.091924558730326
421500.0,2686.419921875,2686.419921875,1042.34814453125,-1644.07177734375,7.092661065845946
421750.0,1274.289794921875,1274.289794921875,1052.538330078125,-221.75146484375,7.0934213084651025
422000.0,2422.599853515625,2422.599853515625,1032.2581787109375,-1390.3416748046875,7.09417446019466
422250.0,3028.168212890625,3028.168212890625,1028.64794921875,-1999.520263671875,7.094915110196893
422500.0,2695.787353515625,2695.787353515625,1041.302490234375,-1654.48486328125,7.095444940363483
422750.0,2585.438232421875,2585.438232421875,1032.06201171875,-1553.376220703125,7.095998628453917
423000.0,2516.105712890625,2516.105712890625,917.3857421875,-1598.719970703125,7.096576935211114
423250.0,1782.978515625,1782.978515625,1019.4339599609375,-763.5445556640625,7.097141520766065
423500.0,2491.67333984375,2491.67333984375,1025.1885986328125,-1466.4847412109375,7.097744322201468
423750.0,2575.10107421875,2575.10107421875,1028.8779296875,-1546.22314453125,7.098344073762212
424000.0,1564.296875,1564.296875,1057.19140625,-507.10546875,7.098920603984093
424250.0,2833.852294921875,2833.852294921875,943.5244140625,-1890.327880859375,7.099472523678107
424500.0,2836.309326171875,2836.309326171875,1011.744873046875,-1824.564453125,7.100004064655536
424750.0,363.2049255371094,363.2049255371094,1025.3634033203125,662.1584777832031,7.100555647042024
425000.0,2963.157470703125,2963.157470703125,1038.5802001953125,-1924.5772705078125,7.101107398047797
425250.0,2697.72119140625,2697.72119140625,988.4846801757812,-1709.2365112304688,7.101694664986908
425500.0,1835.9537353515625,1835.9537353515625,999.6202392578125,-836.33349609375,7.102272714542575
425750.0,3028.057861328125,3028.057861328125,998.222412109375,-2029.83544921875,7.102847396746399
426000.0,2420.868408203125,2420.868408203125,986.9810180664062,-1433.8873901367188,7.10329095279058
426250.0,2578.8623046875,2578.8623046875,1005.9891357421875,-1572.8731689453125,7.103892165679066
426500.0,2740.474853515625,2740.474853515625,984.4312744140625,-1756.0435791015625,7.104496421351528
426750.0,2691.5791015625,2691.5791015625,993.6732177734375,-1697.9058837890625,7.105093668101377
427000.0,1836.621826171875,1836.621826171875,1039.843994140625,-796.77783203125,7.10559900273164
427250.0,1473.4815673828125,1473.4815673828125,1003.575439453125,-469.9061279296875,7.10615379044469
427500.0,3369.001220703125,3369.001220703125,997.6466064453125,-2371.3546142578125,7.106744552725912
427750.0,2103.537353515625,2103.537353515625,991.1555786132812,-1112.3817749023438,7.1072966879626795
428000.0,2524.83203125,2524.83203125,1025.054931640625,-1499.777099609375,7.107860201384681
428250.0,2583.171142578125,2583.171142578125,1002.42138671875,-1580.749755859375,7.108412506073343
428500.0,2706.27587890625,2706.27587890625,1001.9183349609375,-1704.3575439453125,7.10893469355869
428750.0,2657.869140625,2657.869140625,1043.710205078125,-1614.158935546875,7.109495832097432
429000.0,3565.952880859375,3565.952880859375,1039.861083984375,-2526.091796875,7.109951453675768
429250.0,2738.463134765625,2738.463134765625,1003.60595703125,-1734.857177734375,7.110444637069156
429500.0,3429.89013671875,3429.89013671875,993.7020263671875,-2436.1881103515625,7.110932569641447
429750.0,3887.641845703125,3887.641845703125,978.1507568359375,-2909.4910888671875,7.111489471019346
430000.0,71.76923370361328,71.76923370361328,940.8997192382812,869.130485534668,7.091264358060622
430250.0,2169.421142578125,2169.421142578125,998.052978515625,-1171.3681640625,7.091857171830766
430500.0,1432.758056640625,1432.758056640625,1017.5368041992188,-415.22125244140625,7.092387749257049
430750.0,3746.2861328125,3746.2861328125,1002.0618896484375,-2744.2242431640625,7.092914754616755
431000.0,2304.723876953125,2304.723876953125,1012.9992065429688,-1291.7246704101562,7.0934669680853695
431250.0,2557.15185546875,2557.15185546875,961.8356323242188,-1595.3162231445312,7.093898714564676
431500.0,3279.13916015625,3279.13916015625,980.9390258789062,-2298.2001342773438,7.094414133223568
431750.0,2253.153564453125,2253.153564453125,991.825439453125,-1261.328125,7.09492174290694
432000.0,568.3936157226562,568.3936157226562,1015.795654296875,447.40203857421875,7.095478279162991
432250.0,2977.970703125,2977.970703125,979.2723388671875,-1998.6983642578125,7.096012266781696
432500.0,2161.5341796875,2161.5341796875,971.7493896484375,-1189.7847900390625,7.096595545112163
432750.0,2432.106689453125,2432.106689453125,985.654541015625,-1446.4521484375,7.097189969900548
433000.0,2427.744140625,2427.744140625,1000.5985107421875,-1427.1456298828125,7.097735119710972
433250.0,2388.754150390625,2388.754150390625,942.9879760742188,-1445.7661743164062,7.098309953126714
433500.0,3377.10107421875,3377.10107421875,984.7342529296875,-2392.3668212890625,7.098870196574764
433750.0,2569.903564453125,2569.903564453125,981.8560791015625,-1588.0474853515625,7.099418402344465
434000.0,2314.551513671875,2314.551513671875,1008.8216552734375,-1305.7298583984375,7.099902715210046
434250.0,2484.5048828125,2484.5048828125,1013.53369140625,-1470.97119140625,7.1003842939718265
434500.0,2219.35302734375,2219.35302734375,991.7739868164062,-1227.5790405273438,7.100909011675713
434750.0,2821.445556640625,2821.445556640625,1002.7225952148438,-1818.7229614257812,7.101435995920092
435000.0,212.33316040039062,212.33316040039062,1007.0755615234375,794.7424011230469,7.101974935056185
435250.0,762.0130004882812,762.0130004882812,990.78564453125,228.77264404296875,7.1025078937716355
435500.0,2573.55419921875,2573.55419921875,971.815185546875,-1601.739013671875,7.103006246684553
435750.0,2361.85107421875,2361.85107421875,1015.7993774414062,-1346.0516967773438,7.103529981809538
436000.0,1948.828369140625,1948.828369140625,994.6761474609375,-954.1522216796875,7.104079887340088
436250.0,2933.63720703125,2933.63720703125,989.4359741210938,-1944.2012329101562,7.104593455246774
436500.0,1838.311767578125,1838.311767578125,1021.6334228515625,-816.6783447265625,7.1051534621923915
436750.0,2627.08349609375,2627.08349609375,985.568115234375,-1641.515380859375,7.1057184273450344
437000.0,3404.580810546875,3404.580810546875,999.4924926757812,-2405.0883178710938,7.106282886423142
437250.0,2043.074951171875,2043.074951171875,1018.9890747070312,-1024.0858764648438,7.106702917903037
437500.0,1653.1259765625,1653.1259765625,987.5008544921875,-665.6251220703125,7.107236851224105
437750.0,1789.96728515625,1789.96728515625,955.326416015625,-834.640869140625,7.107779571833913
438000.0,2263.542236328125,2263.542236328125,1015.9946899414062,-1247.5475463867188,7.108227330203585
438250.0,3542.568359375,3542.568359375,971.54638671875,-2571.02197265625,7.108759864810838
438500.0,3113.086181640625,3113.086181640625,999.2145385742188,-2113.8716430664062,7.10925074835084
438750.0,2919.712890625,2919.712890625,1039.6099853515625,-1880.1029052734375,7.109839986262
439000.0,1416.103515625,1416.103515625,1008.5633544921875,-407.5401611328125,7.110418313437835
439250.0,4075.423828125,4075.423828125,1001.991455078125,-3073.432373046875,7.110986514220324
439500.0,2249.2333984375,2249.2333984375,953.8404541015625,-1295.3929443359375,7.111518909518159
439750.0,2855.48583984375,2855.48583984375,957.1043090820312,-1898.3815307617188,7.1119968712701525
440000.0,2781.6708984375,2781.6708984375,1008.35888671875,-1773.31201171875,7.092276901627245
440250.0,2713.531005859375,2713.531005859375,960.619384765625,-1752.91162109375,7.092898711965982
440500.0,1978.8228759765625,1978.8228759765625,996.5986938476562,-982.2241821289062,7.09351483751688
440750.0,3724.3037109375,3724.3037109375,932.99609375,-2791.3076171875,7.09411124615944
441000.0,2005.201904296875,2005.201904296875,858.07861328125,-1147.123291015625,7.09474257173564
441250.0,2068.604248046875,2068.604248046875,976.7245483398438,-1091.8796997070312,7.09533806125213
441500.0,4194.67431640625,4194.67431640625,977.78369140625,-3216.890625,7.095933078388934
441750.0,1327.683837890625,1327.683837890625,986.698974609375,-340.98486328125,7.0965279113418696
442000.0,2389.08984375,2389.08984375,941.518798828125,-1447.571044921875,7.09710627690495
442250.0,1997.36376953125,1997.36376953125,1031.642578125,-965.72119140625,7.097577175357148
442500.0,1820.5233154296875,1820.5233154296875,998.2285766601562,-822.2947387695312,7.097990451050188
442750.0,4062.22998046875,4062.22998046875,967.4761962890625,-3094.7537841796875,7.09849026859837
443000.0,2210.373291015625,2210.373291015625,1011.8681640625,-1198.505126953125,7.099001292058755
443250.0,2018.79736328125,2018.79736328125,970.9176025390625,-1047.8797607421875,7.099525426564637
443500.0,2002.2794189453125,2002.2794189453125,997.0165405273438,-1005.2628784179688,7.100086979523438
443750.0,2495.694091796875,2495.694091796875,975.0670166015625,-1520.6270751953125,7.100631211996266
444000.0,2871.46875,2871.46875,988.6710815429688,-1882.7976684570312,7.101143106681811
444250.0,2371.00048828125,2371.00048828125,1035.798583984375,-1335.201904296875,7.101666308829647
444500.0,2273.850341796875,2273.850341796875,1025.92041015625,-1247.929931640625,7.102188416731323
444750.0,2634.55126953125,2634.55126953125,1008.94580078125,-1625.60546875,7.102699504372906
445000.0,2934.859619140625,2934.859619140625,992.2236328125,-1942.635986328125,7.103173932849571
445250.0,421.3752136230469,421.3752136230469,997.8882446289062,576.5130310058594,7.1036532121922065
445500.0,27.405752182006836,27.405752182006836,1035.59716796875,1008.1914157867432,7.104022323202742
445750.0,3246.32373046875,3246.32373046875,1028.6785888671875,-2217.6451416015625,7.104530281360968
446000.0,1612.42578125,1612.42578125,1006.5984497070312,-605.8273315429688,7.105045554679166
446250.0,2203.142578125,2203.142578125,1024.4090576171875,-1178.7335205078125,7.105565330491084
446500.0,1021.3643188476562,1021.3643188476562,987.0384521484375,-34.32586669921875,7.1061102777114495
446750.0,2224.9140625,2224.9140625,1020.4908447265625,-1204.4232177734375,7.106668572800141
447000.0,2094.574462890625,2094.574462890625,990.3604125976562,-1104.2140502929688,7.107160034043007
447250.0,3353.787841796875,3353.787841796875,1047.8017578125,-2305.986083984375,7.107711164508878
447500.0,3085.023681640625,3085.023681640625,1004.6866455078125,-2080.3370361328125,7.108254688306788
447750.0,2006.1739501953125,2006.1739501953125,997.978515625,-1008.1954345703125,7.108781389136021
448000.0,54.50108337402344,54.50108337402344,1039.623779296875,985.1226959228516,7.109314489866962
448250.0,1385.395263671875,1385.395263671875,1038.9814453125,-346.413818359375,7.109781396995716
448500.0,2621.04443359375,2621.04443359375,991.6109008789062,-1629.4335327148438,7.110220778617012
448750.0,1694.6346435546875,1694.6346435546875,1012.2528076171875,-682.3818359375,7.110742482985406
449000.0,1951.32666015625,1951.32666015625,892.2230224609375,-1059.1036376953125,7.11125884183363
449250.0,2660.469970703125,2660.469970703125,1051.7001953125,-1608.769775390625,7.111751522301256
449500.0,2865.98291015625,2865.98291015625,921.8673095703125,-1944.1156005859375,7.112288283281959
449750.0,2752.50634765625,2752.50634765625,1021.461669921875,-1731.044677734375,7.112832131670319
450000.0,2086.4560546875,2086.4560546875,1035.9453125,-1050.5107421875,7.093271487673951
450250.0,1623.455322265625,1623.455322265625,1018.6954956054688,-604.7598266601562,7.093764645307903
450500.0,1823.8060302734375,1823.8060302734375,1018.8446044921875,-804.96142578125,7.094254847289575
450750.0,1625.328857421875,1625.328857421875,984.001220703125,-641.32763671875,7.094788972238362
451000.0,1904.734375,1904.734375,1024.62451171875,-880.10986328125,7.095335978727894
451250.0,268.9940490722656,268.9940490722656,1014.4109497070312,745.4169006347656,7.095877293858531
451500.0,1247.2091064453125,1247.2091064453125,1012.1889038085938,-235.02020263671875,7.0964078969628686
451750.0,2704.310546875,2704.310546875,1028.2109375,-1676.099609375,7.096937381568916
452000.0,2118.38037109375,2118.38037109375,995.2329711914062,-1123.1473999023438,7.097443048132514
452250.0,3884.21142578125,3884.21142578125,985.377197265625,-2898.834228515625,7.097959486389383
452500.0,254.9005126953125,254.9005126953125,1031.2032470703125,776.302734375,7.098477536059337
452750.0,644.2638549804688,644.2638549804688,1030.335205078125,386.07135009765625,7.098968717886205
453000.0,2760.52587890625,2760.52587890625,1009.3171997070312,-1751.2086791992188,7.099432441078359
453250.0,3363.8828125,3363.8828125,989.8359375,-2374.046875,7.099969010936147
453500.0,2492.511474609375,2492.511474609375,1038.422607421875,-1454.0888671875,7.100500908641328
453750.0,2565.442138671875,2565.442138671875,896.0770263671875,-1669.3651123046875,7.100998982224179
454000.0,1904.499267578125,1904.499267578125,966.3095703125,-938.189697265625,7.1014228851215435
454250.0,2039.29296875,2039.29296875,1010.3208618164062,-1028.9721069335938,7.101915741308289
454500.0,1127.7701416015625,1127.7701416015625,1001.0266723632812,-126.74346923828125,7.1024422562139256
454750.0,2967.282470703125,2967.282470703125,1016.4688720703125,-1950.8135986328125,7.102920429880433
455000.0,1838.2550048828125,1838.2550048828125,1012.0496826171875,-826.205322265625,7.103423372112685
455250.0,1235.0340576171875,1235.0340576171875,1000.90380859375,-234.1302490234375,7.103936669218571
455500.0,1891.26220703125,1891.26220703125,1003.502197265625,-887.760009765625,7.104444407822291
455750.0,2893.5595703125,2893.5595703125,1013.767578125,-1879.7919921875,7.104947669784323
456000.0,2127.87109375,2127.87109375,1014.282470703125,-1113.588623046875,7.105496890016432
456250.0,3208.7431640625,3208.7431640625,996.584228515625,-2212.158935546875,7.106027270844844
456500.0,2523.4619140625,2523.4619140625,992.227783203125,-1531.234130859375,7.106595091528011
456750.0,2159.49169921875,2159.49169921875,971.6702880859375,-1187.8214111328125,7.107066493418068
457000.0,3234.53125,3234.53125,1020.4920654296875,-2214.0391845703125,7.107601042512256
457250.0,2690.5263671875,2690.5263671875,1022.6175537109375,-1667.9088134765625,7.107973878239876
457500.0,2042.218017578125,2042.218017578125,1020.4263916015625,-1021.7916259765625,7.10851348778849
457750.0,2103.6904296875,2103.6904296875,976.056884765625,-1127.633544921875,7.109065299117468
458000.0,2498.689697265625,2498.689697265625,966.736572265625,-1531.953125,7.10964125776903
458250.0,3070.74169921875,3070.74169921875,919.323974609375,-2151.417724609375,7.110181785572313
458500.0,2971.0068359375,2971.0068359375,1047.5626220703125,-1923.4442138671875,7.110718970627394
458750.0,2849.3876953125,2849.3876953125,1022.571044921875,-1826.816650390625,7.111266507752064
459000.0,1236.5882568359375,1236.5882568359375,938.9979248046875,-297.59033203125,7.111793047299073
459250.0,2749.60498046875,2749.60498046875,997.128173828125,-1752.476806640625,7.112312683596378
459500.0,1710.760498046875,1710.760498046875,917.608154296875,-793.15234375,7.112827712630494
459750.0,1250.423583984375,1250.423583984375,973.2471923828125,-277.1763916015625,7.113344896327917
460000.0,1575.31396484375,1575.31396484375,957.0764770507812,-618.2374877929688,7.0945257772286645
460250.0,2288.645751953125,2288.645751953125,1023.07861328125,-1265.567138671875,7.094996092660024
460500.0,2012.7222900390625,2012.7222900390625,1032.996826171875,-979.7254638671875,7.095531896516813
460750.0,1978.288330078125,1978.288330078125,999.69921875,-978.589111328125,7.096072814700573
461000.0,3701.39892578125,3701.39892578125,1037.735595703125,-2663.663330078125,7.096693876474697
461250.0,3202.1103515625,3202.1103515625,1010.8436889648438,-2191.2666625976562,7.097313963603572
461500.0,3048.701904296875,3048.701904296875,994.6024169921875,-2054.0994873046875,7.097895120095862
461750.0,2847.704833984375,2847.704833984375,986.6785888671875,-1861.0262451171875,7.0984364799564315
462000.0,3169.83056640625,3169.83056640625,1007.1654052734375,-2162.6651611328125,7.099033832492788
462250.0,2458.41650390625,2458.41650390625,1015.9506225585938,-1442.4658813476562,7.099625958682167
462500.0,1675.046142578125,1675.046142578125,981.53125,-693.514892578125,7.10020042011192
462750.0,2750.5927734375,2750.5927734375,966.21533203125,-1784.37744140625,7.100772284878556
463000.0,2236.5791015625,2236.5791015625,1022.79833984375,-1213.78076171875,7.101349952384743
463250.0,1551.9156494140625,1551.9156494140625,1005.3875122070312,-546.5281372070312,7.101888730367279
463500.0,1971.489990234375,1971.489990234375,948.3026123046875,-1023.1873779296875,7.102503735869116
463750.0,3904.832275390625,3904.832275390625,1021.1407470703125,-2883.6915283203125,7.103122068425011
464000.0,2561.923828125,2561.923828125,1017.850341796875,-1544.073486328125,7.1037401192816345
464250.0,2952.2236328125,2952.2236328125,1049.39794921875,-1902.82568359375,7.104304544702342
464500.0,2715.10986328125,2715.10986328125,993.8212890625,-1721.28857421875,7.104861274809433
464750.0,2497.3037109375,2497.3037109375,1009.396240234375,-1487.907470703125,7.105450180545252
465000.0,3037.28955078125,3037.28955078125,1003.7994995117188,-2033.4900512695312,7.106031119204006
465250.0,2848.72802734375,2848.72802734375,915.7095947265625,-1933.0184326171875,7.106602243322039
465500.0,3763.87841796875,3763.87841796875,1016.419189453125,-2747.459228515625,7.107162408299742
465750.0,2094.531494140625,2094.531494140625,1013.5638427734375,-1080.9676513671875,7.107759971522744
466000.0,1746.1446533203125,1746.1446533203125,982.1480102539062,-763.9966430664062,7.108260593242402
466250.0,3562.2822265625,3562.2822265625,1007.091552734375,-2555.190673828125,7.108701438137013
466500.0,2850.12890625,2850.12890625,995.2080688476562,-1854.9208374023438,7.109152687717482
466750.0,1472.1011962890625,1472.1011962890625,993.993408203125,-478.1077880859375,7.109612386618642
467000.0,1724.377685546875,1724.377685546875,968.6339721679688,-755.7437133789062,7.110091704409711
467250.0,2682.032958984375,2682.032958984375,1056.61279296875,-1625.420166015625,7.110523256636497
467500.0,2002.0804443359375,2002.0804443359375,979.0618896484375,-1023.0185546875,7.11104170940576
467750.0,2735.879150390625,2735.879150390625,1002.82373046875,-1733.055419921875,7.11157547158652
468000.0,1793.879150390625,1793.879150390625,1061.48828125,-732.390869140625,7.112117683276696
468250.0,59.133270263671875,59.133270263671875,1029.75927734375,970.6260070800781,7.112660481368946
468500.0,1944.3853759765625,1944.3853759765625,1020.2044677734375,-924.180908203125,7.113187921692142
468750.0,1080.684814453125,1080.684814453125,997.901611328125,-82.783203125,7.113682671607211
469000.0,2214.90087890625,2214.90087890625,1000.263671875,-1214.63720703125,7.114185913891548
469250.0,2772.57421875,2772.57421875,1045.158935546875,-1727.415283203125,7.114689587985843
469500.0,2539.29150390625,2539.29150390625,967.0164794921875,-1572.2750244140625,7.115157195209922
469750.0,1186.0330810546875,1186.0330810546875,971.7677612304688,-214.26531982421875,7.115635636271264
470000.0,2522.251953125,2522.251953125,971.0283813476562,-1551.2235717773438,7.096958425734686
470250.0,2625.63232421875,2625.63232421875,909.6165161132812,-1716.0158081054688,7.097447367258411
470500.0,2401.805908203125,2401.805908203125,1032.207763671875,-1369.59814453125,7.097960546248436
470750.0,2124.16796875,2124.16796875,1071.8280029296875,-1052.3399658203125,7.098441801695307
471000.0,2328.4140625,2328.4140625,979.87890625,-1348.53515625,7.0989270151451915
471250.0,1679.805908203125,1679.805908203125,1027.010986328125,-652.794921875,7.099382825149456
471500.0,2651.950927734375,2651.950927734375,1079.9881591796875,-1571.9627685546875,7.099930672862595
471750.0,2324.62158203125,2324.62158203125,1017.6363525390625,-1306.9852294921875,7.100460529127559
472000.0,1884.287109375,1884.287109375,978.7604370117188,-905.5266723632812,7.100991490461532
472250.0,2209.10595703125,2209.10595703125,1015.1234130859375,-1193.9825439453125,7.101491442443342
472500.0,1902.0,1902.0,1017.5472412109375,-884.4527587890625,7.102031878151628
472750.0,3787.026611328125,3787.026611328125,1050.591796875,-2736.434814453125,7.1025293079465746
473000.0,1431.643310546875,1431.643310546875,1008.6990356445312,-422.94427490234375,7.103057643666214
473250.0,3533.837890625,3533.837890625,1045.358642578125,-2488.479248046875,7.10357130632794
473500.0,1841.80859375,1841.80859375,1060.198486328125,-781.610107421875,7.104100182346729
473750.0,3392.94970703125,3392.94970703125,1017.3378295898438,-2375.6118774414062,7.104616939512969
474000.0,2267.090087890625,2267.090087890625,1040.15869140625,-1226.931396484375,7.105153719753142
474250.0,1941.7037353515625,1941.7037353515625,1003.347412109375,-938.3563232421875,7.1056926577472925
474500.0,2475.440185546875,2475.440185546875,1040.633056640625,-1434.80712890625,7.1061663757041575
474750.0,3186.60693359375,3186.60693359375,959.53857421875,-2227.068359375,7.1066945907548345
475000.0,3154.158447265625,3154.158447265625,1029.8890380859375,-2124.2694091796875,7.1072426918192875
475250.0,3507.65869140625,3507.65869140625,985.1964721679688,-2522.4622192382812,7.107765621845419
475500.0,2474.412353515625,2474.412353515625,1039.0928955078125,-1435.3194580078125,7.108269260937274
475750.0,2518.131591796875,2518.131591796875,986.1913452148438,-1531.9402465820312,7.108791245715584
476000.0,1380.9154052734375,1380.9154052734375,1047.77783203125,-333.1375732421875,7.109338759330545
476250.0,4148.7275390625,4148.7275390625,1024.2861328125,-3124.44140625,7.109906625282849
476500.0,2282.59033203125,2282.59033203125,1075.1943359375,-1207.39599609375,7.110480303194655
476750.0,1876.949951171875,1876.949951171875,1062.127197265625,-814.82275390625,7.111021271202016
477000.0,2527.468505859375,2527.468505859375,982.9212646484375,-1544.5472412109375,7.111587679463225
477250.0,3841.288818359375,3841.288818359375,1009.752685546875,-2831.5361328125,7.112139408107695
477500.0,1602.301513671875,1602.301513671875,1042.31494140625,-559.986572265625,7.112738116427198
477750.0,1246.8326416015625,1246.8326416015625,1075.5341796875,-171.2984619140625,7.113340027838315
478000.0,2726.87060546875,2726.87060546875,891.447509765625,-1835.423095703125,7.113920283124397
478250.0,1976.857177734375,1976.857177734375,1084.075439453125,-892.78173828125,7.114427003488137
478500.0,3378.722412109375,3378.722412109375,981.6641235351562,-2397.0582885742188,7.114975656415738
478750.0,2260.887451171875,2260.887451171875,1093.432861328125,-1167.45458984375,7.115472353467361
479000.0,2855.19384765625,2855.19384765625,997.941650390625,-1857.252197265625,7.1160148299198855
479250.0,2414.478271484375,2414.478271484375,1004.509521484375,-1409.96875,7.116565151334681
479500.0,983.6676635742188,983.6676635742188,971.84326171875,-11.82440185546875,7.117147109327986
479750.0,2443.412109375,2443.412109375,999.2200927734375,-1444.1920166015625,7.117726541684855
480000.0,3128.3037109375,3128.3037109375,1004.219970703125,-2124.083740234375,7.099869070499948
480250.0,1333.9119873046875,1333.9119873046875,1006.8283081054688,-327.08367919921875,7.100377858652167
480500.0,2228.8369140625,2228.8369140625,1023.8742065429688,-1204.9627075195312,7.100960997223673
480750.0,3448.869140625,3448.869140625,1060.186767578125,-2388.682373046875,7.101537424620117
481000.0,20.55196762084961,20.55196762084961,981.5337524414062,960.9817848205566,7.102129025040653
481250.0,2355.228759765625,2355.228759765625,967.867919921875,-1387.36083984375,7.102728081041658
481500.0,2772.05859375,2772.05859375,1037.1744384765625,-1734.8841552734375,7.103305556817243
481750.0,2479.030517578125,2479.030517578125,975.179931640625,-1503.8505859375,7.103908019062183
482000.0,3502.998046875,3502.998046875,1053.28271484375,-2449.71533203125,7.104534506244005
482250.0,2017.147705078125,2017.147705078125,993.329833984375,-1023.81787109375,7.1051584614434855
482500.0,1439.70654296875,1439.70654296875,1030.08447265625,-409.6220703125,7.105730202362421
482750.0,2945.66259765625,2945.66259765625,1033.648193359375,-1912.014404296875,7.1063436962544815
483000.0,4022.85791015625,4022.85791015625,1040.9891357421875,-2981.8687744140625,7.106838371569857
483250.0,3765.254638671875,3765.254638671875,1015.342529296875,-2749.912109375,7.1068570081758615
483500.0,2250.424560546875,2250.424560546875,995.6810913085938,-1254.7434692382812,7.107147710615061
483750.0,1800.172607421875,1800.172607421875,1041.10888671875,-759.063720703125,7.107535464556622
484000.0,2652.33056640625,2652.33056640625,999.911865234375,-1652.418701171875,7.1078325055960425
484250.0,3122.38623046875,3122.38623046875,1001.6597290039062,-2120.7265014648438,7.108176877991354
484500.0,3590.9140625,3590.9140625,1024.864501953125,-2566.049560546875,7.108543737614292
484750.0,3939.664794921875,3939.664794921875,1022.7794189453125,-2916.8853759765625,7.108915829205784
485000.0,2419.20361328125,2419.20361328125,981.8568115234375,-1437.3468017578125,7.109311299354262
485250.0,1681.8955078125,1681.8955078125,1048.343017578125,-633.552490234375,7.109667869163455
485500.0,2679.083984375,2679.083984375,975.55029296875,-1703.53369140625,7.110044967585656
485750.0,3157.99462890625,3157.99462890625,1047.7659912109375,-2110.2286376953125,7.110274661264378
486000.0,2838.03173828125,2838.03173828125,1022.0986938476562,-1815.9330444335938,7.110577163973449
486250.0,2946.200439453125,2946.200439453125,1017.2567138671875,-1928.9437255859375,7.1109545316679075
486500.0,3654.332275390625,3654.332275390625,1033.125,-2621.207275390625,7.11132648264337
486750.0,1200.0474853515625,1200.0474853515625,942.6857299804688,-257.36175537109375,7.111692463235157
487000.0,2515.8798828125,2515.8798828125,1036.762939453125,-1479.116943359375,7.112078348488533
487250.0,3138.353759765625,3138.353759765625,1031.472900390625,-2106.880859375,7.112462925344476
487500.0,1692.7421875,1692.7421875,975.1826171875,-717.5595703125,7.112844216010007
487750.0,1089.35986328125,1089.35986328125,1074.26708984375,-15.0927734375,7.113234969712777
488000.0,2955.82470703125,2955.82470703125,886.408203125,-2069.41650390625,7.113544979721824
488250.0,1470.336669921875,1470.336669921875,950.663330078125,-519.67333984375,7.1138600323416314
488500.0,1508.7398681640625,1508.7398681640625,1015.3824462890625,-493.357421875,7.114232856297383
488750.0,1869.0911865234375,1869.0911865234375,1043.6956787109375,-825.3955078125,7.114591834941134
489000.0,1936.1458740234375,1936.1458740234375,1004.22216796875,-931.9237060546875,7.114972709801688
489250.0,2215.447998046875,2215.447998046875,967.06494140625,-1248.383056640625,7.11534989428457
489500.0,2050.19384765625,2050.19384765625,985.91748046875,-1064.2763671875,7.115737146073623
489750.0,1627.4190673828125,1627.4190673828125,955.4483032226562,-671.9707641601562,7.116097658148116
490000.0,2476.91796875,2476.91796875,1033.645263671875,-1443.272705078125,7.097337418571346
490250.0,3473.68603515625,3473.68603515625,1073.9775390625,-2399.70849609375,7.097706768203494
490500.0,1364.840087890625,1364.840087890625,921.2390747070312,-443.60101318359375,7.098083695291803
490750.0,2381.546875,2381.546875,1025.5924072265625,-1355.9544677734375,7.098454899794051
491000.0,2645.465576171875,2645.465576171875,1028.015625,-1617.449951171875,7.098773935267153
491250.0,3029.63525390625,3029.63525390625,1056.025634765625,-1973.609619140625,7.099109968151013
491500.0,233.1161346435547,233.1161346435547,1003.1058349609375,769.9897003173828,7.099427446121426
491750.0,3809.482666015625,3809.482666015625,997.06689453125,-2812.415771484375,7.099784518065995
492000.0,3874.5869140625,3874.5869140625,1023.3302001953125,-2851.2567138671875,7.100169655565049
492250.0,2631.21728515625,2631.21728515625,1042.2122802734375,-1589.0050048828125,7.1005468299477155
492500.0,2616.302978515625,2616.302978515625,1040.984619140625,-1575.318359375,7.10092851775128
492750.0,2191.26904296875,2191.26904296875,1033.659423828125,-1157.609619140625,7.101323759121536
493000.0,403.1831359863281,403.1831359863281,1014.216552734375,611.0334167480469,7.1017031517336004
493250.0,1684.303466796875,1684.303466796875,1040.9833984375,-643.320068359375,7.102031703232258
493500.0,1877.4259033203125,1877.4259033203125,1016.7503662109375,-860.675537109375,7.102356020840364
493750.0,2339.515869140625,2339.515869140625,989.7638549804688,-1349.7520141601562,7.1027171656474
494000.0,2192.096435546875,2192.096435546875,996.9508056640625,-1195.1456298828125,7.103012100585697
494250.0,2103.974609375,2103.974609375,1005.925537109375,-1098.049072265625,7.103378009318314
494500.0,2699.346435546875,2699.346435546875,1043.2640380859375,-1656.0823974609375,7.103747601929603
494750.0,2919.36767578125,2919.36767578125,1030.6539306640625,-1888.7137451171875,7.104086942650772
495000.0,1852.5343017578125,1852.5343017578125,1040.6917724609375,-811.842529296875,7.104459247492425
495250.0,1724.105224609375,1724.105224609375,1006.4947509765625,-717.6104736328125,7.104815265608472
495500.0,2319.917236328125,2319.917236328125,1004.84228515625,-1315.074951171875,7.105164081794975
495750.0,3295.110595703125,3295.110595703125,990.8414916992188,-2304.2691040039062,7.105498160399051
496000.0,3356.9970703125,3356.9970703125,1012.2174072265625,-2344.7796630859375,7.10585968149585
496250.0,1571.6959228515625,1571.6959228515625,1020.71240234375,-550.9835205078125,7.106226242732228
496500.0,3725.518310546875,3725.518310546875,1019.5631103515625,-2705.9552001953125,7.106520853114174
496750.0,2856.5576171875,2856.5576171875,1016.2431030273438,-1840.3145141601562,7.106867451418081
497000.0,333.527099609375,333.527099609375,1043.6707763671875,710.1436767578125,7.107214549167074
497250.0,2529.6552734375,2529.6552734375,985.7103271484375,-1543.9449462890625,7.107556102996016
497500.0,2592.8740234375,2592.8740234375,984.26953125,-1608.6044921875,7.107916491893155
497750.0,3093.0654296875,3093.0654296875,951.6753540039062,-2141.3900756835938,7.10827508843492
498000.0,2146.490234375,2146.490234375,974.9130859375,-1171.5771484375,7.108560982676023
498250.0,2087.45361328125,2087.45361328125,1002.0750732421875,-1085.3785400390625,7.1089216178219345
498500.0,1356.286865234375,1356.286865234375,1018.7732543945312,-337.51361083984375,7.109274614660805
498750.0,2256.663818359375,2256.663818359375,1014.7657470703125,-1241.8980712890625,7.109570631081632
499000.0,1864.324951171875,1864.324951171875,1039.2635498046875,-825.0614013671875,7.109907649068901
499250.0,2364.54248046875,2364.54248046875,1021.9132080078125,-1342.6292724609375,7.11026353616617
499500.0,2763.30029296875,2763.30029296875,1032.309326171875,-1730.990966796875,7.110556646979765
499750.0,2131.257568359375,2131.257568359375,996.5736083984375,-1134.6839599609375,7.110930209601418
500000.0,438.102294921875,438.102294921875,968.0673217773438,529.9650268554688,7.092575735532408
