step,episode_reward,replay_return,imagined_return,imagination_gap,steps_per_second
250.0,3.2718558311462402,3.2718558311462402,,,3.2589348450727953
500.0,14.33515739440918,14.33515739440918,,,6.479789767721719
750.0,13.204999923706055,13.204999923706055,,,9.667992797036062
1000.0,4.1867547035217285,4.1867547035217285,,,12.823195590796264
1250.0,2.1446988582611084,2.1446988582611084,,,15.944613052440989
1500.0,3.6856369972229004,3.6856369972229004,,,19.03246758691986
1750.0,3.34067702293396,3.34067702293396,,,22.085466241476958
2000.0,6.491601943969727,6.491601943969727,,,25.110436679404838
2250.0,4.532413482666016,4.532413482666016,,,28.10308734491996
2500.0,5.714502334594727,5.714502334594727,,,31.065152593620102
2750.0,5.3315815925598145,5.3315815925598145,,,17.380934112824978
3000.0,2.562321662902832,2.562321662902832,1.8949508666992188,-0.6673707962036133,17.44526812128288
3250.0,10.055432319641113,10.055432319641113,2.1559934616088867,-7.899438858032227,17.498322853949123
3500.0,8.205235481262207,8.205235481262207,2.6327452659606934,-5.572490215301514,17.52668819440812
3750.0,3.530407428741455,3.530407428741455,3.040663242340088,-0.4897441864013672,17.467614142226694
4000.0,6.7089996337890625,6.7089996337890625,3.1380133628845215,-3.570986270904541,17.50916871099173
4250.0,4.8415961265563965,4.8415961265563965,3.2240214347839355,-1.617574691772461,17.531930442693216
4500.0,9.57796573638916,9.57796573638916,3.2937846183776855,-6.284181118011475,17.567392685188093
4750.0,14.088027954101562,14.088027954101562,3.51621150970459,-10.571816444396973,17.59295131439527
5000.0,6.23005485534668,6.23005485534668,3.6871891021728516,-2.542865753173828,17.616218893830894
5250.0,9.64268684387207,9.64268684387207,3.890427827835083,-5.752259016036987,17.62151240220163
5500.0,10.092690467834473,10.092690467834473,4.007694721221924,-6.084995746612549,17.622981243096827
5750.0,8.453810691833496,8.453810691833496,3.9386682510375977,-4.515142440795898,17.625899956210134
6000.0,12.602707862854004,12.602707862854004,4.159439563751221,-8.443268299102783,17.63202380181517
6250.0,24.236709594726562,24.236709594726562,4.111769676208496,-20.124939918518066,17.635818801151625
6500.0,20.207761764526367,20.207761764526367,3.762747287750244,-16.445014476776123,17.63968844078455
6750.0,29.880773544311523,29.880773544311523,4.871829509735107,-25.008944034576416,17.634641872225306
7000.0,37.440067291259766,37.440067291259766,3.9320833683013916,-33.507983922958374,17.628518144308863
7250.0,29.99423599243164,29.99423599243164,4.8359785079956055,-25.158257484436035,17.634287404618323
7500.0,12.055652618408203,12.055652618408203,3.917902946472168,-8.137749671936035,17.627275234504094
7750.0,30.843172073364258,30.843172073364258,4.118154048919678,-26.72501802444458,17.622133727003693
8000.0,8.920475006103516,8.920475006103516,5.013118743896484,-3.9073562622070312,17.618127406442373
8250.0,21.0739688873291,21.0739688873291,3.8893442153930664,-17.184624671936035,17.61435943710517
8500.0,20.819103240966797,20.819103240966797,5.960623741149902,-14.858479499816895,17.609240263554724
8750.0,33.30183029174805,33.30183029174805,6.049184799194336,-27.25264549255371,17.60512322471431
9000.0,29.108972549438477,29.108972549438477,5.85368537902832,-23.255287170410156,17.599795500219596
9250.0,15.950260162353516,15.950260162353516,6.105748653411865,-9.84451150894165,17.59675670103163
9500.0,9.455265998840332,9.455265998840332,6.285251617431641,-3.1700143814086914,17.592307556598097
9750.0,9.786721229553223,9.786721229553223,6.399532318115234,-3.3871889114379883,17.585223917463658
10000.0,10.768453598022461,10.768453598022461,6.434942245483398,-4.3335113525390625,15.491246667654785
10250.0,17.430391311645508,17.430391311645508,6.355210304260254,-11.075181007385254,15.535919034982483
10500.0,15.511476516723633,15.511476516723633,6.338930130004883,-9.17254638671875,15.578479349123386
10750.0,15.162715911865234,15.162715911865234,7.107812404632568,-8.054903507232666,15.618911615715197
11000.0,51.21160125732422,51.21160125732422,6.579371452331543,-44.632229804992676,15.658037898220313
11250.0,10.090950965881348,10.090950965881348,7.444450855255127,-2.6465001106262207,15.695808611485035
11500.0,18.315719604492188,18.315719604492188,7.1241679191589355,-11.191551685333252,15.732227002477355
11750.0,10.523273468017578,10.523273468017578,7.854887008666992,-2.668386459350586,15.768391738136934
12000.0,44.105716705322266,44.105716705322266,7.9084577560424805,-36.197258949279785,15.802024349233076
12250.0,8.28524112701416,8.28524112701416,7.6804351806640625,-0.6048059463500977,15.833606099753485
12500.0,19.913063049316406,19.913063049316406,11.179676055908203,-8.733386993408203,15.863866213138719
12750.0,4.474385738372803,4.474385738372803,14.480562210083008,10.006176471710205,15.893416066209276
13000.0,5.304840564727783,5.304840564727783,15.548099517822266,10.243258953094482,15.92163782859642
13250.0,5.692471504211426,5.692471504211426,18.454425811767578,12.761954307556152,15.948958706428598
13500.0,16.092342376708984,16.092342376708984,18.297849655151367,2.205507278442383,15.976129492639206
13750.0,16.951719284057617,16.951719284057617,8.068217277526855,-8.883502006530762,16.00230208455051
14000.0,15.810271263122559,15.810271263122559,14.995073318481445,-0.8151979446411133,16.027385918596806
14250.0,10.218721389770508,10.218721389770508,18.4191837310791,8.200462341308594,16.048447761342526
14500.0,5.397975921630859,5.397975921630859,18.29908561706543,12.90110969543457,16.073455373230633
14750.0,7.75857400894165,7.75857400894165,9.782258987426758,2.0236849784851074,16.09720465627905
15000.0,11.25225830078125,11.25225830078125,16.071945190429688,4.8196868896484375,16.11996213980002
15250.0,6.864368915557861,6.864368915557861,9.809146881103516,2.9447779655456543,16.142189847236242
15500.0,9.256522178649902,9.256522178649902,16.21080780029297,6.954285621643066,16.162998161152228
15750.0,6.1995978355407715,6.1995978355407715,10.082469940185547,3.8828721046447754,16.183185793534257
16000.0,6.317159652709961,6.317159652709961,13.027210235595703,6.710050582885742,16.20358197603079
16250.0,38.80039978027344,38.80039978027344,9.992403984069824,-28.807995796203613,16.223415910487883
16500.0,25.079910278320312,25.079910278320312,9.795251846313477,-15.284658432006836,16.24311108450477
16750.0,9.09713363647461,9.09713363647461,13.1304931640625,4.033359527587891,16.26236627240304
17000.0,21.572601318359375,21.572601318359375,15.007580757141113,-6.565020561218262,16.279943969927206
17250.0,25.64442253112793,25.64442253112793,16.314424514770508,-9.329998016357422,16.296421073594438
17500.0,26.072967529296875,26.072967529296875,16.78165054321289,-9.291316986083984,16.31253326972771
17750.0,24.137495040893555,24.137495040893555,11.621305465698242,-12.516189575195312,16.328991659039218
18000.0,19.978057861328125,19.978057861328125,16.61054229736328,-3.3675155639648438,16.345187769910574
18250.0,15.899211883544922,15.899211883544922,9.928699493408203,-5.970512390136719,16.36020772319543
18500.0,34.22101974487305,34.22101974487305,15.697622299194336,-18.52339744567871,16.375340439216107
18750.0,25.93086814880371,25.93086814880371,15.786086082458496,-10.144782066345215,16.3900141552087
19000.0,12.095429420471191,12.095429420471191,15.298908233642578,3.2034788131713867,16.40436445357909
19250.0,29.382469177246094,29.382469177246094,11.831095695495605,-17.55137348175049,16.419136595811867
19500.0,14.600357055664062,14.600357055664062,12.607772827148438,-1.992584228515625,16.433440469819136
19750.0,23.097618103027344,23.097618103027344,12.072160720825195,-11.025457382202148,16.44239711156734
20000.0,14.290000915527344,14.290000915527344,15.837767601013184,1.5477666854858398,15.483495948816254
20250.0,18.258808135986328,18.258808135986328,17.95193099975586,-0.30687713623046875,15.5072928334808
20500.0,14.747745513916016,14.747745513916016,12.982912063598633,-1.7648334503173828,15.529303810959583
20750.0,12.495694160461426,12.495694160461426,14.163641929626465,1.667947769165039,15.550213483772302
21000.0,34.81892776489258,34.81892776489258,12.396471977233887,-22.42245578765869,15.572290414058596
21250.0,9.469451904296875,9.469451904296875,13.123275756835938,3.6538238525390625,15.593755722807169
21500.0,17.27865982055664,17.27865982055664,18.078216552734375,0.7995567321777344,15.614221325536258
21750.0,39.13365936279297,39.13365936279297,11.947962760925293,-27.185696601867676,15.633648330081547
22000.0,20.84994125366211,20.84994125366211,14.731788635253906,-6.118152618408203,15.652913592000594
22250.0,26.093002319335938,26.093002319335938,9.968353271484375,-16.124649047851562,15.67236510478681
22500.0,15.479353904724121,15.479353904724121,11.243759155273438,-4.235594749450684,15.69123053727608
22750.0,11.147496223449707,11.147496223449707,11.600850105285645,0.4533538818359375,15.709748401746483
23000.0,34.678096771240234,34.678096771240234,12.049691200256348,-22.628405570983887,15.728429028768756
23250.0,22.905643463134766,22.905643463134766,17.80228042602539,-5.103363037109375,15.746389121559126
23500.0,28.36277961730957,28.36277961730957,15.075395584106445,-13.287384033203125,15.764323004634235
23750.0,30.852195739746094,30.852195739746094,10.910295486450195,-19.9419002532959,15.782067061526249
24000.0,8.4516019821167,8.4516019821167,16.367570877075195,7.915968894958496,15.800134634054537
24250.0,30.004884719848633,30.004884719848633,14.964008331298828,-15.040876388549805,15.81775299032157
24500.0,32.765506744384766,32.765506744384766,11.724467277526855,-21.04103946685791,15.832549952674471
24750.0,31.271038055419922,31.271038055419922,12.324077606201172,-18.94696044921875,15.849513202572815
25000.0,24.410776138305664,24.410776138305664,16.150768280029297,-8.260007858276367,15.866047226108098
25250.0,23.201778411865234,23.201778411865234,16.194499969482422,-7.0072784423828125,15.881899001347263
25500.0,16.99089813232422,16.99089813232422,15.180721282958984,-1.8101768493652344,15.897575010405678
25750.0,48.579681396484375,48.579681396484375,11.564047813415527,-37.01563358306885,15.912635648528628
26000.0,19.866601943969727,19.866601943969727,12.115989685058594,-7.750612258911133,15.927345677015776
26250.0,38.55200958251953,38.55200958251953,12.515665054321289,-26.036344528198242,15.94190186298697
26500.0,9.323272705078125,9.323272705078125,12.650068283081055,3.3267955780029297,15.956781862881025
26750.0,33.876983642578125,33.876983642578125,14.983366966247559,-18.893616676330566,15.971286284974186
27000.0,38.76484298706055,38.76484298706055,11.477029800415039,-27.287813186645508,15.98558660874215
27250.0,7.466238975524902,7.466238975524902,14.643148422241211,7.176909446716309,15.999460140420839
27500.0,13.39841365814209,13.39841365814209,14.922639846801758,1.524226188659668,16.01304300798733
27750.0,31.454362869262695,31.454362869262695,11.922588348388672,-19.531774520874023,16.026393602233608
28000.0,18.333621978759766,18.333621978759766,12.310859680175781,-6.022762298583984,16.039786247545397
28250.0,17.903945922851562,17.903945922851562,12.183384895324707,-5.7205610275268555,16.05276258009157
28500.0,25.672544479370117,25.672544479370117,11.89641284942627,-13.776131629943848,16.066003759896283
28750.0,44.45547103881836,44.45547103881836,12.167469024658203,-32.288002014160156,16.078988987047723
29000.0,19.94980239868164,19.94980239868164,13.191255569458008,-6.758546829223633,16.091794051633023
29250.0,47.956600189208984,47.956600189208984,12.271233558654785,-35.6853666305542,16.104501116047235
29500.0,43.12593460083008,43.12593460083008,12.014633178710938,-31.11130142211914,16.11709199946618
29750.0,47.37654113769531,47.37654113769531,12.191885948181152,-35.18465518951416,16.129379918578383
30000.0,29.70903778076172,29.70903778076172,14.060857772827148,-15.64818000793457,15.508593531076066
30250.0,15.71114730834961,15.71114730834961,14.304689407348633,-1.4064579010009766,15.52480990988793
30500.0,11.170565605163574,11.170565605163574,13.594247817993164,2.42368221282959,15.540816506249248
30750.0,9.691688537597656,9.691688537597656,12.410836219787598,2.7191476821899414,15.556678577057966
31000.0,38.77368927001953,38.77368927001953,14.137399673461914,-24.636289596557617,15.57218734825373
31250.0,11.851680755615234,11.851680755615234,12.920408248901367,1.0687274932861328,15.587449536150928
31500.0,42.43242645263672,42.43242645263672,12.456544876098633,-29.975881576538086,15.602672002191635
31750.0,26.252967834472656,26.252967834472656,13.055622100830078,-13.197345733642578,15.617622158098703
32000.0,13.909499168395996,13.909499168395996,12.203437805175781,-1.7060613632202148,15.632453599712237
32250.0,34.089149475097656,34.089149475097656,13.523521423339844,-20.565628051757812,15.64721195266497
32500.0,14.702908515930176,14.702908515930176,12.674818992614746,-2.0280895233154297,15.661583749137968
32750.0,42.42869567871094,42.42869567871094,13.960539817810059,-28.46815586090088,15.675431430425952
33000.0,14.341642379760742,14.341642379760742,12.478121757507324,-1.863520622253418,15.688913460407715
33250.0,42.470680236816406,42.470680236816406,13.594337463378906,-28.8763427734375,15.701946303457854
33500.0,16.270099639892578,16.270099639892578,13.673053741455078,-2.5970458984375,15.71471915766646
33750.0,43.574127197265625,43.574127197265625,13.233345985412598,-30.340781211853027,15.727966930392974
34000.0,47.86677169799805,47.86677169799805,12.489789009094238,-35.37698268890381,15.740782696717377
34250.0,8.696792602539062,8.696792602539062,13.470476150512695,4.773683547973633,15.753305610047722
34500.0,20.411762237548828,20.411762237548828,12.232561111450195,-8.179201126098633,15.765756506550508
34750.0,32.82404327392578,32.82404327392578,12.832674026489258,-19.991369247436523,15.77688743111633
35000.0,50.15263366699219,50.15263366699219,12.500310897827148,-37.65232276916504,15.789358937305245
35250.0,10.129279136657715,10.129279136657715,12.290943145751953,2.1616640090942383,15.80143125818371
35500.0,30.47127342224121,30.47127342224121,12.662476539611816,-17.808796882629395,15.806822120664707
35750.0,25.295185089111328,25.295185089111328,13.545598030090332,-11.749587059020996,15.819677175979114
36000.0,9.051676750183105,9.051676750183105,12.944580078125,3.8929033279418945,15.831160321812922
36250.0,15.603118896484375,15.603118896484375,13.226961135864258,-2.376157760620117,15.843540139368448
36500.0,43.30979537963867,43.30979537963867,12.86332893371582,-30.44646644592285,15.855899334022714
36750.0,96.05265045166016,96.05265045166016,12.858060836791992,-83.19458961486816,15.867688713251962
37000.0,45.90077590942383,45.90077590942383,12.691864013671875,-33.20891189575195,15.877791197516698
37250.0,7.446521759033203,7.446521759033203,12.75454044342041,5.308018684387207,15.887765334543511
37500.0,28.012754440307617,28.012754440307617,13.031028747558594,-14.981725692749023,15.897769537245408
37750.0,16.59602928161621,16.59602928161621,13.508710861206055,-3.0873184204101562,15.907777501938996
38000.0,279.83856201171875,279.83856201171875,13.01080322265625,-266.8277587890625,15.917800920922694
38250.0,41.25559997558594,41.25559997558594,12.883630752563477,-28.37196922302246,15.927655619738875
38500.0,31.183645248413086,31.183645248413086,12.946904182434082,-18.236741065979004,15.937145265840199
38750.0,38.77161407470703,38.77161407470703,13.034751892089844,-25.736862182617188,15.946772516421055
39000.0,19.500682830810547,19.500682830810547,12.955223083496094,-6.545459747314453,15.956300145452039
39250.0,28.596725463867188,28.596725463867188,13.357107162475586,-15.239618301391602,15.965840520474273
39500.0,10.079451560974121,10.079451560974121,13.137945175170898,3.0584936141967773,15.975379986556362
39750.0,13.174965858459473,13.174965858459473,12.996387481689453,-0.17857837677001953,15.985762549829767
40000.0,13.13536548614502,13.13536548614502,12.747660636901855,-0.38770484924316406,15.531457471464183
40250.0,10.63016128540039,10.63016128540039,12.928115844726562,2.297954559326172,15.544292051328195
40500.0,273.48773193359375,273.48773193359375,13.407888412475586,-260.07984352111816,15.556970673843711
40750.0,21.152366638183594,21.152366638183594,12.580501556396484,-8.57186508178711,15.569576208089991
41000.0,84.1177749633789,84.1177749633789,12.82843017578125,-71.28934478759766,15.581892749278554
41250.0,18.284557342529297,18.284557342529297,12.955785751342773,-5.328771591186523,15.594020540556098
41500.0,40.912784576416016,40.912784576416016,12.685202598571777,-28.22758197784424,15.606492723570044
41750.0,21.969093322753906,21.969093322753906,13.542508125305176,-8.42658519744873,15.618742558142738
42000.0,49.813697814941406,49.813697814941406,12.756816864013672,-37.056880950927734,15.630984745922385
42250.0,37.44209671020508,37.44209671020508,12.947158813476562,-24.494937896728516,15.643056681391167
42500.0,23.490760803222656,23.490760803222656,13.605730056762695,-9.885030746459961,15.654308365809078
42750.0,15.946470260620117,15.946470260620117,13.556900024414062,-2.3895702362060547,15.666080458135589
43000.0,46.387943267822266,46.387943267822266,13.176360130310059,-33.21158313751221,15.677671098261074
43250.0,95.24951934814453,95.24951934814453,13.150697708129883,-82.09882164001465,15.689011774032107
43500.0,38.572811126708984,38.572811126708984,13.470331192016602,-25.102479934692383,15.70004079756245
43750.0,26.052350997924805,26.052350997924805,14.707249641418457,-11.345101356506348,15.709562632551398
44000.0,152.169677734375,152.169677734375,16.1036376953125,-136.0660400390625,15.718935195501276
44250.0,10.157594680786133,10.157594680786133,20.868305206298828,10.710710525512695,15.728304707199229
44500.0,29.31157684326172,29.31157684326172,22.835819244384766,-6.475757598876953,15.737595088581818
44750.0,157.87936401367188,157.87936401367188,22.930341720581055,-134.94902229309082,15.74582102182004
45000.0,14.731667518615723,14.731667518615723,13.374494552612305,-1.357172966003418,15.755209806390434
45250.0,13.594544410705566,13.594544410705566,22.22266960144043,8.628125190734863,15.76450879350311
45500.0,44.04962158203125,44.04962158203125,13.358101844787598,-30.691519737243652,15.77359351864129
45750.0,1.6827619075775146,1.6827619075775146,12.816596984863281,11.133835077285767,15.78268220529648
46000.0,15.94089126586914,15.94089126586914,22.42176628112793,6.480875015258789,15.791614024122488
46250.0,8.878571510314941,8.878571510314941,21.739368438720703,12.860796928405762,15.800667171336604
46500.0,11.830946922302246,11.830946922302246,22.263992309570312,10.433045387268066,15.809321659340524
46750.0,16.14613151550293,16.14613151550293,21.40292739868164,5.256795883178711,15.818203127968252
47000.0,9.505888938903809,9.505888938903809,22.52971649169922,13.02382755279541,15.827132930137955
47250.0,16.886289596557617,16.886289596557617,14.331490516662598,-2.5547990798950195,15.836515527133429
47500.0,8.631937980651855,8.631937980651855,22.642356872558594,14.010418891906738,15.846138597698385
47750.0,40.46336364746094,40.46336364746094,13.8253173828125,-26.638046264648438,15.855612131699862
48000.0,406.9166259765625,406.9166259765625,21.86190414428711,-385.0547218322754,15.864866177103897
48250.0,18.505481719970703,18.505481719970703,22.288389205932617,3.782907485961914,15.873722354777932
48500.0,96.80225372314453,96.80225372314453,21.97765350341797,-74.82460021972656,15.880895022316967
48750.0,22.639671325683594,22.639671325683594,13.987640380859375,-8.652030944824219,15.888638160954187
49000.0,50.931697845458984,50.931697845458984,13.437406539916992,-37.49429130554199,15.897412474238019
49250.0,38.42441940307617,38.42441940307617,21.786333084106445,-16.638086318969727,15.906424301828016
49500.0,39.65609359741211,39.65609359741211,14.125435829162598,-25.53065776824951,15.91519813459393
49750.0,36.91086196899414,36.91086196899414,20.378662109375,-16.53219985961914,15.923703076151115
50000.0,11.837441444396973,11.837441444396973,18.28919219970703,6.451750755310059,15.554568484225708
50250.0,41.842559814453125,41.842559814453125,21.56024932861328,-20.282310485839844,15.56489222870172
50500.0,36.63587188720703,36.63587188720703,21.610851287841797,-15.025020599365234,15.575114358292195
50750.0,10.736292839050293,10.736292839050293,18.59099578857422,7.854702949523926,15.585275290188168
51000.0,46.37117385864258,46.37117385864258,13.803421020507812,-32.567752838134766,15.595432613421627
51250.0,65.46853637695312,65.46853637695312,18.67540740966797,-46.793128967285156,15.605364089263594
51500.0,31.44782257080078,31.44782257080078,19.089035034179688,-12.358787536621094,15.615277357466361
51750.0,2.788461685180664,2.788461685180664,15.511178970336914,12.72271728515625,15.625113601933899
52000.0,28.376548767089844,28.376548767089844,19.799068450927734,-8.57748031616211,15.634658703387133
52250.0,26.854488372802734,26.854488372802734,21.934497833251953,-4.919990539550781,15.644142487451873
52500.0,27.736852645874023,27.736852645874023,23.407760620117188,-4.329092025756836,15.653212078276772
52750.0,435.5832214355469,435.5832214355469,21.773469924926758,-413.8097515106201,15.662307584296817
53000.0,20.937585830688477,20.937585830688477,27.680339813232422,6.742753982543945,15.670462331250945
53250.0,28.274059295654297,28.274059295654297,26.1888427734375,-2.085216522216797,15.679751683730515
53500.0,37.05991744995117,37.05991744995117,25.84864044189453,-11.21127700805664,15.68881011213842
53750.0,251.24591064453125,251.24591064453125,28.077417373657227,-223.16849327087402,15.696778803593654
54000.0,33.50259780883789,33.50259780883789,16.12685775756836,-17.37574005126953,15.703178065568107
54250.0,17.094894409179688,17.094894409179688,15.058378219604492,-2.0365161895751953,15.708243947706508
54500.0,7.536531448364258,7.536531448364258,22.7808780670166,15.244346618652344,15.713126178969327
54750.0,13.512307167053223,13.512307167053223,14.939435958862305,1.427128791809082,15.717080273695332
55000.0,7.040763854980469,7.040763854980469,22.718538284301758,15.677774429321289,15.72188691788314
55250.0,47.18947982788086,47.18947982788086,34.521446228027344,-12.668033599853516,15.727266612884824
55500.0,11.874916076660156,11.874916076660156,18.387693405151367,6.512777328491211,15.733101071908761
55750.0,85.46202087402344,85.46202087402344,37.94675064086914,-47.5152702331543,15.738778356750455
56000.0,13.378345489501953,13.378345489501953,42.36277770996094,28.984432220458984,15.745287101935272
56250.0,49.01384735107422,49.01384735107422,15.116137504577637,-33.89770984649658,15.752624710094219
56500.0,4.014861106872559,4.014861106872559,27.209199905395508,23.19433879852295,15.7599709806065
56750.0,16.699398040771484,16.699398040771484,15.059386253356934,-1.6400117874145508,15.767375926374527
57000.0,12.834515571594238,12.834515571594238,62.36541748046875,49.53090190887451,15.774780414915801
57250.0,10.503409385681152,10.503409385681152,62.549713134765625,52.04630374908447,15.78210803911288
57500.0,21.99098014831543,21.99098014831543,15.112892150878906,-6.878087997436523,15.789284577441371
57750.0,6.831716537475586,6.831716537475586,16.804231643676758,9.972515106201172,15.796483978491647
58000.0,51.88624954223633,51.88624954223633,14.875499725341797,-37.01074981689453,15.803434783945075
58250.0,8.670731544494629,8.670731544494629,35.656455993652344,26.985724449157715,15.81045681710162
58500.0,44.82413101196289,44.82413101196289,21.34693145751953,-23.47719955444336,15.817473286374222
58750.0,10.376131057739258,10.376131057739258,14.955938339233398,4.579807281494141,15.824139549139897
59000.0,10.574163436889648,10.574163436889648,46.29118347167969,35.71702003479004,15.830843043608187
59250.0,19.647459030151367,19.647459030151367,58.740455627441406,39.09299659729004,15.837350809583164
59500.0,7.2081804275512695,7.2081804275512695,24.196611404418945,16.988430976867676,15.8438504548517
59750.0,28.947174072265625,28.947174072265625,15.059932708740234,-13.88724136352539,15.850433080405915
60000.0,31.744617462158203,31.744617462158203,15.139106750488281,-16.605510711669922,15.54265408812857
60250.0,18.60496711730957,18.60496711730957,51.778358459472656,33.173391342163086,15.550219179608828
60500.0,21.690326690673828,21.690326690673828,29.74460220336914,8.054275512695312,15.557808541180263
60750.0,34.75318908691406,34.75318908691406,50.81535339355469,16.062164306640625,15.565349724224586
61000.0,3.2834041118621826,3.2834041118621826,15.034136772155762,11.750732660293579,15.572877848644852
61250.0,25.46818733215332,25.46818733215332,48.48070526123047,23.01251792907715,15.579435253217484
61500.0,5.654207229614258,5.654207229614258,36.1352424621582,30.481035232543945,15.585750239996623
61750.0,25.008928298950195,25.008928298950195,15.0951566696167,-9.913771629333496,15.591769397423523
62000.0,30.53042984008789,30.53042984008789,14.870424270629883,-15.660005569458008,15.598291125714695
62250.0,10.268048286437988,10.268048286437988,34.037574768066406,23.769526481628418,15.605496998740593
62500.0,156.46311950683594,156.46311950683594,46.99957275390625,-109.46354675292969,15.612354208945499
62750.0,32.453609466552734,32.453609466552734,14.8262300491333,-17.627379417419434,15.619363550170712
63000.0,18.84105682373047,18.84105682373047,48.784690856933594,29.943634033203125,15.62623791261879
63250.0,23.962844848632812,23.962844848632812,49.36747741699219,25.404632568359375,15.633447378149487
63500.0,20.885753631591797,20.885753631591797,42.479644775390625,21.593891143798828,15.641329095081371
63750.0,39.09366989135742,39.09366989135742,49.48528289794922,10.391613006591797,15.649311490575313
64000.0,10.112846374511719,10.112846374511719,14.960926055908203,4.848079681396484,15.657232561588703
64250.0,13.876930236816406,13.876930236816406,50.91448211669922,37.03755187988281,15.664500450962525
64500.0,17.572338104248047,17.572338104248047,42.218505859375,24.646167755126953,15.670183982115406
64750.0,7.558341979980469,7.558341979980469,33.06536865234375,25.50702667236328,15.676962278747325
65000.0,50.883087158203125,50.883087158203125,44.81112289428711,-6.071964263916016,15.68364329501401
65250.0,11.394554138183594,11.394554138183594,16.922012329101562,5.527458190917969,15.690169682343049
65500.0,47.543975830078125,47.543975830078125,14.860984802246094,-32.68299102783203,15.696762156583839
65750.0,18.70404052734375,18.70404052734375,42.04204559326172,23.33800506591797,15.703192331085935
66000.0,7.450470924377441,7.450470924377441,13.373588562011719,5.923117637634277,15.709652820888834
66250.0,48.360042572021484,48.360042572021484,15.081914901733398,-33.278127670288086,15.716061293915006
66500.0,23.856739044189453,23.856739044189453,46.7454833984375,22.888744354248047,15.722475906385336
66750.0,14.889220237731934,14.889220237731934,36.35015869140625,21.460938453674316,15.728749311273162
67000.0,41.073822021484375,41.073822021484375,15.052131652832031,-26.021690368652344,15.734954997851629
67250.0,8.263379096984863,8.263379096984863,14.887090682983398,6.623711585998535,15.741175768254593
67500.0,37.94939041137695,37.94939041137695,15.048858642578125,-22.900531768798828,15.747302341468306
67750.0,18.92670440673828,18.92670440673828,26.419910430908203,7.493206024169922,15.753440120511282
68000.0,25.2466983795166,25.2466983795166,43.24768829345703,18.00098991394043,15.758280996615625
68250.0,8.346654891967773,8.346654891967773,42.47630310058594,34.129648208618164,15.762573165186252
68500.0,41.78413391113281,41.78413391113281,51.2489013671875,9.464767456054688,15.766598549223014
68750.0,50.01224136352539,50.01224136352539,43.634830474853516,-6.377410888671875,15.77048550401336
69000.0,9.905282974243164,9.905282974243164,24.272621154785156,14.367338180541992,15.774356520792194
69250.0,53.01508331298828,53.01508331298828,47.10061264038086,-5.914470672607422,15.77858132690679
69500.0,22.699827194213867,22.699827194213867,33.9610481262207,11.261220932006836,15.783661475428657
69750.0,26.917150497436523,26.917150497436523,15.045577049255371,-11.871573448181152,15.787679489934964
70000.0,9.879348754882812,9.879348754882812,18.607776641845703,8.72842788696289,15.52243464839195
70250.0,10.657800674438477,10.657800674438477,33.4156494140625,22.757848739624023,15.529065371955957
70500.0,46.24784851074219,46.24784851074219,14.919466018676758,-31.32838249206543,15.535871118581053
70750.0,3.8620426654815674,3.8620426654815674,25.180904388427734,21.318861722946167,15.543087940351302
71000.0,11.155787467956543,11.155787467956543,15.007678985595703,3.85189151763916,15.550662996562618
71250.0,24.843387603759766,24.843387603759766,24.396255493164062,-0.4471321105957031,15.558446861377618
71500.0,3.0870354175567627,3.0870354175567627,27.196475982666016,24.109440565109253,15.566202401857277
71750.0,24.847803115844727,24.847803115844727,22.519922256469727,-2.327880859375,15.573879357024055
72000.0,90.6983642578125,90.6983642578125,24.13180160522461,-66.56656265258789,15.58145502759224
72250.0,522.0452880859375,522.0452880859375,31.153850555419922,-490.8914375305176,15.588963538037367
72500.0,33.87841033935547,33.87841033935547,15.121883392333984,-18.756526947021484,15.596578960047704
72750.0,16.339805603027344,16.339805603027344,15.137826919555664,-1.2019786834716797,15.604337952068143
73000.0,16.116504669189453,16.116504669189453,23.103492736816406,6.986988067626953,15.611924722800573
73250.0,35.696739196777344,35.696739196777344,15.034687995910645,-20.6620512008667,15.617804838167395
73500.0,573.04248046875,573.04248046875,48.38808822631836,-524.6543922424316,15.623791527413696
73750.0,29.033815383911133,29.033815383911133,15.088064193725586,-13.945751190185547,15.630285539436183
74000.0,12.206154823303223,12.206154823303223,48.283382415771484,36.07722759246826,15.637557048315715
74250.0,23.484939575195312,23.484939575195312,14.31564712524414,-9.169292449951172,15.644873481201548
74500.0,10.733724594116211,10.733724594116211,52.48069763183594,41.74697303771973,15.652354353203233
74750.0,6.974888801574707,6.974888801574707,52.31696319580078,45.342074394226074,15.659250233094266
75000.0,11.03611946105957,11.03611946105957,57.971527099609375,46.935407638549805,15.66681368420456
75250.0,22.1478271484375,22.1478271484375,29.193347930908203,7.045520782470703,15.674185543655254
75500.0,32.59836959838867,32.59836959838867,40.867767333984375,8.269397735595703,15.68094883712065
75750.0,87.33224487304688,87.33224487304688,42.52447509765625,-44.807769775390625,15.687559964475385
76000.0,20.301061630249023,20.301061630249023,63.44712829589844,43.146066665649414,15.694139468664481
76250.0,24.51310920715332,24.51310920715332,51.16438674926758,26.651277542114258,15.700528373564318
76500.0,52.4601936340332,52.4601936340332,15.101987838745117,-37.358205795288086,15.706909231606092
76750.0,40.65184783935547,40.65184783935547,63.28639221191406,22.634544372558594,15.713276480580554
77000.0,20.895980834960938,20.895980834960938,63.394012451171875,42.49803161621094,15.719630151073185
77250.0,294.88946533203125,294.88946533203125,52.728240966796875,-242.16122436523438,15.725870132261564
77500.0,18.939971923828125,18.939971923828125,62.548118591308594,43.60814666748047,15.731866270328057
77750.0,9.722257614135742,9.722257614135742,40.555946350097656,30.833688735961914,15.738744021892758
78000.0,33.592376708984375,33.592376708984375,61.50343322753906,27.911056518554688,15.74559796131334
78250.0,19.163297653198242,19.163297653198242,14.595569610595703,-4.567728042602539,15.751935413733845
78500.0,11.521844863891602,11.521844863891602,31.67653465270996,20.15468978881836,15.757796492519383
78750.0,6.485019683837891,6.485019683837891,28.509933471679688,22.024913787841797,15.763620329249996
79000.0,48.498016357421875,48.498016357421875,15.138992309570312,-33.35902404785156,15.769610746468462
79250.0,15.664487838745117,15.664487838745117,33.90288162231445,18.238393783569336,15.77617908304963
79500.0,517.6222534179688,517.6222534179688,44.002685546875,-473.61956787109375,15.782672326374815
79750.0,3.5740513801574707,3.5740513801574707,18.892196655273438,15.318145275115967,15.789275078415463
80000.0,8.554863929748535,8.554863929748535,36.64912796020508,28.094264030456543,15.570114475405394
80250.0,8.74185562133789,8.74185562133789,28.456562042236328,19.714706420898438,15.577329918835812
80500.0,31.02104377746582,31.02104377746582,15.354050636291504,-15.666993141174316,15.584571023263386
80750.0,5.51146125793457,5.51146125793457,18.95026397705078,13.438802719116211,15.591902308911028
81000.0,286.1863098144531,286.1863098144531,37.52677536010742,-248.6595344543457,15.599000877881018
81250.0,12.003881454467773,12.003881454467773,50.967166900634766,38.96328544616699,15.606149771009079
81500.0,56.64119338989258,56.64119338989258,15.228067398071289,-41.41312599182129,15.613144265791544
81750.0,12.760656356811523,12.760656356811523,52.15892791748047,39.398271560668945,15.62030443919412
82000.0,39.72810363769531,39.72810363769531,15.221006393432617,-24.507097244262695,15.627432673819374
82250.0,14.904801368713379,14.904801368713379,15.536096572875977,0.6312952041625977,15.634539551160175
82500.0,663.0348510742188,663.0348510742188,28.149580001831055,-634.8852710723877,15.641683921025999
82750.0,41.54600143432617,41.54600143432617,15.090761184692383,-26.45524024963379,15.64872244770342
83000.0,15.600739479064941,15.600739479064941,54.26619338989258,38.66545391082764,15.655962895836538
83250.0,72.23390197753906,72.23390197753906,52.041290283203125,-20.192611694335938,15.663242157542197
83500.0,49.47895431518555,49.47895431518555,16.201457977294922,-33.277496337890625,15.670522330107252
83750.0,154.71612548828125,154.71612548828125,27.430843353271484,-127.28528213500977,15.67762488927316
84000.0,865.2422485351562,865.2422485351562,26.590139389038086,-838.6521091461182,15.684772316928276
84250.0,44.82369613647461,44.82369613647461,15.410591125488281,-29.413105010986328,15.69190522216961
84500.0,5.641852855682373,5.641852855682373,34.688148498535156,29.046295642852783,15.698980585508808
84750.0,175.72190856933594,175.72190856933594,16.772361755371094,-158.94954681396484,15.705563801208156
85000.0,17.712438583374023,17.712438583374023,15.020878791809082,-2.6915597915649414,15.712813124561048
85250.0,698.8238525390625,698.8238525390625,15.2388916015625,-683.5849609375,15.719959501980437
85500.0,21.624326705932617,21.624326705932617,65.9588851928711,44.33455848693848,15.727211474618692
85750.0,23.5338077545166,23.5338077545166,16.068927764892578,-7.464879989624023,15.734361802963287
86000.0,41.07228469848633,41.07228469848633,15.253584861755371,-25.818699836730957,15.741462293682641
86250.0,33.45150375366211,33.45150375366211,65.0892105102539,31.637706756591797,15.748590019406423
86500.0,51.179100036621094,51.179100036621094,15.196874618530273,-35.98222541809082,15.755664991579403
86750.0,41.069190979003906,41.069190979003906,20.920116424560547,-20.14907455444336,15.762689158604488
87000.0,18.871484756469727,18.871484756469727,77.69482421875,58.82333946228027,15.769733744885915
87250.0,38.743350982666016,38.743350982666016,62.714881896972656,23.97153091430664,15.776542940934453
87500.0,52.6038932800293,52.6038932800293,15.135750770568848,-37.46814250946045,15.783334827822982
87750.0,32.245643615722656,32.245643615722656,43.26355743408203,11.017913818359375,15.790050232850557
88000.0,51.38918685913086,51.38918685913086,15.284110069274902,-36.10507678985596,15.79682714100568
88250.0,40.569942474365234,40.569942474365234,78.30079650878906,37.73085403442383,15.803488507788972
88500.0,123.61848449707031,123.61848449707031,53.81533432006836,-69.80315017700195,15.81025355181145
88750.0,24.342636108398438,24.342636108398438,34.83905792236328,10.496421813964844,15.817002716453942
89000.0,48.34266662597656,48.34266662597656,15.313436508178711,-33.02923011779785,15.823726612947665
89250.0,38.18326187133789,38.18326187133789,15.353154182434082,-22.83010768890381,15.83023181634756
89500.0,105.33567810058594,105.33567810058594,56.657840728759766,-48.67783737182617,15.836787991923295
89750.0,14.987103462219238,14.987103462219238,65.6377944946289,50.65069103240967,15.843415947384605
90000.0,170.79515075683594,170.79515075683594,64.86604309082031,-105.92910766601562,15.650461257401926
90250.0,571.10791015625,571.10791015625,50.2138557434082,-520.8940544128418,15.657311666342475
90500.0,141.611083984375,141.611083984375,72.78588104248047,-68.82520294189453,15.66420569877176
90750.0,712.483642578125,712.483642578125,74.11227416992188,-638.3713684082031,15.670998183955524
91000.0,14.060689926147461,14.060689926147461,77.40721130371094,63.34652137756348,15.677871222026331
91250.0,27.34640884399414,27.34640884399414,62.78388595581055,35.437477111816406,15.684567931709262
91500.0,7.095916748046875,7.095916748046875,43.1572265625,36.061309814453125,15.691241353878759
91750.0,27.160470962524414,27.160470962524414,59.80323791503906,32.64276695251465,15.69783839251052
92000.0,7.56410026550293,7.56410026550293,65.33267211914062,57.768571853637695,15.704433638771917
92250.0,940.4166870117188,940.4166870117188,78.79530334472656,-861.6213836669922,15.710941597466896
92500.0,12.262478828430176,12.262478828430176,65.7257080078125,53.463229179382324,15.71746913696617
92750.0,10.870675086975098,10.870675086975098,87.8946762084961,77.024001121521,15.723944736436154
93000.0,25.750076293945312,25.750076293945312,93.34224700927734,67.59217071533203,15.730395932720466
93250.0,11.320682525634766,11.320682525634766,47.51579284667969,36.19511032104492,15.736924186064671
93500.0,10.581012725830078,10.581012725830078,77.005126953125,66.42411422729492,15.743354223154528
93750.0,17.507404327392578,17.507404327392578,78.73677062988281,61.229366302490234,15.749809114943861
94000.0,9.665517807006836,9.665517807006836,94.94853210449219,85.28301429748535,15.756268136365227
94250.0,31.887195587158203,31.887195587158203,94.89726257324219,63.010066986083984,15.76264822566403
94500.0,37.82009506225586,37.82009506225586,94.38448333740234,56.564388275146484,15.769026040076138
94750.0,1390.2877197265625,1390.2877197265625,90.14525604248047,-1300.142463684082,15.774743350866702
95000.0,14.61372184753418,14.61372184753418,75.12785339355469,60.51413154602051,15.781226528213638
95250.0,490.741943359375,490.741943359375,80.19792175292969,-410.5440216064453,15.787624898714851
95500.0,33.34202194213867,33.34202194213867,71.80961608886719,38.467594146728516,15.794040638443503
95750.0,6.238554000854492,6.238554000854492,60.363433837890625,54.12487983703613,15.800340086670214
96000.0,9.104382514953613,9.104382514953613,67.04972839355469,57.945345878601074,15.80664482404969
96250.0,37.8608512878418,37.8608512878418,64.00431823730469,26.14346694946289,15.812953136373952
96500.0,17.951438903808594,17.951438903808594,76.84346771240234,58.89202880859375,15.819151865221592
96750.0,302.3931579589844,302.3931579589844,65.09081268310547,-237.3023452758789,15.82528570741773
97000.0,198.2641143798828,198.2641143798828,65.04669189453125,-133.21742248535156,15.83130888921021
97250.0,7.852863311767578,7.852863311767578,74.596923828125,66.74406051635742,15.83741823988523
97500.0,54.95306396484375,54.95306396484375,73.85836791992188,18.905303955078125,15.84351667900812
97750.0,24.831012725830078,24.831012725830078,68.50068664550781,43.669673919677734,15.849566090634152
98000.0,31.285966873168945,31.285966873168945,61.9008674621582,30.614900588989258,15.855434821192746
98250.0,27.047189712524414,27.047189712524414,83.19778442382812,56.15059471130371,15.861352247241953
98500.0,12.666902542114258,12.666902542114258,60.542152404785156,47.8752498626709,15.867265532007394
98750.0,585.4324340820312,585.4324340820312,70.9744644165039,-514.4579696655273,15.873020631184554
99000.0,26.49925422668457,26.49925422668457,75.4079360961914,48.908681869506836,15.878874893460688
99250.0,32.64982604980469,32.64982604980469,91.36656951904297,58.71674346923828,15.884695716842502
99500.0,39.77277755737305,39.77277755737305,78.11151123046875,38.3387336730957,15.890518337888421
99750.0,13.882579803466797,13.882579803466797,46.29938507080078,32.416805267333984,15.89637557660555
100000.0,12.802105903625488,12.802105903625488,49.60895919799805,36.80685329437256,15.720969059067658
100250.0,18.756572723388672,18.756572723388672,48.41548156738281,29.65890884399414,15.727104960822762
100500.0,5.313804626464844,5.313804626464844,74.92877197265625,69.6149673461914,15.73323825609296
100750.0,181.7374267578125,181.7374267578125,77.51362609863281,-104.22380065917969,15.739275276109778
101000.0,13.8024320602417,13.8024320602417,77.44111633300781,63.63868427276611,15.745171189426935
101250.0,6.199621200561523,6.199621200561523,42.837364196777344,36.63774299621582,15.75124092823304
101500.0,31.94413185119629,31.94413185119629,76.82611083984375,44.88197898864746,15.757205824327134
101750.0,235.42405700683594,235.42405700683594,77.015625,-158.40843200683594,15.763103721659677
102000.0,120.9490737915039,120.9490737915039,77.73790740966797,-43.21116638183594,15.768914320243356
102250.0,3.413097620010376,3.413097620010376,47.888023376464844,44.47492575645447,15.774678117497203
102500.0,8.325887680053711,8.325887680053711,42.199615478515625,33.873727798461914,15.780453844483379
102750.0,7.124170303344727,7.124170303344727,74.69412994384766,67.56995964050293,15.786182269451906
103000.0,6.20004940032959,6.20004940032959,60.5037841796875,54.30373477935791,15.791841361986041
103250.0,103.26917266845703,103.26917266845703,61.72021484375,-41.54895782470703,15.797424404239006
103500.0,792.462890625,792.462890625,89.63104248046875,-702.8318481445312,15.802967080464708
103750.0,13.981706619262695,13.981706619262695,73.66090393066406,59.67919731140137,15.808550893802465
104000.0,1661.413330078125,1661.413330078125,67.2011947631836,-1594.2121353149414,15.814062710017563
104250.0,352.2421875,352.2421875,66.0858383178711,-286.1563491821289,15.81960573299933
104500.0,7.433236122131348,7.433236122131348,41.156455993652344,33.723219871520996,15.82511775219716
104750.0,710.2330932617188,710.2330932617188,61.00373077392578,-649.229362487793,15.830237222521864
105000.0,80.09090423583984,80.09090423583984,55.00078582763672,-25.090118408203125,15.835895646279013
105250.0,4.998713970184326,4.998713970184326,31.038570404052734,26.039856433868408,15.839523351615389
105500.0,6.977183818817139,6.977183818817139,62.485694885253906,55.50851106643677,15.84498123421816
105750.0,50.40544128417969,50.40544128417969,60.29540252685547,9.889961242675781,15.85037579239518
106000.0,5.942274570465088,5.942274570465088,61.59461212158203,55.65233755111694,15.855803157643784
106250.0,1186.0804443359375,1186.0804443359375,79.09444427490234,-1106.9860000610352,15.86119325138053
106500.0,1963.29736328125,1963.29736328125,90.38754272460938,-1872.9098205566406,15.866428930439847
106750.0,544.2244873046875,544.2244873046875,92.39132690429688,-451.8331604003906,15.871496425024983
107000.0,14.581482887268066,14.581482887268066,90.03947448730469,75.45799160003662,15.876822367945689
107250.0,7.952773094177246,7.952773094177246,58.9264030456543,50.97362995147705,15.882220658946176
107500.0,3.8269598484039307,3.8269598484039307,64.46918487548828,60.64222502708435,15.887489573104789
107750.0,20.730093002319336,20.730093002319336,77.78497314453125,57.054880142211914,15.892648253981738
108000.0,39.765541076660156,39.765541076660156,26.852962493896484,-12.912578582763672,15.897862579147079
108250.0,27.03035545349121,27.03035545349121,31.864269256591797,4.833913803100586,15.903009078528529
108500.0,1247.536376953125,1247.536376953125,72.02185821533203,-1175.514518737793,15.908044439545455
108750.0,1568.87744140625,1568.87744140625,93.97766876220703,-1474.899772644043,15.913333564127148
109000.0,1519.063720703125,1519.063720703125,94.9490966796875,-1424.1146240234375,15.918505005087031
109250.0,1053.709228515625,1053.709228515625,81.06680297851562,-972.6424255371094,15.923690226806748
109500.0,10.501601219177246,10.501601219177246,29.820514678955078,19.318913459777832,15.928838902755654
109750.0,1035.4892578125,1035.4892578125,60.31269073486328,-975.1765670776367,15.933919676710538
110000.0,12.764660835266113,12.764660835266113,25.22803497314453,12.463374137878418,15.77337669852683
110250.0,7.911974906921387,7.911974906921387,23.001480102539062,15.089505195617676,15.77871761755808
110500.0,1010.4454956054688,1010.4454956054688,70.27827453613281,-940.1672210693359,15.783989012919696
110750.0,18.70901870727539,18.70901870727539,26.268081665039062,7.559062957763672,15.789313949209953
111000.0,20.97404670715332,20.97404670715332,24.496089935302734,3.522043228149414,15.794544110386404
111250.0,2112.998046875,2112.998046875,81.97610473632812,-2031.0219421386719,15.799736132499435
111500.0,11.905661582946777,11.905661582946777,94.97244262695312,83.06678104400635,15.804995094884134
111750.0,30.07549285888672,30.07549285888672,26.677452087402344,-3.398040771484375,15.810169797131401
112000.0,11.869542121887207,11.869542121887207,27.949783325195312,16.080241203308105,15.8152797992087
112250.0,13.891036987304688,13.891036987304688,34.18172073364258,20.29068374633789,15.820411587030367
112500.0,954.6712646484375,954.6712646484375,100.98905944824219,-853.6822052001953,15.82544040078032
112750.0,3.7931594848632812,3.7931594848632812,27.81363296508789,24.02047348022461,15.829211058826914
113000.0,679.9703369140625,679.9703369140625,63.841636657714844,-616.1287002563477,15.833458068654283
113250.0,20.952560424804688,20.952560424804688,112.60993957519531,91.65737915039062,15.838496754357868
113500.0,1587.6038818359375,1587.6038818359375,116.41742706298828,-1471.1864547729492,15.843469531598336
113750.0,52.292869567871094,52.292869567871094,21.208663940429688,-31.084205627441406,15.848602244141432
114000.0,712.7236328125,712.7236328125,115.33216094970703,-597.391471862793,15.853722476916152
114250.0,51.38842010498047,51.38842010498047,21.741722106933594,-29.646697998046875,15.858777832566883
114500.0,1685.3963623046875,1685.3963623046875,35.74653625488281,-1649.6498260498047,15.863797672953742
114750.0,1058.803466796875,1058.803466796875,142.42514038085938,-916.3783264160156,15.868432836690836
115000.0,933.3208618164062,933.3208618164062,142.9859619140625,-790.3348999023438,15.873519851783064
115250.0,969.44970703125,969.44970703125,34.303165435791016,-935.146541595459,15.878378493201156
115500.0,2.9778239727020264,2.9778239727020264,22.433006286621094,19.455182313919067,15.883348594236153
115750.0,451.424560546875,451.424560546875,67.88314819335938,-383.5414123535156,15.888303351329021
116000.0,352.1430358886719,352.1430358886719,107.58905029296875,-244.55398559570312,15.89328767985519
116250.0,34.61205291748047,34.61205291748047,23.082721710205078,-11.52933120727539,15.898349950048383
116500.0,658.1982421875,658.1982421875,138.6592254638672,-519.5390167236328,15.903207191872186
116750.0,46.530696868896484,46.530696868896484,20.994518280029297,-25.536178588867188,15.908108835821668
117000.0,25.80617904663086,25.80617904663086,94.52032470703125,68.71414566040039,15.913058792148826
117250.0,78.73839569091797,78.73839569091797,137.87216186523438,59.133766174316406,15.918095274035144
117500.0,1197.0750732421875,1197.0750732421875,91.46025085449219,-1105.6148223876953,15.922918184231936
117750.0,17.861780166625977,17.861780166625977,96.07588195800781,78.21410179138184,15.92735746233777
118000.0,1080.278564453125,1080.278564453125,161.92483520507812,-918.3537292480469,15.930574471034822
118250.0,785.9028930664062,785.9028930664062,65.71104431152344,-720.1918487548828,15.935226329373924
118500.0,763.0859985351562,763.0859985351562,129.52291870117188,-633.5630798339844,15.938994044673368
118750.0,1483.000732421875,1483.000732421875,165.26376342773438,-1317.7369689941406,15.943469200650869
119000.0,17.598642349243164,17.598642349243164,171.04360961914062,153.44496726989746,15.948060824781592
119250.0,13.479286193847656,13.479286193847656,141.50352478027344,128.02423858642578,15.952710466908536
119500.0,3.853142738342285,3.853142738342285,78.37223815917969,74.5190954208374,15.957350696654862
119750.0,14.064474105834961,14.064474105834961,135.02804565429688,120.96357154846191,15.961947197727348
120000.0,3.0653109550476074,3.0653109550476074,60.011558532714844,56.946247577667236,15.813422846765794
120250.0,17.183427810668945,17.183427810668945,168.87472534179688,151.69129753112793,15.818377814539065
120500.0,11.962116241455078,11.962116241455078,159.71954345703125,147.75742721557617,15.823084018950361
120750.0,13.951912879943848,13.951912879943848,29.68830108642578,15.736388206481934,15.827668286466155
121000.0,26.610809326171875,26.610809326171875,117.275390625,90.66458129882812,15.832377204336284
121250.0,14.535004615783691,14.535004615783691,143.62925720214844,129.09425258636475,15.837129403478892
121500.0,138.05728149414062,138.05728149414062,140.74880981445312,2.6915283203125,15.841689477651826
121750.0,1182.9381103515625,1182.9381103515625,173.71456909179688,-1009.2235412597656,15.846029196494191
122000.0,26.92164421081543,26.92164421081543,95.23948669433594,68.31784248352051,15.850700981145822
122250.0,4.352456092834473,4.352456092834473,20.5305118560791,16.17805576324463,15.855396133154061
122500.0,1292.6236572265625,1292.6236572265625,121.1803970336914,-1171.443260192871,15.86004952301407
122750.0,336.1753234863281,336.1753234863281,139.39779663085938,-196.77752685546875,15.86468188045856
123000.0,12.509133338928223,12.509133338928223,173.3714599609375,160.86232662200928,15.869234769981798
123250.0,44.12797164916992,44.12797164916992,95.65583801269531,51.52786636352539,15.87349632868404
123500.0,1404.58447265625,1404.58447265625,142.7503662109375,-1261.8341064453125,15.878000427772248
123750.0,28.947559356689453,28.947559356689453,114.63197326660156,85.68441390991211,15.882494267751971
124000.0,11.009784698486328,11.009784698486328,169.63406372070312,158.6242790222168,15.887041437075263
124250.0,20.411590576171875,20.411590576171875,15.44697380065918,-4.964616775512695,15.891623055652826
124500.0,2.431039571762085,2.431039571762085,63.422096252441406,60.99105668067932,15.896217394215103
124750.0,6.755570888519287,6.755570888519287,165.12652587890625,158.37095499038696,15.900408285851313
125000.0,525.2223510742188,525.2223510742188,154.47283935546875,-370.74951171875,15.905055680694067
125250.0,2.8256258964538574,2.8256258964538574,18.452016830444336,15.626390933990479,15.909719398917687
125500.0,1.910844326019287,1.910844326019287,20.986968994140625,19.076124668121338,15.914240363522346
125750.0,19.396020889282227,19.396020889282227,80.33618927001953,60.940168380737305,15.918798116836426
126000.0,189.43597412109375,189.43597412109375,132.40249633789062,-57.033477783203125,15.923285160132265
126250.0,2057.3955078125,2057.3955078125,139.12269592285156,-1918.2728118896484,15.927753438850763
126500.0,187.3964080810547,187.3964080810547,140.65464782714844,-46.74176025390625,15.932105308238171
126750.0,1162.0555419921875,1162.0555419921875,174.23297119140625,-987.8225708007812,15.936431968959537
127000.0,1521.7799072265625,1521.7799072265625,173.26800537109375,-1348.5119018554688,15.940900444035446
127250.0,1391.7021484375,1391.7021484375,176.16488647460938,-1215.5372619628906,15.945356654159184
127500.0,386.04156494140625,386.04156494140625,174.63381958007812,-211.40774536132812,15.94980823068408
127750.0,1571.95947265625,1571.95947265625,174.0704803466797,-1397.8889923095703,15.954168895179302
128000.0,14.598739624023438,14.598739624023438,209.26583862304688,194.66709899902344,15.95853782741705
128250.0,1423.554443359375,1423.554443359375,142.959716796875,-1280.5947265625,15.962773010700593
128500.0,36.4304313659668,36.4304313659668,59.528587341308594,23.098155975341797,15.967088546479525
128750.0,2077.405029296875,2077.405029296875,213.0015869140625,-1864.4034423828125,15.971270805084387
129000.0,16.270782470703125,16.270782470703125,211.05593872070312,194.78515625,15.97544892300739
129250.0,7.847104549407959,7.847104549407959,24.929798126220703,17.082693576812744,15.979759368985638
129500.0,11.242329597473145,11.242329597473145,210.61795043945312,199.37562084197998,15.984150769047796
129750.0,19.435550689697266,19.435550689697266,209.6315155029297,190.19596481323242,15.988414697935857
130000.0,40.98503875732422,40.98503875732422,209.62384033203125,168.63880157470703,15.852490915366387
130250.0,10.95425796508789,10.95425796508789,24.609607696533203,13.655349731445312,15.856924261537507
130500.0,17.950119018554688,17.950119018554688,15.699764251708984,-2.250354766845703,15.861337450008618
130750.0,8.508527755737305,8.508527755737305,17.51449203491211,9.005964279174805,15.865792599342814
131000.0,19.264188766479492,19.264188766479492,41.926673889160156,22.662485122680664,15.870245299169117
131250.0,44.465354919433594,44.465354919433594,15.463651657104492,-29.0017032623291,15.874666030981793
131500.0,91.34494018554688,91.34494018554688,183.25181579589844,91.90687561035156,15.87891959494028
131750.0,140.20982360839844,140.20982360839844,195.65219116210938,55.44236755371094,15.88322897755816
132000.0,1687.458251953125,1687.458251953125,197.24923706054688,-1490.2090148925781,15.887421007330389
132250.0,41.506290435791016,41.506290435791016,17.070037841796875,-24.43625259399414,15.89179847004146
132500.0,442.5997009277344,442.5997009277344,245.07730102539062,-197.52239990234375,15.896175018208517
132750.0,1994.971923828125,1994.971923828125,262.99114990234375,-1731.9807739257812,15.900395446375864
133000.0,14.510986328125,14.510986328125,259.26544189453125,244.75445556640625,15.904640595578018
133250.0,1279.7646484375,1279.7646484375,255.09884643554688,-1024.6658020019531,15.908838497937877
133500.0,38.19896697998047,38.19896697998047,258.0275573730469,219.8285903930664,15.913010090510314
133750.0,1182.8734130859375,1182.8734130859375,253.12396240234375,-929.7494506835938,15.91713335386665
134000.0,43.00446319580078,43.00446319580078,248.64361572265625,205.63915252685547,15.921197363102031
134250.0,3042.8115234375,3042.8115234375,227.99899291992188,-2814.812530517578,15.925244895555892
134500.0,572.87109375,572.87109375,208.95095825195312,-363.9201354980469,15.929357921268327
134750.0,541.801513671875,541.801513671875,215.6472625732422,-326.1542510986328,15.933028579944247
135000.0,158.2939910888672,158.2939910888672,74.48501586914062,-83.80897521972656,15.937143001637061
135250.0,2583.031982421875,2583.031982421875,257.33953857421875,-2325.6924438476562,15.941106815438992
135500.0,24.507888793945312,24.507888793945312,30.201435089111328,5.693546295166016,15.945194217572281
135750.0,10.591707229614258,10.591707229614258,270.051025390625,259.45931816101074,15.949264652179357
136000.0,6.047198295593262,6.047198295593262,29.058303833007812,23.01110553741455,15.953276523957921
136250.0,45.371238708496094,45.371238708496094,15.342918395996094,-30.0283203125,15.957375983265024
136500.0,21.183197021484375,21.183197021484375,33.12431716918945,11.941120147705078,15.961441603429893
136750.0,81.16525268554688,81.16525268554688,280.9621276855469,199.796875,15.965518666873601
137000.0,13.217392921447754,13.217392921447754,204.10940551757812,190.89201259613037,15.969648960040725
137250.0,32.37713623046875,32.37713623046875,18.608184814453125,-13.768951416015625,15.973649946914966
137500.0,2.031881809234619,2.031881809234619,240.48126220703125,238.44938039779663,15.977686535826447
137750.0,1.3030798435211182,1.3030798435211182,251.9610137939453,250.6579339504242,15.981684397534211
138000.0,4.634805679321289,4.634805679321289,213.56704711914062,208.93224143981934,15.985750466991556
138250.0,9.662609100341797,9.662609100341797,173.89126586914062,164.22865676879883,15.989725350941127
138500.0,1907.67236328125,1907.67236328125,164.56192016601562,-1743.1104431152344,15.993629097817315
138750.0,10.092472076416016,10.092472076416016,27.554397583007812,17.461925506591797,15.997608061485506
139000.0,52.539669036865234,52.539669036865234,18.474655151367188,-34.06501388549805,16.00161594117072
139250.0,13.084029197692871,13.084029197692871,227.79275512695312,214.70872592926025,16.00555170405914
139500.0,1814.107177734375,1814.107177734375,214.86973571777344,-1599.2374420166016,16.009379562480856
139750.0,158.84576416015625,158.84576416015625,255.55845642089844,96.71269226074219,16.01317571851172
140000.0,119.90313720703125,119.90313720703125,246.12286376953125,126.2197265625,15.884758976928156
140250.0,4025.9921875,4025.9921875,247.36912536621094,-3778.623062133789,15.888883464344365
140500.0,401.0934143066406,401.0934143066406,26.393495559692383,-374.69991874694824,15.892995301125604
140750.0,15.883855819702148,15.883855819702148,177.2390594482422,161.35520362854004,15.897160481754
141000.0,373.45623779296875,373.45623779296875,265.4334716796875,-108.02276611328125,15.901200985081365
141250.0,1257.1014404296875,1257.1014404296875,234.4185333251953,-1022.6829071044922,15.905196888519141
141500.0,9.07606315612793,9.07606315612793,22.178037643432617,13.101974487304688,15.909277103548511
141750.0,1892.7989501953125,1892.7989501953125,260.62347412109375,-1632.1754760742188,15.913283601986333
142000.0,5.832156181335449,5.832156181335449,20.89841079711914,15.066254615783691,15.917346681955891
142250.0,3294.647705078125,3294.647705078125,311.4923095703125,-2983.1553955078125,15.921202563456484
142500.0,2230.71533203125,2230.71533203125,251.4400634765625,-1979.2752685546875,15.924953545576415
142750.0,27.370973587036133,27.370973587036133,329.13714599609375,301.7661724090576,15.928834764880886
143000.0,7.90509033203125,7.90509033203125,256.044677734375,248.13958740234375,15.932809819168467
143250.0,1525.258544921875,1525.258544921875,296.78375244140625,-1228.4747924804688,15.93661048057715
143500.0,1626.350341796875,1626.350341796875,329.9305419921875,-1296.4197998046875,15.940447061713144
143750.0,6.885705471038818,6.885705471038818,214.75709533691406,207.87138986587524,15.944346607912367
144000.0,2608.676513671875,2608.676513671875,327.7197265625,-2280.956787109375,15.948073118041293
144250.0,2441.996337890625,2441.996337890625,388.1072082519531,-2053.889129638672,15.951860502391678
144500.0,19.286739349365234,19.286739349365234,332.04718017578125,312.760440826416,15.95568466235408
144750.0,7.536019325256348,7.536019325256348,209.4381103515625,201.90209102630615,15.959194564641892
145000.0,1885.886962890625,1885.886962890625,354.82586669921875,-1531.0610961914062,15.962993105675672
145250.0,1189.5760498046875,1189.5760498046875,254.14370727539062,-935.4323425292969,15.96680979873591
145500.0,19.720869064331055,19.720869064331055,103.65898132324219,83.93811225891113,15.970514884448084
145750.0,21.59406089782715,21.59406089782715,101.19529724121094,79.60123634338379,15.97406417556889
146000.0,2052.19677734375,2052.19677734375,340.2400207519531,-1711.9567565917969,15.97763894449844
146250.0,2348.050537109375,2348.050537109375,326.2778015136719,-2021.7727355957031,15.981031225696276
146500.0,7.942471027374268,7.942471027374268,257.84637451171875,249.90390348434448,15.98448793067275
146750.0,1966.08544921875,1966.08544921875,376.12322998046875,-1589.9622192382812,15.987845054912318
147000.0,2929.523681640625,2929.523681640625,429.0158996582031,-2500.507781982422,15.991160326788531
147250.0,2.106600284576416,2.106600284576416,243.576171875,241.46957159042358,15.994465626328559
147500.0,8.345324516296387,8.345324516296387,326.08001708984375,317.73469257354736,15.997879415344725
147750.0,2434.77392578125,2434.77392578125,475.2015380859375,-1959.5723876953125,16.001232013167865
148000.0,9.25137710571289,9.25137710571289,457.437255859375,448.1858787536621,16.004670599475027
148250.0,59.74060821533203,59.74060821533203,431.15032958984375,371.4097213745117,16.00796334271295
148500.0,12.922151565551758,12.922151565551758,96.79014587402344,83.86799430847168,16.011382423823672
148750.0,4.825412750244141,4.825412750244141,395.25396728515625,390.4285545349121,16.014912123357053
149000.0,10.270227432250977,10.270227432250977,399.1981201171875,388.9278926849365,16.018330874475474
149250.0,12.200849533081055,12.200849533081055,408.7472839355469,396.5464344024658,16.021704014934052
149500.0,27.08623695373535,27.08623695373535,389.55596923828125,362.4697322845459,16.023464119680305
149750.0,1938.48974609375,1938.48974609375,384.7034606933594,-1553.7862854003906,16.02463393367104
150000.0,5.198653697967529,5.198653697967529,338.6385498046875,333.43989610671997,15.893105096111972
150250.0,4.223243236541748,4.223243236541748,38.16459655761719,33.94135332107544,15.89512923859914
150500.0,2609.82861328125,2609.82861328125,349.49041748046875,-2260.3381958007812,15.897243078748005
150750.0,2335.8232421875,2335.8232421875,375.0372619628906,-1960.7859802246094,15.89925024238192
151000.0,5.067620754241943,5.067620754241943,76.50721740722656,71.43959665298462,15.901213207436069
151250.0,1.9484127759933472,1.9484127759933472,258.93743896484375,256.9890261888504,15.903272098375629
151500.0,2.052549123764038,2.052549123764038,20.295196533203125,18.242647409439087,15.905346524712188
151750.0,40.32029724121094,40.32029724121094,12.336715698242188,-27.98358154296875,15.90749175917742
152000.0,11.58797836303711,11.58797836303711,35.0423698425293,23.454391479492188,15.909598633085375
152250.0,46.223915100097656,46.223915100097656,12.329952239990234,-33.89396286010742,15.911703844292354
152500.0,1690.7679443359375,1690.7679443359375,454.1775817871094,-1236.5903625488281,15.91365349378824
152750.0,2330.623779296875,2330.623779296875,315.6705017089844,-2014.9532775878906,15.915611716629233
153000.0,3.205742835998535,3.205742835998535,250.58897399902344,247.3832311630249,15.917588445014122
153250.0,2086.25,2086.25,467.6707458496094,-1618.5792541503906,15.919482841590437
153500.0,27.195037841796875,27.195037841796875,44.21437072753906,17.019332885742188,15.921492491852682
153750.0,10.227157592773438,10.227157592773438,255.47491455078125,245.2477569580078,15.923536326770448
154000.0,618.5009155273438,618.5009155273438,299.6875915527344,-318.8133239746094,15.925386692904912
154250.0,1618.1756591796875,1618.1756591796875,201.27157592773438,-1416.9040832519531,15.927655209771356
154500.0,41.172828674316406,41.172828674316406,15.495945930480957,-25.67688274383545,15.931215155477743
154750.0,45.91958236694336,45.91958236694336,14.1983003616333,-31.72128200531006,15.93474015818744
155000.0,3.942108631134033,3.942108631134033,383.4743347167969,379.53222608566284,15.938153918802215
155250.0,1817.24609375,1817.24609375,465.70135498046875,-1351.5447387695312,15.941764088666366
155500.0,841.5892333984375,841.5892333984375,412.5538330078125,-429.035400390625,15.945339125867807
155750.0,6.095653057098389,6.095653057098389,122.65180206298828,116.55614900588989,15.949014114346344
156000.0,3.4013166427612305,3.4013166427612305,61.33686828613281,57.93555164337158,15.95256221160478
156250.0,8.722580909729004,8.722580909729004,391.4600830078125,382.7375020980835,15.955877600828673
156500.0,2.765014886856079,2.765014886856079,284.00640869140625,281.24139380455017,15.959285159689756
156750.0,2.056757926940918,2.056757926940918,191.22694396972656,189.17018604278564,15.96271939891117
157000.0,3065.49951171875,3065.49951171875,334.3095703125,-2731.18994140625,15.966122996762781
157250.0,276.4349060058594,276.4349060058594,300.85809326171875,24.423187255859375,15.969534303482476
157500.0,32.776039123535156,32.776039123535156,21.645164489746094,-11.130874633789062,15.972935051472337
157750.0,27.823026657104492,27.823026657104492,23.349367141723633,-4.473659515380859,15.97634737248522
158000.0,2250.668212890625,2250.668212890625,379.7227478027344,-1870.9454650878906,15.97975669569412
158250.0,5.427206516265869,5.427206516265869,391.5955810546875,386.16837453842163,15.983222697059219
158500.0,765.6234741210938,765.6234741210938,467.7442626953125,-297.87921142578125,15.986574619378283
158750.0,31.108776092529297,31.108776092529297,14.3182373046875,-16.790538787841797,15.990018330757952
159000.0,54.84424591064453,54.84424591064453,15.077409744262695,-39.766836166381836,15.993546458781918
159250.0,7.060307502746582,7.060307502746582,383.2586669921875,376.1983594894409,15.997045241511035
159500.0,535.8309326171875,535.8309326171875,429.0140075683594,-106.81692504882812,16.00049852160592
159750.0,756.7077026367188,756.7077026367188,26.45407485961914,-730.2536277770996,16.003924918310638
160000.0,20.072265625,20.072265625,15.029314994812012,-5.042950630187988,15.89155771060027
160250.0,2882.198974609375,2882.198974609375,465.41314697265625,-2416.7858276367188,15.895059604081585
160500.0,55.545475006103516,55.545475006103516,472.7530517578125,417.207576751709,15.898595382873655
160750.0,5.680408477783203,5.680408477783203,266.0859680175781,260.4055595397949,15.902251435321217
161000.0,1965.16455078125,1965.16455078125,441.81829833984375,-1523.3462524414062,15.905837680724503
161250.0,17.972919464111328,17.972919464111328,15.432341575622559,-2.5405778884887695,15.909325967392702
161500.0,8.971504211425781,8.971504211425781,391.1584167480469,382.1869125366211,15.91298038319749
161750.0,2149.072998046875,2149.072998046875,466.3052673339844,-1682.7677307128906,15.916414303030459
162000.0,424.9300842285156,424.9300842285156,289.6993408203125,-135.23074340820312,15.919870258374297
162250.0,20.5531005859375,20.5531005859375,18.068470001220703,-2.484630584716797,15.923383111004895
162500.0,41.41999435424805,41.41999435424805,15.014321327209473,-26.405673027038574,15.926814460016478
162750.0,10.962794303894043,10.962794303894043,300.93505859375,289.97226428985596,15.93029263663869
163000.0,24.517488479614258,24.517488479614258,320.00360107421875,295.4861125946045,15.933793752411502
163250.0,1574.8182373046875,1574.8182373046875,462.3194580078125,-1112.498779296875,15.937200111332428
163500.0,1541.0281982421875,1541.0281982421875,474.54248046875,-1066.4857177734375,15.940695674732316
163750.0,12.613990783691406,12.613990783691406,464.3094177246094,451.69542694091797,15.94411959497405
164000.0,7.6626811027526855,7.6626811027526855,398.02789306640625,390.36521196365356,15.947545775473014
164250.0,11.121152877807617,11.121152877807617,400.5538635253906,389.432710647583,15.950975894282596
164500.0,10.579459190368652,10.579459190368652,446.53729248046875,435.9578332901001,15.95432726613097
164750.0,8.116530418395996,8.116530418395996,429.3195495605469,421.2030191421509,15.9571815768337
165000.0,2981.246826171875,2981.246826171875,473.11370849609375,-2508.1331176757812,15.959617437163523
165250.0,1398.0869140625,1398.0869140625,381.19677734375,-1016.89013671875,15.962910527553081
165500.0,2.9994208812713623,2.9994208812713623,260.2646789550781,257.26525807380676,15.96633714217327
165750.0,3.5185418128967285,3.5185418128967285,186.05096435546875,182.53242254257202,15.969679661022845
166000.0,3.124904155731201,3.124904155731201,160.51028442382812,157.38538026809692,15.972957839811848
166250.0,2439.196533203125,2439.196533203125,436.78045654296875,-2002.4160766601562,15.976254856524285
166500.0,3.5900919437408447,3.5900919437408447,181.21475219726562,177.62466025352478,15.979545369633781
166750.0,9.92508316040039,9.92508316040039,318.37237548828125,308.44729232788086,15.982803196605685
167000.0,2288.809814453125,2288.809814453125,388.0242614746094,-1900.7855529785156,15.985896051338875
167250.0,8.2819185256958,8.2819185256958,332.2389831542969,323.9570646286011,15.989050506142828
167500.0,27.116273880004883,27.116273880004883,456.3317565917969,429.215482711792,15.99224174436224
167750.0,2731.3798828125,2731.3798828125,323.066650390625,-2408.313232421875,15.99539170996821
168000.0,2627.728271484375,2627.728271484375,389.7678527832031,-2237.960418701172,15.998520532728827
168250.0,12.607010841369629,12.607010841369629,203.62551879882812,191.0185079574585,16.00158692198293
168500.0,6.113229751586914,6.113229751586914,463.88201904296875,457.76878929138184,16.004705569815812
168750.0,2940.0693359375,2940.0693359375,480.61529541015625,-2459.4540405273438,16.007721372358223
169000.0,3033.36669921875,3033.36669921875,387.13409423828125,-2646.2326049804688,16.010814383198888
169250.0,3.918362855911255,3.918362855911255,66.24423217773438,62.32586932182312,16.014017020963283
169500.0,48.481605529785156,48.481605529785156,346.0165710449219,297.5349655151367,16.017066982156166
169750.0,4578.32958984375,4578.32958984375,481.9947509765625,-4096.3348388671875,16.019452784140288
170000.0,8.426603317260742,8.426603317260742,85.61656188964844,77.1899585723877,15.91142117869554
170250.0,3.6382172107696533,3.6382172107696533,260.2476806640625,256.60946345329285,15.914669854207606
170500.0,1.4924054145812988,1.4924054145812988,126.6343994140625,125.1419939994812,15.917908919687335
170750.0,2.245805501937866,2.245805501937866,253.5625,251.31669449806213,15.920789669736063
171000.0,1802.0380859375,1802.0380859375,504.2611083984375,-1297.7769775390625,15.923882865400612
171250.0,5.396780490875244,5.396780490875244,259.3070373535156,253.91025686264038,15.927012247628157
171500.0,57.44523239135742,57.44523239135742,166.835693359375,109.39046096801758,15.930158984508601
171750.0,1814.384521484375,1814.384521484375,484.6402893066406,-1329.7442321777344,15.933198402478867
172000.0,4.736900329589844,4.736900329589844,392.36474609375,387.62784576416016,15.936294933535772
172250.0,15.402200698852539,15.402200698852539,148.97903442382812,133.5768337249756,15.939402878212555
172500.0,31.47600555419922,31.47600555419922,145.91754150390625,114.44153594970703,15.94231613507802
172750.0,2524.0439453125,2524.0439453125,471.43072509765625,-2052.6132202148438,15.945201972495871
173000.0,2.137983798980713,2.137983798980713,261.7948913574219,259.65690755844116,15.948169559478698
173250.0,168.01092529296875,168.01092529296875,433.4268493652344,265.4159240722656,15.95112054636239
173500.0,2.9776058197021484,2.9776058197021484,290.3376770019531,287.360071182251,15.954105261192879
173750.0,50.20772171020508,50.20772171020508,54.28074645996094,4.073024749755859,15.957115830317957
174000.0,5.464858531951904,5.464858531951904,316.4576110839844,310.99275255203247,15.960023162415734
174250.0,1859.026123046875,1859.026123046875,496.1591796875,-1362.866943359375,15.962676753734664
174500.0,227.12936401367188,227.12936401367188,102.70503234863281,-124.42433166503906,15.965419354089958
174750.0,194.19956970214844,194.19956970214844,495.2886657714844,301.08909606933594,15.967941770314553
175000.0,14.470745086669922,14.470745086669922,70.15357971191406,55.68283462524414,15.970984530593237
175250.0,2257.00537109375,2257.00537109375,554.1675415039062,-1702.8378295898438,15.973797613801944
175500.0,1951.757568359375,1951.757568359375,548.989013671875,-1402.7685546875,15.976653538879491
175750.0,1715.3916015625,1715.3916015625,542.1451416015625,-1173.2464599609375,15.979373485071752
176000.0,3.7162394523620605,3.7162394523620605,301.426513671875,297.71027421951294,15.982307086815643
176250.0,1594.4873046875,1594.4873046875,493.6497497558594,-1100.8375549316406,15.985195566220325
176500.0,3122.844482421875,3122.844482421875,510.4076232910156,-2612.4368591308594,15.987990150104768
176750.0,2086.05517578125,2086.05517578125,454.5069580078125,-1631.5482177734375,15.990915172182278
177000.0,18.7857723236084,18.7857723236084,76.3253173828125,57.5395450592041,15.993890212403258
177250.0,9.258456230163574,9.258456230163574,68.34422302246094,59.08576679229736,15.996557929816412
177500.0,2297.46240234375,2297.46240234375,481.26470947265625,-1816.1976928710938,15.999323417971008
177750.0,4.110390663146973,4.110390663146973,62.14763259887695,58.03724193572998,16.00213725967635
178000.0,1216.0758056640625,1216.0758056640625,497.1225280761719,-718.9532775878906,16.004853899696716
178250.0,20.33540916442871,20.33540916442871,6.225854396820068,-14.109554767608643,16.007650288824188
178500.0,4.53199577331543,4.53199577331543,264.243408203125,259.71141242980957,16.010433083904505
178750.0,2168.609130859375,2168.609130859375,475.42169189453125,-1693.1874389648438,16.01295471234356
179000.0,15.351600646972656,15.351600646972656,31.395668029785156,16.0440673828125,16.01587169573729
179250.0,787.3470458984375,787.3470458984375,357.69244384765625,-429.65460205078125,16.01875276265423
179500.0,2108.001708984375,2108.001708984375,468.7995300292969,-1639.2021789550781,16.021553875075682
179750.0,1807.8441162109375,1807.8441162109375,371.0919189453125,-1436.752197265625,16.024371821450636
180000.0,10.965011596679688,10.965011596679688,33.12962341308594,22.16461181640625,15.922744617022811
180250.0,1510.712158203125,1510.712158203125,421.93072509765625,-1088.7814331054688,15.925659332182608
180500.0,1.6576926708221436,1.6576926708221436,244.7744598388672,243.11676716804504,15.928678524107857
180750.0,268.47052001953125,268.47052001953125,464.9075927734375,196.43707275390625,15.9317375563503
181000.0,1113.7919921875,1113.7919921875,314.3349609375,-799.45703125,15.934679223937371
181250.0,1625.051025390625,1625.051025390625,475.001708984375,-1150.04931640625,15.937638476949868
181500.0,179.11236572265625,179.11236572265625,472.25872802734375,293.1463623046875,15.940699662145931
181750.0,2523.38427734375,2523.38427734375,256.1690673828125,-2267.2152099609375,15.943681579699803
182000.0,1630.9637451171875,1630.9637451171875,462.9620361328125,-1168.001708984375,15.946646223097401
182250.0,2627.607421875,2627.607421875,449.2287292480469,-2178.378692626953,15.94953214724551
182500.0,3.7945923805236816,3.7945923805236816,235.80325317382812,232.00866079330444,15.952321619338642
182750.0,26.86772918701172,26.86772918701172,364.3252868652344,337.45755767822266,15.9550806895404
183000.0,1229.427001953125,1229.427001953125,453.06439208984375,-776.3626098632812,15.957805307656342
183250.0,47.81462860107422,47.81462860107422,15.48942756652832,-32.3252010345459,15.960580098038802
183500.0,16.14960479736328,16.14960479736328,485.92645263671875,469.77684783935547,15.963303309823159
183750.0,1603.2464599609375,1603.2464599609375,490.18310546875,-1113.0633544921875,15.966004053112243
184000.0,68.56522369384766,68.56522369384766,28.085067749023438,-40.48015594482422,15.968704499901037
184250.0,24.412822723388672,24.412822723388672,576.4588012695312,552.0459785461426,15.971622296694884
184500.0,17.669179916381836,17.669179916381836,535.9791259765625,518.3099460601807,15.97455030360932
184750.0,2237.98193359375,2237.98193359375,392.0284729003906,-1845.9534606933594,15.977116752001525
185000.0,3934.343505859375,3934.343505859375,469.28289794921875,-3465.0606079101562,15.980012097834951
185250.0,12.372183799743652,12.372183799743652,556.9901123046875,544.6179285049438,15.982983983245186
185500.0,2582.84326171875,2582.84326171875,98.187744140625,-2484.655517578125,15.985842565936293
185750.0,1330.4786376953125,1330.4786376953125,507.60791015625,-822.8707275390625,15.988658020695938
186000.0,8.218023300170898,8.218023300170898,486.9398498535156,478.7218265533447,15.991622538944092
186250.0,1651.90087890625,1651.90087890625,435.23388671875,-1216.6669921875,15.994499956531536
186500.0,2.9946770668029785,2.9946770668029785,473.7917785644531,470.79710149765015,15.99741064212853
186750.0,139.22425842285156,139.22425842285156,482.60784912109375,343.3835906982422,16.00029164191432
187000.0,373.3205871582031,373.3205871582031,479.25885009765625,105.93826293945312,16.003150246347943
187250.0,1467.2384033203125,1467.2384033203125,465.2603759765625,-1001.97802734375,16.005951918661637
187500.0,9.158609390258789,9.158609390258789,484.2685546875,475.1099452972412,16.008732704739007
187750.0,26.514911651611328,26.514911651611328,374.20013427734375,347.6852226257324,16.011470787557666
188000.0,1247.7432861328125,1247.7432861328125,583.16455078125,-664.5787353515625,16.012383675083914
188250.0,3.0042521953582764,3.0042521953582764,349.578857421875,346.5746052265167,16.009362018310608
188500.0,90.29173278808594,90.29173278808594,592.5047607421875,502.21302795410156,16.006909982211784
188750.0,8.30667781829834,8.30667781829834,576.532958984375,568.2262811660767,16.00475559934697
189000.0,6.1339216232299805,6.1339216232299805,560.6724853515625,554.5385637283325,16.002346372040865
189250.0,4.732507705688477,4.732507705688477,570.2496337890625,565.517126083374,16.000347481577737
189500.0,1.566419243812561,1.566419243812561,301.2967529296875,299.73033368587494,15.998507210671068
189750.0,11.946781158447266,11.946781158447266,539.1236572265625,527.1768760681152,15.996360422790408
190000.0,149.81520080566406,149.81520080566406,533.0039672851562,383.1887664794922,15.877084822188277
190250.0,1535.75244140625,1535.75244140625,561.085205078125,-974.667236328125,15.87513697666417
190500.0,1637.2918701171875,1637.2918701171875,535.7852783203125,-1101.506591796875,15.873840172147094
190750.0,2438.580810546875,2438.580810546875,488.00341796875,-1950.577392578125,15.872412395416323
191000.0,11.847007751464844,11.847007751464844,566.8820190429688,555.0350112915039,15.870832497796657
191250.0,26.775390625,26.775390625,632.1448364257812,605.3694458007812,15.869549044255534
191500.0,2669.443115234375,2669.443115234375,591.625,-2077.818115234375,15.867942344691382
191750.0,3848.337646484375,3848.337646484375,572.7638549804688,-3275.5737915039062,15.866158501686543
192000.0,1.485801100730896,1.485801100730896,179.80218505859375,178.31638395786285,15.864886798808838
192250.0,1351.119384765625,1351.119384765625,484.53558349609375,-866.5838012695312,15.863228100469682
192500.0,7.764779090881348,7.764779090881348,628.4317626953125,620.6669836044312,15.861525993421811
192750.0,11.425488471984863,11.425488471984863,591.7296752929688,580.3041868209839,15.85963073821678
193000.0,15.970905303955078,15.970905303955078,593.372314453125,577.4014091491699,15.858507751546798
193250.0,6.010834693908691,6.010834693908691,448.07916259765625,442.06832790374756,15.856691886116359
193500.0,3.715306282043457,3.715306282043457,290.6993713378906,286.98406505584717,15.854840825209672
193750.0,43.827003479003906,43.827003479003906,161.41732788085938,117.59032440185547,15.853511965968556
194000.0,41.212154388427734,41.212154388427734,153.2988739013672,112.08671951293945,15.851756342279693
194250.0,2.1074318885803223,2.1074318885803223,512.1729125976562,510.0654807090759,15.849911840530508
194500.0,2501.639892578125,2501.639892578125,548.68359375,-1952.956298828125,15.848004224838954
194750.0,724.903076171875,724.903076171875,475.9991149902344,-248.90396118164062,15.84602574461839
195000.0,344.7696838378906,344.7696838378906,471.59149169921875,126.82180786132812,15.844860662880414
195250.0,1787.6240234375,1787.6240234375,506.9027099609375,-1280.7213134765625,15.843879416432767
195500.0,6.627174377441406,6.627174377441406,180.23184204101562,173.60466766357422,15.843101452364394
195750.0,1556.2073974609375,1556.2073974609375,622.8233032226562,-933.3840942382812,15.841924873064587
196000.0,1.552810549736023,1.552810549736023,131.40553283691406,129.85272228717804,15.840464716997186
196250.0,2285.082763671875,2285.082763671875,486.3021240234375,-1798.7806396484375,15.839444211214582
196500.0,13.789994239807129,13.789994239807129,697.4828491210938,683.6928548812866,15.838372027198508
196750.0,13.526050567626953,13.526050567626953,633.715087890625,620.189037322998,15.836900533575166
197000.0,10.821554183959961,10.821554183959961,565.663330078125,554.841775894165,15.835191826402815
197250.0,1932.620361328125,1932.620361328125,579.905517578125,-1352.71484375,15.834032490348617
197500.0,2.9695396423339844,2.9695396423339844,152.1421661376953,149.17262649536133,15.83290174543149
197750.0,4.802351474761963,4.802351474761963,177.74075317382812,172.93840169906616,15.831622512232702
198000.0,2367.10302734375,2367.10302734375,582.546630859375,-1784.556396484375,15.829879808334379
198250.0,13.692055702209473,13.692055702209473,541.6610107421875,527.968955039978,15.828606024328382
198500.0,4.8988118171691895,4.8988118171691895,99.43644714355469,94.5376353263855,15.827092806145917
198750.0,2100.369384765625,2100.369384765625,569.1018676757812,-1531.2675170898438,15.82604360279111
199000.0,287.0439453125,287.0439453125,608.1399536132812,321.09600830078125,15.824595789055268
199250.0,23.287826538085938,23.287826538085938,709.0804443359375,685.7926177978516,15.823301885538005
199500.0,1765.4842529296875,1765.4842529296875,674.7224731445312,-1090.7617797851562,15.822191893638552
199750.0,1.0945671796798706,1.0945671796798706,118.26435852050781,117.16979134082794,15.820815614424488
200000.0,9.954120635986328,9.954120635986328,678.0562744140625,668.1021537780762,15.709616958154623
200250.0,5.101409912109375,5.101409912109375,206.77032470703125,201.66891479492188,15.708775316087209
200500.0,2570.821533203125,2570.821533203125,662.817626953125,-1908.00390625,15.707539711130432
200750.0,186.7532196044922,186.7532196044922,574.7152709960938,387.96205139160156,15.706439144843749
201000.0,41.52854919433594,41.52854919433594,102.52334594726562,60.99479675292969,15.705634787594468
201250.0,992.4677734375,992.4677734375,585.284912109375,-407.182861328125,15.704686495107039
201500.0,54.250213623046875,54.250213623046875,79.88939666748047,25.639183044433594,15.703509079595937
201750.0,1176.3902587890625,1176.3902587890625,692.00439453125,-484.3858642578125,15.702154330475857
202000.0,2746.423828125,2746.423828125,617.3218994140625,-2129.1019287109375,15.70097618995492
202250.0,4.927183628082275,4.927183628082275,265.7154846191406,260.78830099105835,15.699109799622683
202500.0,721.5335083007812,721.5335083007812,565.7110595703125,-155.82244873046875,15.69807769974305
202750.0,2393.888916015625,2393.888916015625,100.24235534667969,-2293.6465606689453,15.697317102630675
203000.0,2657.431884765625,2657.431884765625,626.5487060546875,-2030.8831787109375,15.696329917034873
203250.0,279.8111267089844,279.8111267089844,698.2465209960938,418.4353942871094,15.695336161471403
203500.0,28.042999267578125,28.042999267578125,487.11566162109375,459.0726623535156,15.693358704176514
203750.0,17.890735626220703,17.890735626220703,575.2034912109375,557.3127555847168,15.692598251593727
204000.0,20.448911666870117,20.448911666870117,576.6198120117188,556.1709003448486,15.691179708849488
204250.0,5.383510589599609,5.383510589599609,509.1573181152344,503.77380752563477,15.689920198214223
204500.0,0.7033717632293701,0.7033717632293701,650.4854736328125,649.7821018695831,15.68886085905639
204750.0,1592.2490234375,1592.2490234375,657.7255859375,-934.5234375,15.68786074434773
205000.0,1795.720458984375,1795.720458984375,592.933837890625,-1202.78662109375,15.686442788833354
205250.0,1573.24072265625,1573.24072265625,588.02587890625,-985.21484375,15.6856850517301
205500.0,1000.9812622070312,1000.9812622070312,563.8941650390625,-437.08709716796875,15.6849959081223
205750.0,1309.9129638671875,1309.9129638671875,549.7167358398438,-760.1962280273438,15.683865967471997
206000.0,9.481587409973145,9.481587409973145,567.3126220703125,557.8310346603394,15.682806370878527
206250.0,2387.71484375,2387.71484375,578.5402221679688,-1809.1746215820312,15.681614686109722
206500.0,2214.421875,2214.421875,571.3357543945312,-1643.0861206054688,15.680059418686334
206750.0,2.928473472595215,2.928473472595215,80.75008392333984,77.82161045074463,15.67914463815289
207000.0,1249.13623046875,1249.13623046875,700.5612182617188,-548.5750122070312,15.677930994951922
207250.0,12.619257926940918,12.619257926940918,81.3988265991211,68.77956867218018,15.677081809320457
207500.0,74.57879638671875,74.57879638671875,698.3680419921875,623.7892456054688,15.675112813714936
207750.0,1210.6494140625,1210.6494140625,704.6744384765625,-505.9749755859375,15.674325083420573
208000.0,296.109375,296.109375,704.09814453125,407.98876953125,15.673045712875794
208250.0,1863.40185546875,1863.40185546875,681.8577880859375,-1181.5440673828125,15.672218534012032
208500.0,18.840375900268555,18.840375900268555,654.030517578125,635.1901416778564,15.671085805997064
208750.0,2050.649169921875,2050.649169921875,478.80743408203125,-1571.8417358398438,15.669781241732483
209000.0,3.7169132232666016,3.7169132232666016,653.3213500976562,649.6044368743896,15.668916853204498
209250.0,1877.1990966796875,1877.1990966796875,623.250732421875,-1253.9483642578125,15.666886415288573
209500.0,2.802142858505249,2.802142858505249,598.1112670898438,595.3091242313385,15.665090037146957
209750.0,1965.070556640625,1965.070556640625,634.546875,-1330.523681640625,15.664059940908144
210000.0,6.264187335968018,6.264187335968018,570.8692016601562,564.6050143241882,15.560892759109926
210250.0,3448.95849609375,3448.95849609375,665.1174926757812,-2783.8410034179688,15.560010736150376
210500.0,64.5215072631836,64.5215072631836,42.68672180175781,-21.83478546142578,15.558507581930213
210750.0,3364.36181640625,3364.36181640625,591.2412719726562,-2773.1205444335938,15.557129287680905
211000.0,2.902965784072876,2.902965784072876,559.0243530273438,556.1213872432709,15.55594913728408
211250.0,1815.99853515625,1815.99853515625,597.523681640625,-1218.474853515625,15.554777376213657
211500.0,900.8330688476562,900.8330688476562,563.5370483398438,-337.2960205078125,15.553228522576811
211750.0,18.89815330505371,18.89815330505371,703.0908813476562,684.1927280426025,15.552068662114268
212000.0,5.630977153778076,5.630977153778076,160.5668487548828,154.93587160110474,15.550928376770647
212250.0,170.2257080078125,170.2257080078125,510.6955871582031,340.4698791503906,15.550039085661428
212500.0,2591.22216796875,2591.22216796875,510.72314453125,-2080.4990234375,15.549096174583594
212750.0,15.69668197631836,15.69668197631836,634.5658569335938,618.8691749572754,15.548299941055982
213000.0,2556.619140625,2556.619140625,614.6359252929688,-1941.9832153320312,15.547234482118963
213250.0,9.903343200683594,9.903343200683594,326.66070556640625,316.75736236572266,15.546400043377679
213500.0,15.332368850708008,15.332368850708008,707.3448486328125,692.0124797821045,15.545692896246987
213750.0,10.676589965820312,10.676589965820312,698.2982177734375,687.6216278076172,15.544814183534367
214000.0,1.6846487522125244,1.6846487522125244,27.41089630126953,25.726247549057007,15.543999977323985
214250.0,742.1637573242188,742.1637573242188,692.252685546875,-49.91107177734375,15.542566843014493
214500.0,16.401382446289062,16.401382446289062,494.8822021484375,478.48081970214844,15.540680973503278
214750.0,18.840187072753906,18.840187072753906,550.3177490234375,531.4775619506836,15.539836098295156
215000.0,2169.8017578125,2169.8017578125,569.581787109375,-1600.219970703125,15.5387740684517
215250.0,2888.2138671875,2888.2138671875,567.806396484375,-2320.407470703125,15.538005745607295
215500.0,1.624587893486023,1.624587893486023,695.2557373046875,693.6311494112015,15.53715304484487
215750.0,2.679255723953247,2.679255723953247,470.2752685546875,467.59601283073425,15.536043347069912
216000.0,542.93212890625,542.93212890625,574.1829223632812,31.25079345703125,15.535426564922508
216250.0,1396.7764892578125,1396.7764892578125,665.7771606445312,-730.9993286132812,15.534750220108943
216500.0,2.0346689224243164,2.0346689224243164,555.4600830078125,553.4254140853882,15.534231970764033
216750.0,603.0253295898438,603.0253295898438,705.6795043945312,102.6541748046875,15.532981239261508
217000.0,1484.6328125,1484.6328125,544.3194580078125,-940.3133544921875,15.531920794124492
217250.0,4.723077297210693,4.723077297210693,383.10101318359375,378.37793588638306,15.53118416139292
217500.0,11.875848770141602,11.875848770141602,617.49609375,605.6202449798584,15.530200220391384
217750.0,1432.0108642578125,1432.0108642578125,696.6553344726562,-735.3555297851562,15.52923851007353
218000.0,3967.7353515625,3967.7353515625,535.7590942382812,-3431.9762573242188,15.528474566430102
218250.0,3482.147705078125,3482.147705078125,568.4268798828125,-2913.7208251953125,15.527798867150802
218500.0,2.0874195098876953,2.0874195098876953,19.35991096496582,17.272491455078125,15.529263630407156
218750.0,527.8718872070312,527.8718872070312,436.5089111328125,-91.36297607421875,15.532086671713612
219000.0,1606.1363525390625,1606.1363525390625,512.087158203125,-1094.0491943359375,15.534898004660485
219250.0,1415.7030029296875,1415.7030029296875,702.04296875,-713.6600341796875,15.537650701243615
219500.0,8.24150276184082,8.24150276184082,152.12179565429688,143.88029289245605,15.540500041866531
219750.0,1.82096266746521,1.82096266746521,19.546302795410156,17.725340127944946,15.543350606991892
220000.0,2210.71728515625,2210.71728515625,690.3275146484375,-1520.3897705078125,15.466158588702463
220250.0,2330.80859375,2330.80859375,647.4097900390625,-1683.3988037109375,15.46892439467088
220500.0,26.07815933227539,26.07815933227539,613.5410766601562,587.4629173278809,15.47169500841664
220750.0,1989.194580078125,1989.194580078125,628.1051025390625,-1361.0894775390625,15.474290209980595
221000.0,33.543556213378906,33.543556213378906,703.03271484375,669.4891586303711,15.476908734402317
221250.0,1571.9156494140625,1571.9156494140625,668.2086181640625,-903.70703125,15.479542171557792
221500.0,35.375301361083984,35.375301361083984,703.0579833984375,667.6826820373535,15.482117097214106
221750.0,11.820929527282715,11.820929527282715,259.73492431640625,247.91399478912354,15.484827508928662
222000.0,2267.5859375,2267.5859375,702.4635009765625,-1565.1224365234375,15.487217167764353
222250.0,1716.277099609375,1716.277099609375,689.7393798828125,-1026.5377197265625,15.489790460666065
222500.0,2956.5517578125,2956.5517578125,666.0687255859375,-2290.4830322265625,15.491858587109082
222750.0,1700.704345703125,1700.704345703125,580.640869140625,-1120.0634765625,15.493701692076232
223000.0,2039.8995361328125,2039.8995361328125,692.290771484375,-1347.6087646484375,15.496131332372016
223250.0,891.0850219726562,891.0850219726562,689.271240234375,-201.81378173828125,15.498508278458146
223500.0,17.463327407836914,17.463327407836914,632.5225219726562,615.0591945648193,15.500751607882247
223750.0,49.24699020385742,49.24699020385742,15.193071365356445,-34.05391883850098,15.503017915877924
224000.0,1.0512864589691162,1.0512864589691162,692.3892211914062,691.3379347324371,15.50527728731013
224250.0,2003.2177734375,2003.2177734375,665.2297973632812,-1337.9879760742188,15.507485683497803
224500.0,8.389849662780762,8.389849662780762,586.4544677734375,578.0646181106567,15.509602867338973
224750.0,47.234466552734375,47.234466552734375,13.484222412109375,-33.750244140625,15.511649916201119
225000.0,3412.06396484375,3412.06396484375,558.578125,-2853.48583984375,15.51338138349037
225250.0,3.346461296081543,3.346461296081543,25.5467529296875,22.200291633605957,15.515399039965391
225500.0,349.3059997558594,349.3059997558594,709.2771606445312,359.9711608886719,15.517488103523577
225750.0,1006.7242431640625,1006.7242431640625,693.4981079101562,-313.22613525390625,15.519621350628004
226000.0,1773.5904541015625,1773.5904541015625,684.6072387695312,-1088.9832153320312,15.52168304372857
226250.0,3282.746337890625,3282.746337890625,683.8173217773438,-2598.9290161132812,15.523770170902374
226500.0,3.0320942401885986,3.0320942401885986,646.873291015625,643.8411967754364,15.52578057843523
226750.0,1918.358154296875,1918.358154296875,585.990966796875,-1332.3671875,15.527846852396925
227000.0,1839.483642578125,1839.483642578125,689.10986328125,-1150.373779296875,15.529913286233391
227250.0,1335.9007568359375,1335.9007568359375,14.870977401733398,-1321.029779434204,15.532026643030282
227500.0,2104.139404296875,2104.139404296875,664.2741088867188,-1439.8652954101562,15.53413051027192
227750.0,33.08458709716797,33.08458709716797,9.519932746887207,-23.56465435028076,15.536278940355986
228000.0,8.8431396484375,8.8431396484375,13.69449520111084,4.85135555267334,15.538435580766773
228250.0,2637.44580078125,2637.44580078125,698.142822265625,-1939.302978515625,15.540522314827918
228500.0,2606.108642578125,2606.108642578125,701.89111328125,-1904.217529296875,15.542659818506886
228750.0,1771.77587890625,1771.77587890625,692.3902587890625,-1079.3856201171875,15.545122425447396
229000.0,1772.4141845703125,1772.4141845703125,205.54864501953125,-1566.8655395507812,15.547491222476507
229250.0,2426.589111328125,2426.589111328125,709.4951782226562,-1717.0939331054688,15.54985305909532
229500.0,2582.408203125,2582.408203125,507.53448486328125,-2074.8737182617188,15.552165569550235
229750.0,64.80653381347656,64.80653381347656,703.6253051757812,638.8187713623047,15.554409195675806
230000.0,1573.923828125,1573.923828125,642.0863037109375,-931.8375244140625,15.478180970360334
230250.0,1952.896240234375,1952.896240234375,104.36155700683594,-1848.534683227539,15.480676223328254
230500.0,2456.4638671875,2456.4638671875,588.8753051757812,-1867.5885620117188,15.48307845207396
230750.0,3.6694488525390625,3.6694488525390625,48.45363998413086,44.7841911315918,15.485546742678718
231000.0,48.33884811401367,48.33884811401367,13.34416389465332,-34.99468421936035,15.488037975704534
231250.0,1875.150390625,1875.150390625,673.4124145507812,-1201.7379760742188,15.490512325850998
231500.0,1330.9580078125,1330.9580078125,660.7639770507812,-670.1940307617188,15.49291497293405
231750.0,1792.996337890625,1792.996337890625,17.992141723632812,-1775.0041961669922,15.495285604259495
232000.0,54.694393157958984,54.694393157958984,12.366758346557617,-42.32763481140137,15.497587298369432
232250.0,1609.39599609375,1609.39599609375,511.73516845703125,-1097.6608276367188,15.49993643221091
232500.0,83.76289367675781,83.76289367675781,682.1781005859375,598.4152069091797,15.501942495312239
232750.0,2088.181884765625,2088.181884765625,694.763427734375,-1393.41845703125,15.503465604153876
233000.0,84.37096405029297,84.37096405029297,12.230084419250488,-72.14087963104248,15.505396445972837
233250.0,2920.03271484375,2920.03271484375,686.1312255859375,-2233.9014892578125,15.507810807322333
233500.0,1658.69921875,1658.69921875,516.4102783203125,-1142.2889404296875,15.509999003819118
233750.0,17.48691749572754,17.48691749572754,12.141408920288086,-5.345508575439453,15.512387987595249
234000.0,2267.737548828125,2267.737548828125,36.82832717895508,-2230.90922164917,15.514748636484985
234250.0,2040.5941162109375,2040.5941162109375,691.721435546875,-1348.8726806640625,15.51707566909552
234500.0,1628.09814453125,1628.09814453125,601.128662109375,-1026.969482421875,15.51946276598889
234750.0,1696.5843505859375,1696.5843505859375,691.3663940429688,-1005.2179565429688,15.521977517534117
235000.0,14.871559143066406,14.871559143066406,473.74420166015625,458.87264251708984,15.52421890827295
235250.0,2.101752758026123,2.101752758026123,692.8547973632812,690.7530446052551,15.526664654578116
235500.0,14.039083480834961,14.039083480834961,595.7767944335938,581.7377109527588,15.529154164873292
235750.0,2031.8582763671875,2031.8582763671875,593.5648193359375,-1438.29345703125,15.531590298011446
236000.0,1.6284353733062744,1.6284353733062744,632.3539428710938,630.7255074977875,15.533780980564497
236250.0,3042.174560546875,3042.174560546875,672.61376953125,-2369.560791015625,15.536086916052586
236500.0,3569.772705078125,3569.772705078125,659.584716796875,-2910.18798828125,15.538188283069271
236750.0,1889.29150390625,1889.29150390625,668.2373657226562,-1221.0541381835938,15.540593439092405
237000.0,2383.92333984375,2383.92333984375,679.860107421875,-1704.063232421875,15.542968442541966
237250.0,2721.681396484375,2721.681396484375,652.0968017578125,-2069.5845947265625,15.545340593858908
237500.0,1695.4652099609375,1695.4652099609375,690.0171508789062,-1005.4480590820312,15.547687424717623
237750.0,2173.1484375,2173.1484375,708.154296875,-1464.994140625,15.550299681251692
238000.0,1834.60498046875,1834.60498046875,694.135009765625,-1140.469970703125,15.552731115064311
238250.0,3256.894775390625,3256.894775390625,686.3958740234375,-2570.4989013671875,15.55510380151023
238500.0,3027.365478515625,3027.365478515625,612.031005859375,-2415.33447265625,15.55757766553196
238750.0,1789.798095703125,1789.798095703125,671.2701416015625,-1118.5279541015625,15.559911885656332
239000.0,1975.48876953125,1975.48876953125,590.45166015625,-1385.037109375,15.562217858561418
239250.0,1656.0390625,1656.0390625,692.3451538085938,-963.6939086914062,15.564570323886064
239500.0,4.9486470222473145,4.9486470222473145,399.11431884765625,394.16567182540894,15.566942240457943
239750.0,2551.59423828125,2551.59423828125,695.0435791015625,-1856.5506591796875,15.569287634597382
240000.0,2309.406005859375,2309.406005859375,576.485595703125,-1732.92041015625,15.498217296604821
240250.0,2127.88916015625,2127.88916015625,715.1104736328125,-1412.7786865234375,15.500802123569441
240500.0,381.8968200683594,381.8968200683594,713.0482177734375,331.1513977050781,15.503289327719376
240750.0,4.373775005340576,4.373775005340576,397.99066162109375,393.6168866157532,15.5057614214417
241000.0,3650.639892578125,3650.639892578125,700.240234375,-2950.399658203125,15.50814722815718
241250.0,3.035416603088379,3.035416603088379,319.53302001953125,316.49760341644287,15.510594347453306
241500.0,2423.001708984375,2423.001708984375,708.087890625,-1714.913818359375,15.512987252428161
241750.0,2883.09033203125,2883.09033203125,697.1971435546875,-2185.8931884765625,15.515408111830748
242000.0,3.5623278617858887,3.5623278617858887,297.3286437988281,293.76631593704224,15.517788589225171
242250.0,2262.039794921875,2262.039794921875,651.2723388671875,-1610.7674560546875,15.520201468830477
242500.0,2971.187744140625,2971.187744140625,703.5512084960938,-2267.6365356445312,15.522723830162771
242750.0,3812.4375,3812.4375,746.484130859375,-3065.953369140625,15.525140223400546
243000.0,4.222885608673096,4.222885608673096,382.91339111328125,378.69050550460815,15.527491228109913
243250.0,2503.376953125,2503.376953125,678.78173828125,-1824.59521484375,15.529920662024978
243500.0,15.283058166503906,15.283058166503906,856.213134765625,840.9300765991211,15.532191425594181
243750.0,3.752035140991211,3.752035140991211,307.7919006347656,304.0398654937744,15.534556020689363
244000.0,2831.8828125,2831.8828125,778.906494140625,-2052.976318359375,15.536822418910912
244250.0,2679.562255859375,2679.562255859375,646.9804077148438,-2032.5818481445312,15.539111718436304
244500.0,3077.1787109375,3077.1787109375,705.6070556640625,-2371.5716552734375,15.541424472754821
244750.0,1491.930419921875,1491.930419921875,694.827880859375,-797.1025390625,15.5439406620126
245000.0,1234.1005859375,1234.1005859375,752.3140258789062,-481.78656005859375,15.546251871318923
245250.0,2495.60888671875,2495.60888671875,703.33984375,-1792.26904296875,15.548740146434326
245500.0,1989.2908935546875,1989.2908935546875,827.0169677734375,-1162.27392578125,15.55110990219334
245750.0,2860.110595703125,2860.110595703125,714.6119384765625,-2145.4986572265625,15.553542727059938
246000.0,20.191068649291992,20.191068649291992,755.4144287109375,735.2233600616455,15.556136036884993
246250.0,9.69239616394043,9.69239616394043,858.1605224609375,848.4681262969971,15.558674959046385
246500.0,1505.6055908203125,1505.6055908203125,718.3487548828125,-787.2568359375,15.561185977635919
246750.0,1847.537109375,1847.537109375,707.0645751953125,-1140.4725341796875,15.563595035923147
247000.0,2795.841552734375,2795.841552734375,699.3106689453125,-2096.5308837890625,15.56606298418556
247250.0,35.332576751708984,35.332576751708984,725.7913818359375,690.4588050842285,15.568559210167578
247500.0,2.9905898571014404,2.9905898571014404,785.3404541015625,782.3498642444611,15.5710908225827
247750.0,3.1319634914398193,3.1319634914398193,715.0595092773438,711.9275457859039,15.57356771075341
248000.0,1234.1353759765625,1234.1353759765625,701.7235717773438,-532.4118041992188,15.576063046011924
248250.0,1294.7984619140625,1294.7984619140625,704.200927734375,-590.5975341796875,15.57844316923526
248500.0,1873.3458251953125,1873.3458251953125,687.9273681640625,-1185.41845703125,15.58083306478513
248750.0,2723.446533203125,2723.446533203125,798.416015625,-1925.030517578125,15.583214938381106
249000.0,2.8722729682922363,2.8722729682922363,99.89441680908203,97.0221438407898,15.585659085933417
249250.0,3.7133214473724365,3.7133214473724365,94.01811218261719,90.30479073524475,15.58813658503836
249500.0,2726.0126953125,2726.0126953125,744.66748046875,-1981.34521484375,15.590597841382527
249750.0,4.193367958068848,4.193367958068848,751.2485961914062,747.0552282333374,15.59308301392718
250000.0,2057.166748046875,2057.166748046875,532.6027221679688,-1524.5640258789062,15.524808093719882
250250.0,4.859017372131348,4.859017372131348,777.160400390625,772.3013830184937,15.527377697701299
250500.0,9.897762298583984,9.897762298583984,708.6915893554688,698.7938270568848,15.52990544989392
250750.0,11.67281436920166,11.67281436920166,854.432861328125,842.7600469589233,15.532404823329617
251000.0,7.279540538787842,7.279540538787842,843.7689819335938,836.4894413948059,15.53458340137135
251250.0,2036.157470703125,2036.157470703125,693.9766235351562,-1342.1808471679688,15.537032974525946
251500.0,2397.51708984375,2397.51708984375,726.4410400390625,-1671.0760498046875,15.539394062330523
251750.0,2992.95556640625,2992.95556640625,734.639404296875,-2258.316162109375,15.541726645635062
252000.0,3379.57666015625,3379.57666015625,565.6242065429688,-2813.9524536132812,15.544071034504414
252250.0,3045.522216796875,3045.522216796875,728.4503173828125,-2317.0718994140625,15.546427941852267
252500.0,17.834474563598633,17.834474563598633,840.0936889648438,822.2592144012451,15.548843118963376
252750.0,451.7994384765625,451.7994384765625,710.4361572265625,258.63671875,15.551190935817866
253000.0,552.4074096679688,552.4074096679688,866.0108642578125,313.60345458984375,15.553544554530193
253250.0,30.91783332824707,30.91783332824707,391.812744140625,360.89491081237793,15.556000726761974
253500.0,19.033336639404297,19.033336639404297,619.6442260742188,600.6108894348145,15.55836359279953
253750.0,11.406777381896973,11.406777381896973,809.2066650390625,797.7998876571655,15.560712141729297
254000.0,53.858848571777344,53.858848571777344,686.74853515625,632.8896865844727,15.563070828951274
254250.0,65.09163665771484,65.09163665771484,585.2816162109375,520.1899795532227,15.565481896504117
254500.0,2.2320289611816406,2.2320289611816406,133.68548583984375,131.4534568786621,15.567816658009777
254750.0,1293.3555908203125,1293.3555908203125,712.2357788085938,-581.1198120117188,15.570143951592541
255000.0,3384.21435546875,3384.21435546875,700.0074462890625,-2684.2069091796875,15.572309956146723
255250.0,1194.926025390625,1194.926025390625,719.5675048828125,-475.3585205078125,15.574681284583422
255500.0,4155.91796875,4155.91796875,728.0527954101562,-3427.8651733398438,15.57701569707868
255750.0,1832.072021484375,1832.072021484375,702.9253540039062,-1129.1466674804688,15.579407415773117
256000.0,2000.870849609375,2000.870849609375,706.3167724609375,-1294.5540771484375,15.581746146200459
256250.0,1680.8212890625,1680.8212890625,708.2449951171875,-972.5762939453125,15.584002966911653
256500.0,3.9361066818237305,3.9361066818237305,715.8668823242188,711.930775642395,15.586324190329263
256750.0,180.38587951660156,180.38587951660156,211.99803161621094,31.612152099609375,15.588602427480861
257000.0,1146.7418212890625,1146.7418212890625,702.2316284179688,-444.51019287109375,15.590924174621025
257250.0,677.8802490234375,677.8802490234375,763.427978515625,85.5477294921875,15.59318708161222
257500.0,2348.874755859375,2348.874755859375,714.906494140625,-1633.96826171875,15.595418043624807
257750.0,3255.120361328125,3255.120361328125,844.8709106445312,-2410.2494506835938,15.59768668705673
258000.0,2236.875,2236.875,844.1417236328125,-1392.7332763671875,15.599933791988944
258250.0,2804.677001953125,2804.677001953125,661.8677978515625,-2142.8092041015625,15.602167911097109
258500.0,1546.1417236328125,1546.1417236328125,864.5032958984375,-681.638427734375,15.60431792174336
258750.0,259.97772216796875,259.97772216796875,790.7847290039062,530.8070068359375,15.606585749891007
259000.0,16.922361373901367,16.922361373901367,856.234130859375,839.3117694854736,15.608813797283812
259250.0,7.361078262329102,7.361078262329102,835.4892578125,828.1281795501709,15.610997680075963
259500.0,1763.013916015625,1763.013916015625,815.4380493164062,-947.5758666992188,15.613143171128886
259750.0,3223.230224609375,3223.230224609375,777.073974609375,-2446.15625,15.615185007214723
260000.0,5.874866485595703,5.874866485595703,577.21533203125,571.3404655456543,15.546218488904396
260250.0,18.5367488861084,18.5367488861084,781.07421875,762.5374698638916,15.5482974276264
260500.0,6.35453462600708,6.35453462600708,250.01124572753906,243.65671110153198,15.550432768817595
260750.0,400.6819152832031,400.6819152832031,706.9275512695312,306.2456359863281,15.552795473275298
261000.0,729.898681640625,729.898681640625,716.3963012695312,-13.50238037109375,15.555136365631231
261250.0,10.923393249511719,10.923393249511719,866.5530395507812,855.6296463012695,15.557240975051458
261500.0,1205.330810546875,1205.330810546875,850.296142578125,-355.03466796875,15.55966187928029
261750.0,20.320510864257812,20.320510864257812,711.5201416015625,691.1996307373047,15.562017884738944
262000.0,2875.17431640625,2875.17431640625,717.7236328125,-2157.45068359375,15.564248287253292
262250.0,1959.037353515625,1959.037353515625,689.123291015625,-1269.9140625,15.566633048287978
262500.0,15.680614471435547,15.680614471435547,543.3121337890625,527.631519317627,15.569064054371234
262750.0,574.9060668945312,574.9060668945312,800.23974609375,225.33367919921875,15.571380070446802
263000.0,3150.79150390625,3150.79150390625,706.5758666992188,-2444.2156372070312,15.573614692875305
263250.0,2438.28466796875,2438.28466796875,697.544189453125,-1740.740478515625,15.575789188936273
263500.0,298.2581787109375,298.2581787109375,804.3562622070312,506.09808349609375,15.57797689969183
263750.0,2252.996826171875,2252.996826171875,724.3577880859375,-1528.6390380859375,15.58017471610006
264000.0,2533.464599609375,2533.464599609375,685.0968017578125,-1848.3677978515625,15.582359902951756
264250.0,1927.889892578125,1927.889892578125,656.8612060546875,-1271.0286865234375,15.584500161930743
264500.0,2034.9583740234375,2034.9583740234375,701.2098999023438,-1333.7484741210938,15.586641409037723
264750.0,902.8020629882812,902.8020629882812,280.1398620605469,-622.6622009277344,15.5888021655556
265000.0,1027.0855712890625,1027.0855712890625,703.552490234375,-323.5330810546875,15.591159505698956
265250.0,7.622995376586914,7.622995376586914,757.1909790039062,749.5679836273193,15.592923430489563
265500.0,3.4842894077301025,3.4842894077301025,783.4686279296875,779.9843385219574,15.595192578098063
265750.0,971.725341796875,971.725341796875,669.4456176757812,-302.27972412109375,15.59739309561172
266000.0,72.4453353881836,72.4453353881836,662.08642578125,589.6410903930664,15.599590632709862
266250.0,2705.522216796875,2705.522216796875,662.6561279296875,-2042.8660888671875,15.601811157604448
266500.0,3776.625732421875,3776.625732421875,681.134521484375,-3095.4912109375,15.604099689766539
266750.0,2480.7802734375,2480.7802734375,694.055908203125,-1786.724365234375,15.606290017917233
267000.0,2704.646484375,2704.646484375,699.2077026367188,-2005.4387817382812,15.608605655972438
267250.0,2124.47119140625,2124.47119140625,799.3033447265625,-1325.1678466796875,15.610694335081842
267500.0,1443.508544921875,1443.508544921875,808.409423828125,-635.09912109375,15.61290550888678
267750.0,19.138296127319336,19.138296127319336,858.0460205078125,838.9077243804932,15.615241582652773
268000.0,2.9412553310394287,2.9412553310394287,842.2510986328125,839.3098433017731,15.617571289035615
268250.0,1.0179166793823242,1.0179166793823242,834.1163940429688,833.0984773635864,15.619886968819248
268500.0,0.9789140820503235,0.9789140820503235,827.528564453125,826.5496503710747,15.622194948820232
268750.0,14.354884147644043,14.354884147644043,736.1600341796875,721.8051500320435,15.62442268060629
269000.0,0.9210816025733948,0.9210816025733948,852.0679321289062,851.1468505263329,15.626561875658119
269250.0,2902.730224609375,2902.730224609375,729.5338134765625,-2173.1964111328125,15.628649720976531
269500.0,2.268625259399414,2.268625259399414,839.6279296875,837.3593044281006,15.630769072826254
269750.0,1021.994873046875,1021.994873046875,721.7623291015625,-300.2325439453125,15.632867203257009
270000.0,1664.0859375,1664.0859375,692.3857421875,-971.7001953125,15.56755698924146
270250.0,1114.21923828125,1114.21923828125,584.4388427734375,-529.7803955078125,15.56974571177774
270500.0,959.8953247070312,959.8953247070312,691.5849609375,-268.31036376953125,15.571617663269265
270750.0,2590.8896484375,2590.8896484375,844.453857421875,-1746.435791015625,15.573800150336485
271000.0,3.3629729747772217,3.3629729747772217,525.7127075195312,522.349734544754,15.57600762480747
271250.0,2933.604736328125,2933.604736328125,681.8826904296875,-2251.7220458984375,15.578241210891452
271500.0,1836.303466796875,1836.303466796875,721.62939453125,-1114.674072265625,15.580354183070579
271750.0,1946.628662109375,1946.628662109375,715.9342041015625,-1230.6944580078125,15.58239990781873
272000.0,8.99561882019043,8.99561882019043,813.060302734375,804.0646839141846,15.584445258221637
272250.0,6.180416107177734,6.180416107177734,476.50372314453125,470.3233070373535,15.586540567485045
272500.0,750.9452514648438,750.9452514648438,701.79150390625,-49.15374755859375,15.588706434481557
272750.0,4.891841888427734,4.891841888427734,576.9051513671875,572.0133094787598,15.590856762747094
273000.0,2838.83251953125,2838.83251953125,766.1634521484375,-2072.6690673828125,15.592894910449292
273250.0,12.066658973693848,12.066658973693848,411.0649108886719,398.998251914978,15.595057116912164
273500.0,2734.29931640625,2734.29931640625,850.099853515625,-1884.199462890625,15.59730022785578
273750.0,1187.13818359375,1187.13818359375,824.6197509765625,-362.5184326171875,15.59942180186927
274000.0,1548.0633544921875,1548.0633544921875,852.2408447265625,-695.822509765625,15.601471682534076
274250.0,2.5789527893066406,2.5789527893066406,808.8126220703125,806.2336692810059,15.60351058987136
274500.0,2178.885009765625,2178.885009765625,797.73095703125,-1381.154052734375,15.605495864492568
274750.0,2.5416009426116943,2.5416009426116943,389.9728698730469,387.4312689304352,15.607587050465836
275000.0,10.580306053161621,10.580306053161621,805.5113525390625,794.9310464859009,15.609649947401994
275250.0,1635.039306640625,1635.039306640625,723.1536865234375,-911.8856201171875,15.611522953316827
275500.0,2309.227294921875,2309.227294921875,825.6910400390625,-1483.5362548828125,15.61357737683818
275750.0,3345.572998046875,3345.572998046875,750.0747680664062,-2595.4982299804688,15.615842629286966
276000.0,2208.892578125,2208.892578125,845.1088256835938,-1363.7837524414062,15.618080652791248
276250.0,0.7471351027488708,0.7471351027488708,835.4175415039062,834.6704064011574,15.620343580709035
276500.0,2030.8394775390625,2030.8394775390625,839.2080078125,-1191.6314697265625,15.622526181526334
276750.0,3.704284906387329,3.704284906387329,268.712890625,265.00860571861267,15.624586907734287
277000.0,2654.7900390625,2654.7900390625,862.054443359375,-1792.735595703125,15.626594777596642
277250.0,1327.402587890625,1327.402587890625,852.026611328125,-475.3759765625,15.628607762441066
277500.0,2.630866289138794,2.630866289138794,249.34445190429688,246.71358561515808,15.630730630285294
277750.0,1804.0015869140625,1804.0015869140625,835.7584228515625,-968.2431640625,15.63288297470637
278000.0,5.706872940063477,5.706872940063477,262.2162780761719,256.5094051361084,15.635066601217476
278250.0,3.0449302196502686,3.0449302196502686,848.2127685546875,845.1678383350372,15.637241803822716
278500.0,3165.6357421875,3165.6357421875,826.156005859375,-2339.479736328125,15.639382403901866
278750.0,3061.799560546875,3061.799560546875,709.1311645507812,-2352.6683959960938,15.641512774109982
279000.0,36.447418212890625,36.447418212890625,709.5852661132812,673.1378479003906,15.643511216148113
279250.0,2422.90673828125,2422.90673828125,851.8876953125,-1571.01904296875,15.645461307719586
279500.0,397.5342102050781,397.5342102050781,776.740234375,379.2060241699219,15.647400394085091
279750.0,75.85752868652344,75.85752868652344,855.952392578125,780.0948638916016,15.649422088357626
280000.0,2643.35205078125,2643.35205078125,766.0667724609375,-1877.2852783203125,15.587007818094682
280250.0,2402.742431640625,2402.742431640625,855.08251953125,-1547.659912109375,15.589062532267949
280500.0,32.413238525390625,32.413238525390625,852.0560913085938,819.6428527832031,15.591258326982466
280750.0,43.34233093261719,43.34233093261719,840.919921875,797.5775909423828,15.59346439222894
281000.0,3639.03857421875,3639.03857421875,804.9623413085938,-2834.0762329101562,15.595613000809657
281250.0,2.754668951034546,2.754668951034546,825.0445556640625,822.289886713028,15.5978613212778
281500.0,2.2214324474334717,2.2214324474334717,820.8538818359375,818.632449388504,15.600009790645801
281750.0,2.2177438735961914,2.2177438735961914,787.5913696289062,785.3736257553101,15.602109106025752
282000.0,2770.2958984375,2770.2958984375,780.5047607421875,-1989.7911376953125,15.604165188132677
282250.0,1849.879638671875,1849.879638671875,821.428466796875,-1028.451171875,15.606256213938634
282500.0,2213.5869140625,2213.5869140625,810.297119140625,-1403.289794921875,15.608334784906907
282750.0,1688.2777099609375,1688.2777099609375,813.20703125,-875.0706787109375,15.610521595409484
283000.0,15.356231689453125,15.356231689453125,663.1822509765625,647.8260192871094,15.612622435658661
283250.0,1903.1636962890625,1903.1636962890625,853.1150512695312,-1050.0486450195312,15.614695636836808
283500.0,3040.4423828125,3040.4423828125,855.2465209960938,-2185.1958618164062,15.616738766942337
283750.0,2108.96533203125,2108.96533203125,859.2972412109375,-1249.6680908203125,15.618814199690183
284000.0,2885.94921875,2885.94921875,852.9620361328125,-2032.9871826171875,15.620834123125443
284250.0,1971.168701171875,1971.168701171875,838.950927734375,-1132.2177734375,15.622952731230283
284500.0,50.0816650390625,50.0816650390625,754.41015625,704.3284912109375,15.625066857257583
284750.0,10.18548583984375,10.18548583984375,712.45166015625,702.2661743164062,15.627127175609838
285000.0,3.5572125911712646,3.5572125911712646,797.6109008789062,794.053688287735,15.629162185594806
285250.0,2302.080078125,2302.080078125,711.3424072265625,-1590.7376708984375,15.630855009287835
285500.0,8.895669937133789,8.895669937133789,735.810791015625,726.9151210784912,15.632907840232058
285750.0,1921.1478271484375,1921.1478271484375,654.9986572265625,-1266.149169921875,15.634890252857323
286000.0,1812.9765625,1812.9765625,761.3626708984375,-1051.6138916015625,15.63692583063994
286250.0,3848.033935546875,3848.033935546875,847.8507080078125,-3000.1832275390625,15.639080414999816
286500.0,1758.3800048828125,1758.3800048828125,703.7374877929688,-1054.6425170898438,15.641195316377111
286750.0,77.33638763427734,77.33638763427734,816.2147827148438,738.8783950805664,15.643246463857666
287000.0,1978.8331298828125,1978.8331298828125,823.4078369140625,-1155.42529296875,15.645267389680289
287250.0,1365.9510498046875,1365.9510498046875,852.579345703125,-513.3717041015625,15.647209610872478
287500.0,343.1468200683594,343.1468200683594,840.576171875,497.4293518066406,15.649184669897062
287750.0,1846.3150634765625,1846.3150634765625,820.4683837890625,-1025.8466796875,15.65107228414554
288000.0,187.61399841308594,187.61399841308594,762.8525390625,575.2385406494141,15.653048550062106
288250.0,3076.35595703125,3076.35595703125,811.731201171875,-2264.624755859375,15.655109209272872
288500.0,1574.9794921875,1574.9794921875,789.4873657226562,-785.4921264648438,15.65713399515596
288750.0,2174.4794921875,2174.4794921875,783.7986450195312,-1390.6808471679688,15.659158071293922
289000.0,3002.22021484375,3002.22021484375,812.7788696289062,-2189.4413452148438,15.661191418555712
289250.0,2545.555908203125,2545.555908203125,377.7395935058594,-2167.8163146972656,15.663202185238106
289500.0,1.9115275144577026,1.9115275144577026,395.384521484375,393.4729939699173,15.66521867956186
289750.0,1476.9691162109375,1476.9691162109375,806.3043212890625,-670.664794921875,15.667157097139306
290000.0,3.4565093517303467,3.4565093517303467,760.58935546875,757.1328461170197,15.587037621582576
290250.0,1418.499267578125,1418.499267578125,819.63623046875,-598.863037109375,15.585830729525291
290500.0,8.6449556350708,8.6449556350708,839.40966796875,830.7647123336792,15.58454751851606
290750.0,2043.1044921875,2043.1044921875,710.7765502929688,-1332.3279418945312,15.583310246215513
291000.0,20.300800323486328,20.300800323486328,833.2452392578125,812.9444389343262,15.58194868634119
291250.0,2243.82861328125,2243.82861328125,779.13916015625,-1464.689453125,15.580141997332811
291500.0,2517.572021484375,2517.572021484375,813.7446899414062,-1703.8273315429688,15.57871382394879
291750.0,3041.223876953125,3041.223876953125,826.081298828125,-2215.142578125,15.57718684672
292000.0,3760.994384765625,3760.994384765625,817.3157348632812,-2943.6786499023438,15.575656345176897
292250.0,11.343549728393555,11.343549728393555,329.66607666015625,318.3225269317627,15.574727630651958
292500.0,2566.609619140625,2566.609619140625,755.599609375,-1811.010009765625,15.572868695098698
292750.0,2270.294189453125,2270.294189453125,805.207763671875,-1465.08642578125,15.571442902726366
293000.0,624.0946655273438,624.0946655273438,730.3560791015625,106.26141357421875,15.570097918346391
293250.0,1781.5477294921875,1781.5477294921875,801.8274536132812,-979.7202758789062,15.568693193687396
293500.0,2642.3447265625,2642.3447265625,854.0126342773438,-1788.3320922851562,15.567457286412914
293750.0,1065.0906982421875,1065.0906982421875,754.5071411132812,-310.58355712890625,15.56617675361828
294000.0,2907.847900390625,2907.847900390625,849.1629028320312,-2058.6849975585938,15.563781487303043
294250.0,3.476290702819824,3.476290702819824,252.3072509765625,248.83096027374268,15.561902074332012
294500.0,866.9063720703125,866.9063720703125,849.658935546875,-17.2474365234375,15.560808192501838
294750.0,1917.265380859375,1917.265380859375,841.1512451171875,-1076.1141357421875,15.558729408899051
295000.0,17.62253761291504,17.62253761291504,294.60333251953125,276.9807949066162,15.557627044992687
295250.0,7.924910545349121,7.924910545349121,781.926025390625,774.0011148452759,15.556299171662957
295500.0,218.89012145996094,218.89012145996094,852.2928466796875,633.4027252197266,15.554866515953389
295750.0,2714.784423828125,2714.784423828125,851.6141357421875,-1863.1702880859375,15.553829133327245
296000.0,2136.032958984375,2136.032958984375,845.48095703125,-1290.552001953125,15.552780644836984
296250.0,1936.5538330078125,1936.5538330078125,759.4888305664062,-1177.0650024414062,15.551376403957404
296500.0,94.5412368774414,94.5412368774414,856.1004028320312,761.5591659545898,15.550251291852586
296750.0,1106.0814208984375,1106.0814208984375,807.6832275390625,-298.398193359375,15.549201102602298
297000.0,1104.9010009765625,1104.9010009765625,719.7572021484375,-385.143798828125,15.547423853122902
297250.0,624.552978515625,624.552978515625,854.0413818359375,229.4884033203125,15.545461345760284
297500.0,3224.935546875,3224.935546875,758.7830200195312,-2466.1525268554688,15.543994488671794
297750.0,3080.295654296875,3080.295654296875,830.9099731445312,-2249.3856811523438,15.542544883477515
298000.0,1074.796875,1074.796875,854.6693725585938,-220.12750244140625,15.541326423229144
298250.0,1173.6322021484375,1173.6322021484375,210.5686798095703,-963.0635223388672,15.540118972808415
298500.0,63.57221221923828,63.57221221923828,720.1534423828125,656.5812301635742,15.538596168382359
298750.0,1906.62646484375,1906.62646484375,851.9053955078125,-1054.7210693359375,15.5375065849425
299000.0,154.00843811035156,154.00843811035156,835.9072875976562,681.8988494873047,15.536341909216652
299250.0,3088.26611328125,3088.26611328125,781.1019287109375,-2307.1641845703125,15.534913686079499
299500.0,2320.258544921875,2320.258544921875,830.615966796875,-1489.642578125,15.533458650769614
299750.0,1436.6708984375,1436.6708984375,191.81015014648438,-1244.8607482910156,15.532350236028947
300000.0,2019.8372802734375,2019.8372802734375,173.77670288085938,-1846.0605773925781,15.457283862365848
300250.0,2168.521728515625,2168.521728515625,719.396240234375,-1449.12548828125,15.456346499729829
300500.0,1965.53369140625,1965.53369140625,850.5769653320312,-1114.9567260742188,15.455334855174618
300750.0,1561.8798828125,1561.8798828125,706.502197265625,-855.377685546875,15.45434052955602
301000.0,22.863237380981445,22.863237380981445,690.462158203125,667.5989208221436,15.45318793295356
301250.0,1934.695068359375,1934.695068359375,823.014404296875,-1111.6806640625,15.452077186855304
301500.0,3620.010986328125,3620.010986328125,843.999267578125,-2776.01171875,15.451030107135745
301750.0,2100.6767578125,2100.6767578125,706.1431884765625,-1394.5335693359375,15.449849345329813
302000.0,249.46170043945312,249.46170043945312,721.4647216796875,472.0030212402344,15.448507074047189
302250.0,1879.955810546875,1879.955810546875,523.7481079101562,-1356.2077026367188,15.447382545284766
302500.0,1069.4215087890625,1069.4215087890625,724.6136474609375,-344.807861328125,15.446481532768603
302750.0,2353.693359375,2353.693359375,854.4260864257812,-1499.2672729492188,15.44522588642173
303000.0,1518.13818359375,1518.13818359375,811.278564453125,-706.859619140625,15.444148511573236
303250.0,1886.190185546875,1886.190185546875,853.1690673828125,-1033.0211181640625,15.442614312193491
303500.0,2933.98681640625,2933.98681640625,868.6954956054688,-2065.2913208007812,15.441084450054245
303750.0,1226.74951171875,1226.74951171875,797.011962890625,-429.737548828125,15.439675366385744
304000.0,2303.6357421875,2303.6357421875,845.60888671875,-1458.02685546875,15.43853231471624
304250.0,38.4387321472168,38.4387321472168,846.2216186523438,807.782886505127,15.43748741587148
304500.0,6.509100437164307,6.509100437164307,89.64712524414062,83.13802480697632,15.436593854494081
304750.0,3276.5869140625,3276.5869140625,818.775390625,-2457.8115234375,15.435109935383906
305000.0,290.1235046386719,290.1235046386719,818.81005859375,528.6865539550781,15.43385941947781
305250.0,2890.26318359375,2890.26318359375,836.622802734375,-2053.640380859375,15.432665398292125
305500.0,47.69278335571289,47.69278335571289,856.3858642578125,808.6930809020996,15.431844621278529
305750.0,2080.3603515625,2080.3603515625,789.966552734375,-1290.393798828125,15.432788255126354
306000.0,1901.2828369140625,1901.2828369140625,848.0538330078125,-1053.22900390625,15.431872580994874
306250.0,2595.23095703125,2595.23095703125,827.0367431640625,-1768.1942138671875,15.430821522714378
306500.0,143.77255249023438,143.77255249023438,863.957763671875,720.1852111816406,15.428990555017819
306750.0,77.02741241455078,77.02741241455078,862.1834716796875,785.1560592651367,15.427739851313314
307000.0,3371.59423828125,3371.59423828125,850.2042236328125,-2521.3900146484375,15.426424267128922
307250.0,12.455323219299316,12.455323219299316,839.898193359375,827.4428701400757,15.425509492359389
307500.0,2289.407470703125,2289.407470703125,844.015380859375,-1445.39208984375,15.424448625918897
307750.0,2722.983154296875,2722.983154296875,829.6651611328125,-1893.3179931640625,15.423387634783904
308000.0,3146.52099609375,3146.52099609375,777.2259521484375,-2369.2950439453125,15.422294125833751
308250.0,2603.9296875,2603.9296875,848.6403198242188,-1755.2893676757812,15.421302476610805
308500.0,3474.450439453125,3474.450439453125,844.2811279296875,-2630.1693115234375,15.419976051191314
308750.0,3189.36767578125,3189.36767578125,847.211181640625,-2342.156494140625,15.418878552696981
309000.0,2912.756591796875,2912.756591796875,856.4373779296875,-2056.3192138671875,15.41776840329527
309250.0,1836.86083984375,1836.86083984375,844.0201416015625,-992.8406982421875,15.416624220962259
309500.0,202.7646026611328,202.7646026611328,855.8432006835938,653.0785980224609,15.415699474870994
309750.0,1830.595947265625,1830.595947265625,866.9560546875,-963.639892578125,15.414543775342727
310000.0,2446.65869140625,2446.65869140625,902.5850830078125,-1544.0736083984375,15.342308293393138
310250.0,2952.22607421875,2952.22607421875,903.4342041015625,-2048.7918701171875,15.341493780168614
310500.0,2312.1044921875,2312.1044921875,904.8548583984375,-1407.2496337890625,15.340570060688766
310750.0,218.43536376953125,218.43536376953125,879.042236328125,660.6068725585938,15.33961468373524
311000.0,2272.66943359375,2272.66943359375,855.612060546875,-1417.057373046875,15.33837198256359
311250.0,11.642586708068848,11.642586708068848,603.6650390625,592.0224523544312,15.33691040445383
311500.0,2210.544189453125,2210.544189453125,847.6991577148438,-1362.8450317382812,15.335613858302693
311750.0,3627.01708984375,3627.01708984375,801.2139892578125,-2825.8031005859375,15.33450607022585
312000.0,4.62110710144043,4.62110710144043,567.2484130859375,562.6273059844971,15.332756659567599
312250.0,1297.8709716796875,1297.8709716796875,699.248046875,-598.6229248046875,15.331790800541581
312500.0,2567.10693359375,2567.10693359375,832.734375,-1734.37255859375,15.330863754578221
312750.0,381.5179443359375,381.5179443359375,865.5155029296875,483.99755859375,15.330020910335534
313000.0,43.92758560180664,43.92758560180664,812.1951904296875,768.2676048278809,15.328935127320213
313250.0,573.401123046875,573.401123046875,668.438720703125,95.03759765625,15.327831795643062
313500.0,1616.7171630859375,1616.7171630859375,862.67822265625,-754.0389404296875,15.32681133304486
313750.0,2894.10302734375,2894.10302734375,843.014892578125,-2051.088134765625,15.325239359450027
314000.0,25.862464904785156,25.862464904785156,859.7316284179688,833.8691635131836,15.324254585066928
314250.0,556.081787109375,556.081787109375,843.19921875,287.117431640625,15.323275307678356
314500.0,1764.61328125,1764.61328125,850.9990234375,-913.6142578125,15.322365500903851
314750.0,1991.02490234375,1991.02490234375,837.7915649414062,-1153.2333374023438,15.321436776509422
315000.0,18.930761337280273,18.930761337280273,712.4702758789062,693.539514541626,15.320465566036063
315250.0,6.597421646118164,6.597421646118164,769.2996826171875,762.7022609710693,15.31942956040409
315500.0,7.687450885772705,7.687450885772705,385.70758056640625,378.02012968063354,15.317965754687807
315750.0,1901.495361328125,1901.495361328125,711.0836791992188,-1190.4116821289062,15.316755937672161
316000.0,79.67579650878906,79.67579650878906,845.731689453125,766.0558929443359,15.315597758895565
316250.0,141.28074645996094,141.28074645996094,832.1461181640625,690.8653717041016,15.314359330242308
316500.0,1663.159912109375,1663.159912109375,843.0685424804688,-820.0913696289062,15.313142011706793
316750.0,32.51527404785156,32.51527404785156,795.6176147460938,763.1023406982422,15.311979916367388
317000.0,1673.0089111328125,1673.0089111328125,718.4519653320312,-954.5569458007812,15.31078273274796
317250.0,2176.82373046875,2176.82373046875,821.1259765625,-1355.69775390625,15.309685823586694
317500.0,2257.841552734375,2257.841552734375,838.80712890625,-1419.034423828125,15.308453899164098
317750.0,2595.237060546875,2595.237060546875,847.2091064453125,-1748.0279541015625,15.307337590845059
318000.0,1863.4453125,1863.4453125,717.0599975585938,-1146.3853149414062,15.306085493069595
318250.0,2347.82373046875,2347.82373046875,846.2506103515625,-1501.5731201171875,15.30495604216594
318500.0,1729.50146484375,1729.50146484375,809.1235961914062,-920.3778686523438,15.303826222363156
318750.0,1876.456298828125,1876.456298828125,809.5635986328125,-1066.8927001953125,15.302676223216132
319000.0,3254.191162109375,3254.191162109375,764.8388061523438,-2489.3523559570312,15.30143657950057
319250.0,1885.213623046875,1885.213623046875,868.7235107421875,-1016.4901123046875,15.300375796381235
319500.0,3214.4521484375,3214.4521484375,793.5307006835938,-2420.9214477539062,15.299228534280566
319750.0,1829.0582275390625,1829.0582275390625,828.0949096679688,-1000.9633178710938,15.298088819824498
320000.0,1527.0533447265625,1527.0533447265625,838.4083251953125,-688.64501953125,15.226309396324472
320250.0,386.11627197265625,386.11627197265625,821.02880859375,434.91253662109375,15.225359709551855
320500.0,2591.89990234375,2591.89990234375,817.498291015625,-1774.401611328125,15.224310491568737
320750.0,1034.0615234375,1034.0615234375,774.2098388671875,-259.8516845703125,15.223261400392113
321000.0,1153.8780517578125,1153.8780517578125,843.310791015625,-310.5672607421875,15.222237562041846
321250.0,1902.3902587890625,1902.3902587890625,809.6484375,-1092.7418212890625,15.221185882798792
321500.0,3572.99462890625,3572.99462890625,823.6890869140625,-2749.3055419921875,15.2207384442691
321750.0,1232.6253662109375,1232.6253662109375,795.2736206054688,-437.35174560546875,15.22200030720815
322000.0,3344.577392578125,3344.577392578125,844.6080932617188,-2499.9692993164062,15.223280285867894
322250.0,1719.944580078125,1719.944580078125,812.7362670898438,-907.2083129882812,15.224593385245782
322500.0,2107.36572265625,2107.36572265625,813.0204467773438,-1294.3452758789062,15.225501032122347
322750.0,2371.634521484375,2371.634521484375,685.5518188476562,-1686.0827026367188,15.226635775303455
323000.0,1942.1624755859375,1942.1624755859375,869.0807495117188,-1073.0817260742188,15.227759115337683
323250.0,2057.419189453125,2057.419189453125,818.8289794921875,-1238.5902099609375,15.228838165899095
323500.0,11.437712669372559,11.437712669372559,729.363037109375,717.9253244400024,15.229942622176715
323750.0,2528.693603515625,2528.693603515625,862.732666015625,-1665.9609375,15.231037774726364
324000.0,2135.034912109375,2135.034912109375,861.9996337890625,-1273.0352783203125,15.232230323968391
324250.0,1963.8629150390625,1963.8629150390625,818.68408203125,-1145.1788330078125,15.23354006948969
324500.0,2038.698974609375,2038.698974609375,806.308837890625,-1232.39013671875,15.234805400780822
324750.0,6.205769062042236,6.205769062042236,190.76651000976562,184.5607409477234,15.235979131246149
325000.0,2312.495361328125,2312.495361328125,829.36083984375,-1483.134521484375,15.23716538487506
325250.0,3187.729736328125,3187.729736328125,837.338134765625,-2350.3916015625,15.238229941664498
325500.0,1632.9854736328125,1632.9854736328125,844.3726196289062,-788.6128540039062,15.239466988980721
325750.0,2504.059326171875,2504.059326171875,839.32080078125,-1664.738525390625,15.240678758230466
326000.0,2958.23291015625,2958.23291015625,830.6583251953125,-2127.5745849609375,15.241850766597935
326250.0,3015.482421875,3015.482421875,805.6381225585938,-2209.8442993164062,15.243028124250808
326500.0,1494.4249267578125,1494.4249267578125,416.76483154296875,-1077.6600952148438,15.244186273838757
326750.0,735.18310546875,735.18310546875,764.3883666992188,29.20526123046875,15.245283404407266
327000.0,1373.2000732421875,1373.2000732421875,846.998291015625,-526.2017822265625,15.246397940981524
327250.0,2147.5693359375,2147.5693359375,852.0956420898438,-1295.4736938476562,15.247494353608701
327500.0,2315.9619140625,2315.9619140625,782.5196533203125,-1533.4422607421875,15.248574163887127
327750.0,1967.0469970703125,1967.0469970703125,762.2562866210938,-1204.7907104492188,15.249665123567938
328000.0,3481.34228515625,3481.34228515625,824.723876953125,-2656.618408203125,15.250735535417638
328250.0,3028.716796875,3028.716796875,860.21337890625,-2168.50341796875,15.25181885989825
328500.0,2590.66015625,2590.66015625,851.1654663085938,-1739.4946899414062,15.252972700096029
328750.0,2223.25390625,2223.25390625,850.1044921875,-1373.1494140625,15.254103211886457
329000.0,203.459716796875,203.459716796875,552.3944702148438,348.93475341796875,15.255145294808793
329250.0,2919.98046875,2919.98046875,853.8849487304688,-2066.0955200195312,15.256344599135646
329500.0,2823.681396484375,2823.681396484375,814.1278686523438,-2009.5535278320312,15.2575666534399
329750.0,45.25886154174805,45.25886154174805,839.4536743164062,794.1948127746582,15.25878307450041
330000.0,2147.57861328125,2147.57861328125,834.739013671875,-1312.839599609375,15.203798247185373
330250.0,1784.9813232421875,1784.9813232421875,895.1019897460938,-889.8793334960938,15.204922867977327
330500.0,20.04497718811035,20.04497718811035,968.6282348632812,948.5832576751709,15.206086502725338
330750.0,1580.97119140625,1580.97119140625,834.2306518554688,-746.7405395507812,15.207329041056461
331000.0,1887.921875,1887.921875,963.3390502929688,-924.5828247070312,15.208483396075978
331250.0,2401.59521484375,2401.59521484375,809.9422607421875,-1591.6529541015625,15.209739962354577
331500.0,69.37911987304688,69.37911987304688,113.77941131591797,44.400291442871094,15.211027618820834
331750.0,2742.600830078125,2742.600830078125,832.900390625,-1909.700439453125,15.212236806874062
332000.0,22.896648406982422,22.896648406982422,863.5148315429688,840.6181831359863,15.213467848204395
332250.0,1945.9952392578125,1945.9952392578125,860.923095703125,-1085.0721435546875,15.214683432673718
332500.0,2174.54248046875,2174.54248046875,860.3646240234375,-1314.1778564453125,15.21601226777652
332750.0,802.2439575195312,802.2439575195312,847.3497924804688,45.1058349609375,15.21733709500373
333000.0,2075.2666015625,2075.2666015625,860.1135864257812,-1215.1530151367188,15.218613282437872
333250.0,2820.64111328125,2820.64111328125,851.6151123046875,-1969.0260009765625,15.219849435683399
333500.0,2596.9794921875,2596.9794921875,808.1163330078125,-1788.8631591796875,15.221040911938024
333750.0,2329.53271484375,2329.53271484375,844.181884765625,-1485.350830078125,15.222231619649031
334000.0,2139.9248046875,2139.9248046875,867.8286743164062,-1272.0961303710938,15.223425284255207
334250.0,1875.446533203125,1875.446533203125,867.6876220703125,-1007.7589111328125,15.224660718391158
334500.0,220.67994689941406,220.67994689941406,859.8199462890625,639.1399993896484,15.225846370962486
334750.0,2240.5185546875,2240.5185546875,822.0748291015625,-1418.4437255859375,15.22698502571435
335000.0,2726.408447265625,2726.408447265625,856.0870361328125,-1870.3214111328125,15.228091121735341
335250.0,2913.228759765625,2913.228759765625,891.2203979492188,-2022.0083618164062,15.229181486408477
335500.0,582.3276977539062,582.3276977539062,769.1666259765625,186.83892822265625,15.230428560784127
335750.0,2453.48095703125,2453.48095703125,891.6920776367188,-1561.7888793945312,15.231702593927245
336000.0,174.9754638671875,174.9754638671875,950.203857421875,775.2283935546875,15.232985466707985
336250.0,2068.048828125,2068.048828125,866.8355712890625,-1201.2132568359375,15.234233639564675
336500.0,24.88051414489746,24.88051414489746,852.3505859375,827.4700717926025,15.235397051300758
336750.0,2603.720703125,2603.720703125,864.3753662109375,-1739.3453369140625,15.236542811545032
337000.0,2013.744873046875,2013.744873046875,999.2081298828125,-1014.5367431640625,15.237678174587515
337250.0,4383.55859375,4383.55859375,957.0723876953125,-3426.4862060546875,15.238810759106332
337500.0,1083.92578125,1083.92578125,848.476806640625,-235.448974609375,15.239940193011885
337750.0,1865.8302001953125,1865.8302001953125,865.9610595703125,-999.869140625,15.241056440956894
338000.0,19.750877380371094,19.750877380371094,485.6646423339844,465.9137649536133,15.242222318046
338250.0,26.56525993347168,26.56525993347168,474.310546875,447.7452869415283,15.243365607418507
338500.0,2634.19384765625,2634.19384765625,785.984375,-1848.20947265625,15.244525443447628
338750.0,2399.5126953125,2399.5126953125,866.02392578125,-1533.48876953125,15.245736875327616
339000.0,3440.146240234375,3440.146240234375,863.9291381835938,-2576.2171020507812,15.246995357899802
339250.0,1378.6729736328125,1378.6729736328125,727.5697021484375,-651.103271484375,15.248316067056473
339500.0,2188.466796875,2188.466796875,744.9464111328125,-1443.5203857421875,15.249579185086125
339750.0,2481.20068359375,2481.20068359375,717.35595703125,-1763.8447265625,15.25078618459773
340000.0,1965.50927734375,1965.50927734375,717.7361450195312,-1247.7731323242188,15.19827282789915
340250.0,2925.79443359375,2925.79443359375,871.2595825195312,-2054.5348510742188,15.199543722643403
340500.0,8.386661529541016,8.386661529541016,388.58404541015625,380.19738388061523,15.200866255257504
340750.0,2048.0615234375,2048.0615234375,865.3353881835938,-1182.7261352539062,15.202104443574743
341000.0,2165.46728515625,2165.46728515625,648.3497924804688,-1517.1174926757812,15.203370582503332
341250.0,2533.1767578125,2533.1767578125,919.1041870117188,-1614.0725708007812,15.204632674494952
341500.0,3027.5576171875,3027.5576171875,830.57568359375,-2196.98193359375,15.205916028120127
341750.0,1607.9783935546875,1607.9783935546875,873.62353515625,-734.3548583984375,15.207207344626235
342000.0,1706.826171875,1706.826171875,866.9254760742188,-839.9006958007812,15.20849200511539
342250.0,3105.3505859375,3105.3505859375,867.1663818359375,-2238.1842041015625,15.209731349769662
342500.0,13.259113311767578,13.259113311767578,1056.884765625,1043.6256523132324,15.211027838047928
342750.0,1977.68701171875,1977.68701171875,872.5660400390625,-1105.1209716796875,15.212301943347846
343000.0,1934.327392578125,1934.327392578125,846.897216796875,-1087.43017578125,15.21343909236104
343250.0,2526.22705078125,2526.22705078125,873.2881469726562,-1652.9389038085938,15.214634360243734
343500.0,2538.033203125,2538.033203125,864.6618041992188,-1673.3713989257812,15.215847648806262
343750.0,1985.2122802734375,1985.2122802734375,850.6738891601562,-1134.5383911132812,15.217017961848855
344000.0,105.14515686035156,105.14515686035156,844.8896484375,739.7444915771484,15.218179958552735
344250.0,2470.314453125,2470.314453125,882.5486450195312,-1587.7658081054688,15.219475875544674
344500.0,22.93360710144043,22.93360710144043,1016.095458984375,993.1618518829346,15.220759324008926
344750.0,2563.4072265625,2563.4072265625,859.382080078125,-1704.025146484375,15.222092805590494
345000.0,1679.7662353515625,1679.7662353515625,860.625732421875,-819.1405029296875,15.223425080396524
345250.0,1847.11083984375,1847.11083984375,878.2009887695312,-968.9098510742188,15.224597624544984
345500.0,1762.4512939453125,1762.4512939453125,851.16796875,-911.2833251953125,15.22591854907053
345750.0,2667.62109375,2667.62109375,842.3897705078125,-1825.2313232421875,15.22726737684828
346000.0,13.57902717590332,13.57902717590332,857.5858154296875,844.0067882537842,15.228416185056247
346250.0,4.646203994750977,4.646203994750977,1040.3388671875,1035.692663192749,15.229582106709639
346500.0,2595.020751953125,2595.020751953125,852.1197509765625,-1742.9010009765625,15.2307142176757
346750.0,2486.2333984375,2486.2333984375,865.802490234375,-1620.430908203125,15.231846627692946
347000.0,466.1392822265625,466.1392822265625,862.2168579101562,396.07757568359375,15.233064445190237
347250.0,3186.361572265625,3186.361572265625,990.52490234375,-2195.836669921875,15.234235798116346
347500.0,2505.847412109375,2505.847412109375,877.3959350585938,-1628.4514770507812,15.235403018021037
347750.0,3754.530029296875,3754.530029296875,1018.2369384765625,-2736.2930908203125,15.236560931770887
348000.0,3170.322265625,3170.322265625,1030.678466796875,-2139.643798828125,15.237722424654262
348250.0,439.12640380859375,439.12640380859375,905.9837646484375,466.85736083984375,15.238852715962684
348500.0,14.786247253417969,14.786247253417969,1050.511474609375,1035.725227355957,15.23996495574973
348750.0,11.784233093261719,11.784233093261719,1032.78466796875,1021.0004348754883,15.24111002210772
349000.0,217.9442596435547,217.9442596435547,860.8156127929688,642.8713531494141,15.2421916371953
349250.0,1512.3941650390625,1512.3941650390625,838.3721923828125,-674.02197265625,15.24328348248366
349500.0,3173.994384765625,3173.994384765625,865.85302734375,-2308.141357421875,15.244346616504604
349750.0,1676.7786865234375,1676.7786865234375,894.0780029296875,-782.70068359375,15.245541873073323
350000.0,975.8888549804688,975.8888549804688,790.06787109375,-185.82098388671875,15.19394951578935
350250.0,1920.86279296875,1920.86279296875,807.3817749023438,-1113.4810180664062,15.19521853106591
350500.0,2474.130126953125,2474.130126953125,919.2664794921875,-1554.8636474609375,15.196441895684426
350750.0,2009.581787109375,2009.581787109375,535.5008544921875,-1474.0809326171875,15.197643712132768
351000.0,1993.3658447265625,1993.3658447265625,864.09765625,-1129.2681884765625,15.198905903327672
351250.0,1966.919677734375,1966.919677734375,865.5802001953125,-1101.3394775390625,15.200161090392394
351500.0,2212.27294921875,2212.27294921875,845.6719970703125,-1366.6009521484375,15.20137924021291
351750.0,26.772846221923828,26.772846221923828,1032.906005859375,1006.1331596374512,15.202708067291814
352000.0,1779.740478515625,1779.740478515625,866.9600830078125,-912.7803955078125,15.203999958302672
352250.0,2735.096923828125,2735.096923828125,920.5557861328125,-1814.5411376953125,15.205294493769015
352500.0,10.105904579162598,10.105904579162598,1035.6842041015625,1025.5782995224,15.206556290169077
352750.0,1861.5135498046875,1861.5135498046875,888.4298706054688,-973.0836791992188,15.207656668123603
353000.0,2088.320068359375,2088.320068359375,860.556396484375,-1227.763671875,15.2088614491774
353250.0,177.52516174316406,177.52516174316406,895.36865234375,717.8434906005859,15.21012619322033
353500.0,8.251422882080078,8.251422882080078,714.219970703125,705.9685478210449,15.21141172905342
353750.0,2432.598876953125,2432.598876953125,900.2861328125,-1532.312744140625,15.212655948832815
354000.0,2884.488525390625,2884.488525390625,929.0527954101562,-1955.4357299804688,15.213718718660118
354250.0,1749.642333984375,1749.642333984375,835.3680419921875,-914.2742919921875,15.214750760543017
354500.0,11.778144836425781,11.778144836425781,1045.3447265625,1033.5665817260742,15.215811430114908
354750.0,1019.0479736328125,1019.0479736328125,873.602294921875,-145.4456787109375,15.21684781676216
355000.0,2329.0849609375,2329.0849609375,865.3132934570312,-1463.7716674804688,15.217872217281501
355250.0,732.9609985351562,732.9609985351562,929.8121948242188,196.8511962890625,15.21890372204648
355500.0,1831.9219970703125,1831.9219970703125,875.9262084960938,-955.9957885742188,15.219824621439853
355750.0,2083.3017578125,2083.3017578125,872.3338623046875,-1210.9678955078125,15.22106632061388
356000.0,2189.6240234375,2189.6240234375,1028.4927978515625,-1161.1312255859375,15.222325463281964
356250.0,1860.441162109375,1860.441162109375,987.13525390625,-873.305908203125,15.22359363378635
356500.0,1.7886128425598145,1.7886128425598145,348.5926513671875,346.8040385246277,15.224885959936088
356750.0,2169.366943359375,2169.366943359375,887.2824096679688,-1282.0845336914062,15.22614600375467
357000.0,2280.194580078125,2280.194580078125,882.0909423828125,-1398.1036376953125,15.22740279653599
357250.0,2312.673095703125,2312.673095703125,866.0054931640625,-1446.6676025390625,15.22856567803128
357500.0,2964.4794921875,2964.4794921875,897.804443359375,-2066.675048828125,15.22970120902722
357750.0,2089.39306640625,2089.39306640625,881.0073852539062,-1208.3856811523438,15.230819922035959
358000.0,2417.7421875,2417.7421875,935.2742919921875,-1482.4678955078125,15.231891144663175
358250.0,7.301664352416992,7.301664352416992,385.8382568359375,378.5365924835205,15.233024427086297
358500.0,1514.187255859375,1514.187255859375,887.492919921875,-626.6943359375,15.234118997320115
358750.0,18.20741081237793,18.20741081237793,980.342529296875,962.1351184844971,15.235238670804684
359000.0,2817.1484375,2817.1484375,865.7872924804688,-1951.3611450195312,15.23638254693594
359250.0,2661.681884765625,2661.681884765625,862.461669921875,-1799.22021484375,15.237605689376547
359500.0,2840.784912109375,2840.784912109375,881.3399658203125,-1959.4449462890625,15.238803833772836
359750.0,2543.141357421875,2543.141357421875,978.905029296875,-1564.236328125,15.240014610826448
360000.0,1523.604736328125,1523.604736328125,1005.3778076171875,-518.2269287109375,15.189914798528406
360250.0,2148.767333984375,2148.767333984375,811.844482421875,-1336.9228515625,15.191155655363037
360500.0,2119.40185546875,2119.40185546875,988.75244140625,-1130.6494140625,15.192390778011575
360750.0,2094.24609375,2094.24609375,911.00244140625,-1183.24365234375,15.193428596419253
361000.0,9.997099876403809,9.997099876403809,1020.763916015625,1010.7668161392212,15.194482351704174
361250.0,1553.7625732421875,1553.7625732421875,854.11328125,-699.6492919921875,15.195532137565332
361500.0,8.055595397949219,8.055595397949219,879.8407592773438,871.7851638793945,15.196601926453646
361750.0,2355.0693359375,2355.0693359375,864.2284545898438,-1490.8408813476562,15.197645138456762
362000.0,939.9725952148438,939.9725952148438,869.814208984375,-70.15838623046875,15.198663350633007
362250.0,2058.375,2058.375,880.9322509765625,-1177.4427490234375,15.199699278875215
362500.0,1854.77734375,1854.77734375,910.3673095703125,-944.4100341796875,15.200851542890423
362750.0,2661.020263671875,2661.020263671875,1043.7532958984375,-1617.2669677734375,15.201885717492246
363000.0,1483.950927734375,1483.950927734375,910.7056274414062,-573.2453002929688,15.202917625563218
363250.0,2038.1805419921875,2038.1805419921875,871.11474609375,-1167.0657958984375,15.204047288881517
363500.0,1.427168607711792,1.427168607711792,1028.339599609375,1026.9124310016632,15.20530409692657
363750.0,2.3654487133026123,2.3654487133026123,882.4112548828125,880.0458061695099,15.206454502643915
364000.0,1787.70556640625,1787.70556640625,873.268798828125,-914.436767578125,15.207605844983316
364250.0,1905.44189453125,1905.44189453125,974.007568359375,-931.434326171875,15.208718762451003
364500.0,76.12967681884766,76.12967681884766,477.45269775390625,401.3230209350586,15.209860512071405
364750.0,1796.61328125,1796.61328125,918.3594970703125,-878.2537841796875,15.210996554970553
365000.0,3779.0537109375,3779.0537109375,814.7880859375,-2964.265625,15.212125817293428
365250.0,6.60560941696167,6.60560941696167,836.3460083007812,829.7403988838196,15.213261339312114
365500.0,3372.1533203125,3372.1533203125,903.893310546875,-2468.260009765625,15.21429502833065
365750.0,2171.83544921875,2171.83544921875,875.8660888671875,-1295.9693603515625,15.215459331665706
366000.0,2778.92333984375,2778.92333984375,745.6864013671875,-2033.2369384765625,15.216606207927935
366250.0,3021.348876953125,3021.348876953125,318.35174560546875,-2702.9971313476562,15.217738051905416
366500.0,2662.378662109375,2662.378662109375,837.136474609375,-1825.2421875,15.21886026165876
366750.0,9.561153411865234,9.561153411865234,995.4009399414062,985.839786529541,15.220018931075089
367000.0,3057.04443359375,3057.04443359375,916.783447265625,-2140.260986328125,15.221161321735904
367250.0,9.673561096191406,9.673561096191406,965.96875,956.2951889038086,15.222302799522629
367500.0,50.225181579589844,50.225181579589844,382.33154296875,332.10636138916016,15.223429454463442
367750.0,991.1463012695312,991.1463012695312,875.988525390625,-115.15777587890625,15.22452140351612
368000.0,2872.21337890625,2872.21337890625,864.1893310546875,-2008.0240478515625,15.225651138983148
368250.0,2172.345703125,2172.345703125,872.5968627929688,-1299.7488403320312,15.226745467191655
368500.0,1407.88916015625,1407.88916015625,842.10009765625,-565.7890625,15.227763237009775
368750.0,1837.9241943359375,1837.9241943359375,864.7619018554688,-973.1622924804688,15.228770522851734
369000.0,2023.3345947265625,2023.3345947265625,935.761474609375,-1087.5731201171875,15.229834246950835
369250.0,1130.8817138671875,1130.8817138671875,1035.7059326171875,-95.17578125,15.230997503884824
369500.0,223.95838928222656,223.95838928222656,976.1033935546875,752.1450042724609,15.232092972359403
369750.0,2284.5361328125,2284.5361328125,776.7377319335938,-1507.7984008789062,15.233169865826694
370000.0,9.961374282836914,9.961374282836914,1013.287841796875,1003.3264675140381,15.184798222188993
370250.0,2227.722412109375,2227.722412109375,1021.362060546875,-1206.3603515625,15.185983426053445
370500.0,2864.962646484375,2864.962646484375,809.40771484375,-2055.554931640625,15.187188127695357
370750.0,2333.77294921875,2333.77294921875,972.63720703125,-1361.1357421875,15.188370722969456
371000.0,2796.80322265625,2796.80322265625,935.4306640625,-1861.37255859375,15.189548342644777
371250.0,3037.032470703125,3037.032470703125,993.9169921875,-2043.115478515625,15.190682480618818
371500.0,2448.9609375,2448.9609375,829.366943359375,-1619.593994140625,15.191729820783896
371750.0,523.546630859375,523.546630859375,825.0238037109375,301.4771728515625,15.192804171244838
372000.0,4235.44677734375,4235.44677734375,868.5237426757812,-3366.9230346679688,15.193955891182245
372250.0,3052.582763671875,3052.582763671875,959.9344482421875,-2092.6483154296875,15.195129807468149
372500.0,10.52154541015625,10.52154541015625,932.5457153320312,922.024169921875,15.196309802552003
372750.0,7.39232873916626,7.39232873916626,902.1287841796875,894.7364554405212,15.197466886920056
373000.0,1011.6328735351562,1011.6328735351562,811.4130859375,-200.21978759765625,15.198650468003722
373250.0,2544.85009765625,2544.85009765625,919.4320678710938,-1625.4180297851562,15.19982921966766
373500.0,2489.916748046875,2489.916748046875,925.4212036132812,-1564.4955444335938,15.200996147542487
373750.0,7.066511154174805,7.066511154174805,1031.268310546875,1024.2017993927002,15.202044718321433
374000.0,8.51183795928955,8.51183795928955,1033.8502197265625,1025.338381767273,15.203103567364272
374250.0,2146.291748046875,2146.291748046875,891.32763671875,-1254.964111328125,15.204292055382435
374500.0,2991.967041015625,2991.967041015625,925.41015625,-2066.556884765625,15.205484155505205
374750.0,1644.7529296875,1644.7529296875,1015.3867797851562,-629.3661499023438,15.206664674620688
375000.0,2421.9033203125,2421.9033203125,1052.916015625,-1368.9873046875,15.207721960201804
375250.0,22.56725311279297,22.56725311279297,1039.620849609375,1017.053596496582,15.208920088015747
375500.0,1738.831298828125,1738.831298828125,960.0225219726562,-778.8087768554688,15.209979254318213
375750.0,17.6141357421875,17.6141357421875,831.6430053710938,814.0288696289062,15.211145916570532
376000.0,1955.145751953125,1955.145751953125,906.5011596679688,-1048.6445922851562,15.212294845357205
376250.0,3.359851121902466,3.359851121902466,881.555419921875,878.1955687999725,15.213406165422688
376500.0,2354.754638671875,2354.754638671875,977.26708984375,-1377.487548828125,15.21454585798011
376750.0,4.129781246185303,4.129781246185303,859.1346435546875,855.0048623085022,15.21563958868563
377000.0,2213.747314453125,2213.747314453125,731.12890625,-1482.618408203125,15.21668236259226
377250.0,1822.40966796875,1822.40966796875,763.0536499023438,-1059.3560180664062,15.217753879024963
377500.0,22.757619857788086,22.757619857788086,1052.7054443359375,1029.9478244781494,15.218840559975407
377750.0,2562.64208984375,2562.64208984375,873.14306640625,-1689.4990234375,15.219918038596502
378000.0,3508.1962890625,3508.1962890625,871.8963623046875,-2636.2999267578125,15.220986726253129
378250.0,1980.1572265625,1980.1572265625,904.7928466796875,-1075.3643798828125,15.222030729863638
378500.0,3119.289306640625,3119.289306640625,853.9476928710938,-2265.3416137695312,15.223078006894587
378750.0,3416.087646484375,3416.087646484375,899.576171875,-2516.511474609375,15.224109696941735
379000.0,3499.901123046875,3499.901123046875,959.62060546875,-2540.280517578125,15.225157047485673
379250.0,3780.0986328125,3780.0986328125,825.736328125,-2954.3623046875,15.226198339025448
379500.0,2828.927734375,2828.927734375,865.5931396484375,-1963.3345947265625,15.227246205084743
379750.0,1675.93505859375,1675.93505859375,857.2003173828125,-818.7347412109375,15.228290077715009
380000.0,2566.58203125,2566.58203125,874.218994140625,-1692.363037109375,15.181109177526542
380250.0,1614.5224609375,1614.5224609375,906.039794921875,-708.482666015625,15.182187887043472
380500.0,10.111482620239258,10.111482620239258,1046.0989990234375,1035.9875164031982,15.183298500625268
380750.0,1737.0780029296875,1737.0780029296875,870.3466796875,-866.7313232421875,15.184381395527243
381000.0,2436.63134765625,2436.63134765625,873.7286376953125,-1562.9027099609375,15.185459945384459
381250.0,3250.042724609375,3250.042724609375,903.2315673828125,-2346.8111572265625,15.186514021324609
381500.0,1179.1239013671875,1179.1239013671875,620.6077880859375,-558.51611328125,15.187603030627747
381750.0,3796.56396484375,3796.56396484375,1032.683837890625,-2763.880126953125,15.188750679782148
382000.0,1195.79833984375,1195.79833984375,984.431396484375,-211.366943359375,15.189977107029009
382250.0,3794.329345703125,3794.329345703125,998.244873046875,-2796.08447265625,15.191213926961012
382500.0,1564.9019775390625,1564.9019775390625,666.018310546875,-898.8836669921875,15.192401795167582
382750.0,2279.247314453125,2279.247314453125,873.617431640625,-1405.6298828125,15.193572507579733
383000.0,2194.4306640625,2194.4306640625,881.682373046875,-1312.748291015625,15.194742901371095
383250.0,2759.33642578125,2759.33642578125,935.634521484375,-1823.701904296875,15.195939415655081
383500.0,19.327556610107422,19.327556610107422,990.485107421875,971.1575508117676,15.197136715056136
383750.0,1929.2896728515625,1929.2896728515625,875.316650390625,-1053.9730224609375,15.198291148271347
384000.0,2594.015869140625,2594.015869140625,928.610595703125,-1665.4052734375,15.199430756734301
384250.0,2910.50537109375,2910.50537109375,958.5580444335938,-1951.9473266601562,15.200490301672378
384500.0,1367.988037109375,1367.988037109375,956.8126831054688,-411.17535400390625,15.201610618715387
384750.0,2430.530517578125,2430.530517578125,980.73681640625,-1449.793701171875,15.202778339175662
385000.0,1218.6357421875,1218.6357421875,854.96435546875,-363.67138671875,15.203920488894013
385250.0,2065.79296875,2065.79296875,940.38720703125,-1125.40576171875,15.205018833703647
385500.0,2728.50439453125,2728.50439453125,935.342041015625,-1793.162353515625,15.205988140553472
385750.0,2289.6650390625,2289.6650390625,922.8970947265625,-1366.7679443359375,15.207203295776427
386000.0,2845.828125,2845.828125,882.2608032226562,-1963.5673217773438,15.208310076493785
386250.0,1977.625,1977.625,852.726806640625,-1124.898193359375,15.209441301314149
386500.0,2926.53955078125,2926.53955078125,838.8582153320312,-2087.6813354492188,15.210632451652367
386750.0,6.735134124755859,6.735134124755859,1036.296142578125,1029.5610084533691,15.211828753831481
387000.0,15.377437591552734,15.377437591552734,918.6781005859375,903.3006629943848,15.212979260854336
387250.0,2700.1953125,2700.1953125,992.7337646484375,-1707.4615478515625,15.214051735818396
387500.0,2013.0478515625,2013.0478515625,947.5381469726562,-1065.5097045898438,15.215167343639349
387750.0,3529.14697265625,3529.14697265625,893.1063842773438,-2636.0405883789062,15.216221100547196
388000.0,11.191329002380371,11.191329002380371,879.5947265625,868.4033975601196,15.217400220011703
388250.0,17.15266990661621,17.15266990661621,1000.0997314453125,982.9470615386963,15.218486519365351
388500.0,1.325650930404663,1.325650930404663,956.1746215820312,954.8489706516266,15.219718245926638
388750.0,2859.882080078125,2859.882080078125,883.25830078125,-1976.623779296875,15.22091528368182
389000.0,2862.55224609375,2862.55224609375,883.32666015625,-1979.2255859375,15.222111292017479
389250.0,2214.82421875,2214.82421875,806.6456298828125,-1408.1785888671875,15.223228562407376
389500.0,2427.76904296875,2427.76904296875,1007.934814453125,-1419.834228515625,15.224316582468829
389750.0,46.124000549316406,46.124000549316406,981.836669921875,935.7126693725586,15.225417685995327
390000.0,1823.9288330078125,1823.9288330078125,929.27783203125,-894.6510009765625,15.179947368266546
390250.0,10.656801223754883,10.656801223754883,1045.5830078125,1034.9262065887451,15.180946164369482
390500.0,2341.6796875,2341.6796875,1002.9117431640625,-1338.7679443359375,15.18204218557298
390750.0,26.16147232055664,26.16147232055664,1019.2141723632812,993.0527000427246,15.183247392761361
391000.0,2320.121337890625,2320.121337890625,913.0328369140625,-1407.0885009765625,15.184410484428621
391250.0,3015.04345703125,3015.04345703125,901.268798828125,-2113.774658203125,15.185608884647985
391500.0,2555.84423828125,2555.84423828125,999.222412109375,-1556.621826171875,15.18681231552337
391750.0,2552.086669921875,2552.086669921875,927.337646484375,-1624.7490234375,15.188013397740775
392000.0,1895.8524169921875,1895.8524169921875,869.7008056640625,-1026.151611328125,15.18921442827597
392250.0,2606.618408203125,2606.618408203125,877.1190185546875,-1729.4993896484375,15.190412610288615
392500.0,1721.530029296875,1721.530029296875,705.3309326171875,-1016.1990966796875,15.191630239369262
392750.0,2389.20556640625,2389.20556640625,851.7589721679688,-1537.4465942382812,15.192812140521855
393000.0,4.253371238708496,4.253371238708496,966.1611328125,961.9077615737915,15.194025206554175
393250.0,54.954288482666016,54.954288482666016,682.9547119140625,628.0004234313965,15.19523589832519
393500.0,429.99969482421875,429.99969482421875,1032.62646484375,602.6267700195312,15.196448672639058
393750.0,1910.6748046875,1910.6748046875,881.71875,-1028.9560546875,15.197635353142486
394000.0,2740.202880859375,2740.202880859375,860.0809326171875,-1880.1219482421875,15.19881770520709
394250.0,4497.75146484375,4497.75146484375,862.51025390625,-3635.2412109375,15.199984048574251
394500.0,2938.7802734375,2938.7802734375,923.769775390625,-2015.010498046875,15.201166132256699
394750.0,1149.093505859375,1149.093505859375,940.91162109375,-208.181884765625,15.20234189612611
395000.0,2131.3125,2131.3125,885.4036865234375,-1245.9088134765625,15.203504556141239
395250.0,8.659174919128418,8.659174919128418,986.96142578125,978.3022508621216,15.20468987964273
395500.0,3399.66796875,3399.66796875,877.6553955078125,-2522.0125732421875,15.205762146154811
395750.0,3.09407114982605,3.09407114982605,470.7005310058594,467.6064598560333,15.206774931026697
396000.0,3210.327880859375,3210.327880859375,890.6728515625,-2319.655029296875,15.207866297700638
396250.0,2309.33642578125,2309.33642578125,912.6966552734375,-1396.6397705078125,15.208983086455584
396500.0,2613.94580078125,2613.94580078125,943.4163208007812,-1670.5294799804688,15.210081677068455
396750.0,2697.07958984375,2697.07958984375,903.3856201171875,-1793.6939697265625,15.211174535929782
397000.0,10.25135612487793,10.25135612487793,868.7239990234375,858.4726428985596,15.212288790350975
397250.0,1650.192138671875,1650.192138671875,892.7042846679688,-757.4878540039062,15.213356379394563
397500.0,2689.2705078125,2689.2705078125,870.2646484375,-1819.005859375,15.214489114318805
397750.0,16.744783401489258,16.744783401489258,849.7274169921875,832.9826335906982,15.215636862502315
398000.0,7.646160125732422,7.646160125732422,838.827880859375,831.1817207336426,15.216777324200159
398250.0,1445.6063232421875,1445.6063232421875,954.5546264648438,-491.05169677734375,15.217862658060799
398500.0,2174.57958984375,2174.57958984375,987.2429809570312,-1187.3366088867188,15.218874529631384
398750.0,1913.87548828125,1913.87548828125,998.4310302734375,-915.4444580078125,15.21988923790314
399000.0,3836.8115234375,3836.8115234375,964.439697265625,-2872.371826171875,15.221015524560508
399250.0,2559.94140625,2559.94140625,859.8543701171875,-1700.0870361328125,15.22212602483025
399500.0,12.980401992797852,12.980401992797852,1050.430419921875,1037.4500179290771,15.223292195375286
399750.0,2539.678466796875,2539.678466796875,878.449951171875,-1661.228515625,15.224434674555368
400000.0,8.150022506713867,8.150022506713867,1042.4970703125,1034.3470478057861,15.180435437215833
400250.0,13.35679817199707,13.35679817199707,1003.33447265625,989.9776744842529,15.18156586274545
400500.0,1151.5069580078125,1151.5069580078125,994.759521484375,-156.7474365234375,15.182589161935
400750.0,18.199769973754883,18.199769973754883,999.89892578125,981.6991558074951,15.183762348926939
401000.0,1727.31005859375,1727.31005859375,934.944580078125,-792.365478515625,15.184880451067196
401250.0,2370.410888671875,2370.410888671875,942.441650390625,-1427.96923828125,15.186008927774
401500.0,2452.0791015625,2452.0791015625,838.946044921875,-1613.133056640625,15.187123956801669
401750.0,2715.033203125,2715.033203125,1005.37451171875,-1709.65869140625,15.188201496390166
402000.0,2501.539306640625,2501.539306640625,909.502685546875,-1592.03662109375,15.189324378453128
402250.0,910.6500244140625,910.6500244140625,940.5848999023438,29.93487548828125,15.190441598117301
402500.0,2146.5908203125,2146.5908203125,930.543212890625,-1216.047607421875,15.191559241260775
402750.0,2600.782470703125,2600.782470703125,868.6134643554688,-1732.1690063476562,15.192624260971199
403000.0,12.615918159484863,12.615918159484863,1011.773681640625,999.1577634811401,15.19361196089244
403250.0,2281.858642578125,2281.858642578125,903.0601196289062,-1378.7985229492188,15.194649110837629
403500.0,2.615297794342041,2.615297794342041,472.0359191894531,469.4206213951111,15.195787848087004
403750.0,2188.3876953125,2188.3876953125,1036.859130859375,-1151.528564453125,15.196888545265692
404000.0,2010.864013671875,2010.864013671875,957.4495849609375,-1053.4144287109375,15.197904838174153
404250.0,3192.151611328125,3192.151611328125,942.07177734375,-2250.079833984375,15.198920300774448
404500.0,1084.3699951171875,1084.3699951171875,1006.7483520507812,-77.62164306640625,15.199922652124057
404750.0,2243.50537109375,2243.50537109375,964.7801513671875,-1278.7252197265625,15.200923666502044
405000.0,1717.12255859375,1717.12255859375,991.3018798828125,-725.8206787109375,15.201895326054553
405250.0,2714.611328125,2714.611328125,900.1630859375,-1814.4482421875,15.202905239860627
405500.0,35.30368423461914,35.30368423461914,1023.1669921875,987.8633079528809,15.203906491307581
405750.0,33.87570571899414,33.87570571899414,1011.390625,977.5149192810059,15.204796141908629
406000.0,2022.780517578125,2022.780517578125,930.6342163085938,-1092.1463012695312,15.205791430042888
406250.0,10.679401397705078,10.679401397705078,859.1888427734375,848.5094413757324,15.206759943834236
406500.0,12.847636222839355,12.847636222839355,863.258544921875,850.4109086990356,15.20773372038866
406750.0,2199.683349609375,2199.683349609375,1034.1328125,-1165.550537109375,15.208683095662483
407000.0,2598.095703125,2598.095703125,1046.049560546875,-1552.046142578125,15.209620279670352
407250.0,8.52292251586914,8.52292251586914,934.6529541015625,926.1300315856934,15.210583808862635
407500.0,2780.5673828125,2780.5673828125,981.16552734375,-1799.40185546875,15.211530616490272
407750.0,211.66378784179688,211.66378784179688,1041.3426513671875,829.6788635253906,15.21250586677355
408000.0,6.958563327789307,6.958563327789307,688.1817626953125,681.2231993675232,15.213466010501492
408250.0,2430.85302734375,2430.85302734375,918.9744873046875,-1511.8785400390625,15.214408055320124
408500.0,2274.71337890625,2274.71337890625,974.670166015625,-1300.043212890625,15.215344648173222
408750.0,3970.48974609375,3970.48974609375,816.6917114257812,-3153.7980346679688,15.216330612236828
409000.0,2035.8240966796875,2035.8240966796875,919.048583984375,-1116.7755126953125,15.21735909643636
409250.0,323.19390869140625,323.19390869140625,1003.419921875,680.2260131835938,15.218402621098994
409500.0,4.021890640258789,4.021890640258789,980.5240478515625,976.5021572113037,15.21945901285061
409750.0,1615.221923828125,1615.221923828125,946.90966796875,-668.312255859375,15.220505605015923
410000.0,2564.60400390625,2564.60400390625,759.9288940429688,-1804.6751098632812,15.177137488035456
410250.0,1362.141845703125,1362.141845703125,995.75244140625,-366.389404296875,15.17824745225377
410500.0,2568.5732421875,2568.5732421875,883.0857543945312,-1685.4874877929688,15.179244339922716
410750.0,2636.71044921875,2636.71044921875,874.0064697265625,-1762.7039794921875,15.180363236488374
411000.0,10.410978317260742,10.410978317260742,1018.3992309570312,1007.9882526397705,15.181458214636844
411250.0,2460.531982421875,2460.531982421875,990.62890625,-1469.903076171875,15.182568154697686
411500.0,797.1423950195312,797.1423950195312,910.7932739257812,113.65087890625,15.183654198990151
411750.0,2232.1845703125,2232.1845703125,984.8709716796875,-1247.3135986328125,15.1847196878734
412000.0,2557.668212890625,2557.668212890625,953.2957763671875,-1604.3724365234375,15.185841877586176
412250.0,2428.456298828125,2428.456298828125,995.0394287109375,-1433.4168701171875,15.186989195728707
412500.0,2040.984619140625,2040.984619140625,924.68603515625,-1116.298583984375,15.18814029008887
412750.0,23.23089599609375,23.23089599609375,976.7146606445312,953.4837646484375,15.18928232696013
413000.0,3651.453125,3651.453125,994.495849609375,-2656.957275390625,15.190392285142785
413250.0,1586.9716796875,1586.9716796875,987.4844360351562,-599.4872436523438,15.191527755754596
413500.0,3179.7607421875,3179.7607421875,1026.2691650390625,-2153.4915771484375,15.192531085172266
413750.0,2065.733642578125,2065.733642578125,984.3555908203125,-1081.3780517578125,15.193519718406286
414000.0,11.559484481811523,11.559484481811523,993.3141479492188,981.7546634674072,15.194522462536572
414250.0,4.937624931335449,4.937624931335449,948.3834838867188,943.4458589553833,15.195519564334042
414500.0,5.401956558227539,5.401956558227539,944.7003173828125,939.298360824585,15.196518562394672
414750.0,696.0362548828125,696.0362548828125,872.1170043945312,176.08074951171875,15.197515777721785
415000.0,3617.933837890625,3617.933837890625,1005.9708251953125,-2611.9630126953125,15.198453040457606
415250.0,7.2999982833862305,7.2999982833862305,922.8546142578125,915.5546159744263,15.199431232253314
415500.0,2066.628662109375,2066.628662109375,678.9332885742188,-1387.6953735351562,15.200401687516663
415750.0,1321.9976806640625,1321.9976806640625,764.832275390625,-557.1654052734375,15.201369651620007
416000.0,2.0066189765930176,2.0066189765930176,522.8004150390625,520.7937960624695,15.202250349291662
416250.0,489.2741394042969,489.2741394042969,1046.8316650390625,557.5575256347656,15.203269146059341
416500.0,2830.41748046875,2830.41748046875,865.2708129882812,-1965.1466674804688,15.204234380553899
416750.0,3.089221477508545,3.089221477508545,404.3995056152344,401.31028413772583,15.205211522527438
417000.0,1992.812744140625,1992.812744140625,947.9207763671875,-1044.8919677734375,15.206224394195603
417250.0,1089.73095703125,1089.73095703125,937.116943359375,-152.614013671875,15.207240511472161
417500.0,1663.2431640625,1663.2431640625,980.7721557617188,-682.4710083007812,15.208247082166894
417750.0,1766.6068115234375,1766.6068115234375,961.8209228515625,-804.785888671875,15.209245463279812
418000.0,1964.8189697265625,1964.8189697265625,977.832763671875,-986.9862060546875,15.210273820791766
418250.0,7.1685028076171875,7.1685028076171875,966.9652099609375,959.7967071533203,15.211401209385073
418500.0,4506.8720703125,4506.8720703125,995.561279296875,-3511.310791015625,15.212491738348941
418750.0,2507.10595703125,2507.10595703125,1014.81787109375,-1492.2880859375,15.213586261216584
419000.0,2389.858642578125,2389.858642578125,979.2147216796875,-1410.6439208984375,15.214586522907325
419250.0,11.966999053955078,11.966999053955078,1040.300537109375,1028.33353805542,15.215580490799713
419500.0,3503.83251953125,3503.83251953125,885.8665771484375,-2617.9659423828125,15.21650980762278
419750.0,2250.37109375,2250.37109375,860.037353515625,-1390.333740234375,15.217419803878476
420000.0,2562.420166015625,2562.420166015625,877.9610595703125,-1684.4591064453125,15.17484469453018
420250.0,2012.0540771484375,2012.0540771484375,871.3896484375,-1140.6644287109375,15.175878824591072
420500.0,2419.33056640625,2419.33056640625,1023.3635864257812,-1395.9669799804688,15.176926682874418
420750.0,2055.325439453125,2055.325439453125,1030.858154296875,-1024.46728515625,15.177780995042577
421000.0,3283.8310546875,3283.8310546875,993.5816650390625,-2290.2493896484375,15.178780495511882
421250.0,2600.42529296875,2600.42529296875,1006.3538208007812,-1594.0714721679688,15.179788546715361
421500.0,3396.957763671875,3396.957763671875,948.1788330078125,-2448.7789306640625,15.180778938472445
421750.0,1970.332275390625,1970.332275390625,1006.1956787109375,-964.1365966796875,15.18176210674329
422000.0,2819.563232421875,2819.563232421875,968.1904907226562,-1851.3727416992188,15.182724348809307
422250.0,2380.28662109375,2380.28662109375,924.6187744140625,-1455.6678466796875,15.18370413295698
422500.0,1716.195068359375,1716.195068359375,977.7833251953125,-738.4117431640625,15.184675058250091
422750.0,2871.92041015625,2871.92041015625,1023.6570434570312,-1848.2633666992188,15.18564639170092
423000.0,2396.52001953125,2396.52001953125,990.9222412109375,-1405.5977783203125,15.186612752376744
423250.0,2533.046875,2533.046875,916.1180419921875,-1616.9288330078125,15.187574579415925
423500.0,70.75497436523438,70.75497436523438,915.3226318359375,844.5676574707031,15.188551993919297
423750.0,2862.8427734375,2862.8427734375,949.68603515625,-1913.15673828125,15.189524709994192
424000.0,2382.809326171875,2382.809326171875,996.457763671875,-1386.3515625,15.190508345743401
424250.0,1452.908935546875,1452.908935546875,905.76416015625,-547.144775390625,15.191486644613336
424500.0,2775.7939453125,2775.7939453125,837.9552612304688,-1937.8386840820312,15.192491130183148
424750.0,2733.033935546875,2733.033935546875,971.8507080078125,-1761.1832275390625,15.193459786059094
425000.0,3046.808837890625,3046.808837890625,902.216552734375,-2144.59228515625,15.194468835184319
425250.0,2218.095703125,2218.095703125,953.0906982421875,-1265.0050048828125,15.195492200933257
425500.0,2236.243408203125,2236.243408203125,870.8287353515625,-1365.4146728515625,15.196468471818584
425750.0,2438.646240234375,2438.646240234375,863.968017578125,-1574.67822265625,15.197418422524944
426000.0,2131.6123046875,2131.6123046875,856.4031982421875,-1275.2091064453125,15.198323580697256
426250.0,2834.35205078125,2834.35205078125,875.5370483398438,-1958.8150024414062,15.199170293202954
426500.0,1824.3448486328125,1824.3448486328125,858.1730346679688,-966.1718139648438,15.20015223306942
426750.0,2303.1455078125,2303.1455078125,878.835693359375,-1424.309814453125,15.20110281418242
427000.0,2749.7138671875,2749.7138671875,1016.6903076171875,-1733.0235595703125,15.202029728615399
427250.0,2112.5009765625,2112.5009765625,959.5048828125,-1152.99609375,15.2029912138338
427500.0,3408.530517578125,3408.530517578125,908.3400268554688,-2500.1904907226562,15.203932838192175
427750.0,2208.50341796875,2208.50341796875,927.74853515625,-1280.7548828125,15.204928308403158
428000.0,2962.609375,2962.609375,882.7025756835938,-2079.9067993164062,15.20599387977053
428250.0,3337.12109375,3337.12109375,746.7869873046875,-2590.3341064453125,15.207074979431729
428500.0,2407.148193359375,2407.148193359375,1037.909423828125,-1369.23876953125,15.208073061948234
428750.0,1956.2994384765625,1956.2994384765625,956.969482421875,-999.3299560546875,15.209075863893455
429000.0,2252.10498046875,2252.10498046875,990.4742431640625,-1261.6307373046875,15.21013715163609
429250.0,2780.828125,2780.828125,896.5736083984375,-1884.2545166015625,15.211218368795107
429500.0,2297.425537109375,2297.425537109375,981.0379028320312,-1316.3876342773438,15.212260554143148
429750.0,2787.162109375,2787.162109375,915.3468017578125,-1871.8153076171875,15.213216539970436
430000.0,2820.0517578125,2820.0517578125,908.7889404296875,-1911.2628173828125,15.172173957087422
430250.0,2498.353759765625,2498.353759765625,939.046875,-1559.306884765625,15.173116585832942
430500.0,2036.97802734375,2036.97802734375,1000.6923828125,-1036.28564453125,15.17405638616712
430750.0,4388.6796875,4388.6796875,904.1775512695312,-3484.5021362304688,15.175040909362995
431000.0,3406.863037109375,3406.863037109375,1002.5313110351562,-2404.3317260742188,15.176027211013672
431250.0,2148.344482421875,2148.344482421875,933.0929565429688,-1215.2515258789062,15.177130944251013
431500.0,2595.637939453125,2595.637939453125,979.2501831054688,-1616.3877563476562,15.178240828605748
431750.0,15.795042991638184,15.795042991638184,964.9915771484375,949.1965341567993,15.179318883088786
432000.0,1557.3017578125,1557.3017578125,954.122802734375,-603.178955078125,15.180276280708528
432250.0,2388.281494140625,2388.281494140625,880.075927734375,-1508.20556640625,15.181244573245117
432500.0,2049.50048828125,2049.50048828125,929.9125366210938,-1119.5879516601562,15.1822224453986
432750.0,127.98301696777344,127.98301696777344,933.22119140625,805.2381744384766,15.18321035463974
433000.0,2206.023681640625,2206.023681640625,950.5693359375,-1255.454345703125,15.18421432599848
433250.0,2589.20751953125,2589.20751953125,883.83740234375,-1705.3701171875,15.185210877035546
433500.0,3472.822265625,3472.822265625,1039.235595703125,-2433.586669921875,15.186228450555042
433750.0,16.476207733154297,16.476207733154297,1053.3017578125,1036.8255500793457,15.187251327868129
434000.0,1494.9482421875,1494.9482421875,912.9368896484375,-582.0113525390625,15.18824935714732
434250.0,23.982248306274414,23.982248306274414,980.4168701171875,956.4346218109131,15.189324923615096
434500.0,15.046557426452637,15.046557426452637,1003.36572265625,988.3191652297974,15.190421180041906
434750.0,2785.373291015625,2785.373291015625,932.5811767578125,-1852.7921142578125,15.191482547165622
435000.0,1.1969900131225586,1.1969900131225586,850.553955078125,849.3569650650024,15.192497513721632
435250.0,1900.940673828125,1900.940673828125,832.116943359375,-1068.82373046875,15.193436096722191
435500.0,2334.417236328125,2334.417236328125,887.0394897460938,-1447.3777465820312,15.194460787676839
435750.0,3385.26416015625,3385.26416015625,1012.419677734375,-2372.844482421875,15.195440809853354
436000.0,2005.6650390625,2005.6650390625,971.15283203125,-1034.51220703125,15.196416277042315
436250.0,10.071613311767578,10.071613311767578,627.7833862304688,617.7117729187012,15.19739536361063
436500.0,9.196995735168457,9.196995735168457,998.00439453125,988.8073987960815,15.19829247206279
436750.0,3274.0703125,3274.0703125,867.3707275390625,-2406.6995849609375,15.199269902209297
437000.0,4.211375713348389,4.211375713348389,1005.1950073242188,1000.9836316108704,15.200212490823185
437250.0,12.347496032714844,12.347496032714844,937.954345703125,925.6068496704102,15.201183823245234
437500.0,2385.58447265625,2385.58447265625,978.4881591796875,-1407.0963134765625,15.202153583373148
437750.0,8.03599739074707,8.03599739074707,1043.98388671875,1035.947889328003,15.203156187688304
438000.0,1715.9881591796875,1715.9881591796875,922.3858642578125,-793.602294921875,15.204093930912158
438250.0,3036.99365234375,3036.99365234375,878.4013671875,-2158.59228515625,15.205063954494221
438500.0,6.584453105926514,6.584453105926514,1042.133056640625,1035.5486035346985,15.206074696947983
438750.0,2939.749267578125,2939.749267578125,941.1369018554688,-1998.6123657226562,15.207058420129506
439000.0,2698.98291015625,2698.98291015625,1037.124267578125,-1661.858642578125,15.208021682797042
439250.0,2717.1201171875,2717.1201171875,980.8704833984375,-1736.2496337890625,15.208923036062123
439500.0,2675.361083984375,2675.361083984375,934.012939453125,-1741.34814453125,15.209802851363614
439750.0,2712.5478515625,2712.5478515625,866.8043212890625,-1845.7435302734375,15.210699269788455
440000.0,16.266489028930664,16.266489028930664,991.490478515625,975.2239894866943,15.169769165739753
440250.0,14.483840942382812,14.483840942382812,782.3426513671875,767.8588104248047,15.170763121849136
440500.0,2364.3544921875,2364.3544921875,835.493896484375,-1528.860595703125,15.171747360331564
440750.0,2356.4267578125,2356.4267578125,897.8678588867188,-1458.5588989257812,15.172712977530729
441000.0,1497.24853515625,1497.24853515625,904.4102783203125,-592.8382568359375,15.173694661087836
441250.0,2923.073974609375,2923.073974609375,994.4530029296875,-1928.6209716796875,15.174640019823446
441500.0,2978.3857421875,2978.3857421875,920.7318115234375,-2057.6539306640625,15.175682422031308
441750.0,3749.305419921875,3749.305419921875,814.0839233398438,-2935.2214965820312,15.176726597976382
442000.0,2393.028076171875,2393.028076171875,935.3038940429688,-1457.7241821289062,15.177656461361076
442250.0,1842.123291015625,1842.123291015625,1021.9954223632812,-820.1278686523438,15.17857204935547
442500.0,1563.359130859375,1563.359130859375,871.309814453125,-692.04931640625,15.179492493918355
442750.0,3842.823486328125,3842.823486328125,863.782958984375,-2979.04052734375,15.180465466614677
443000.0,3058.979736328125,3058.979736328125,853.25048828125,-2205.729248046875,15.181472571837991
443250.0,2448.129150390625,2448.129150390625,880.3754272460938,-1567.7537231445312,15.182405227266496
443500.0,2220.00048828125,2220.00048828125,857.6141967773438,-1362.3862915039062,15.183395994776095
443750.0,2612.76611328125,2612.76611328125,843.4686889648438,-1769.2974243164062,15.184396997320048
444000.0,2005.6109619140625,2005.6109619140625,968.4800415039062,-1037.1309204101562,15.18537994213992
444250.0,4134.78466796875,4134.78466796875,1049.76025390625,-3085.0244140625,15.186349438380919
444500.0,2245.451416015625,2245.451416015625,875.4337158203125,-1370.0177001953125,15.1873430045061
444750.0,3039.165283203125,3039.165283203125,1005.7102661132812,-2033.4550170898438,15.188320272814689
445000.0,12.152880668640137,12.152880668640137,1027.71875,1015.5658693313599,15.18932284642113
445250.0,12.55781364440918,12.55781364440918,1029.609130859375,1017.0513172149658,15.190310022577343
445500.0,2269.262451171875,2269.262451171875,1009.433349609375,-1259.8291015625,15.191286753413575
445750.0,2617.583984375,2617.583984375,996.9532470703125,-1620.6307373046875,15.192249869989592
446000.0,1432.555908203125,1432.555908203125,909.1171875,-523.438720703125,15.193226298399711
446250.0,2478.744384765625,2478.744384765625,858.109130859375,-1620.63525390625,15.19420067413654
446500.0,1399.15185546875,1399.15185546875,848.0389404296875,-551.1129150390625,15.195169547786277
446750.0,2184.42236328125,2184.42236328125,859.624267578125,-1324.798095703125,15.196073914410352
447000.0,2871.326416015625,2871.326416015625,889.555419921875,-1981.77099609375,15.197088014925733
447250.0,2231.46337890625,2231.46337890625,1019.883544921875,-1211.579833984375,15.198075777476625
447500.0,2648.10498046875,2648.10498046875,849.3194580078125,-1798.7855224609375,15.19903570813032
447750.0,1632.04931640625,1632.04931640625,881.5736694335938,-750.4756469726562,15.199947586788632
448000.0,1747.73828125,1747.73828125,859.4979248046875,-888.2403564453125,15.200836776102335
448250.0,1041.598876953125,1041.598876953125,998.9189453125,-42.679931640625,15.201735421248724
448500.0,1945.587646484375,1945.587646484375,867.6319580078125,-1077.9556884765625,15.202648392441423
448750.0,1742.326416015625,1742.326416015625,946.3958740234375,-795.9305419921875,15.203609323504294
449000.0,2118.078125,2118.078125,888.5267333984375,-1229.5513916015625,15.204634841442845
449250.0,3166.4150390625,3166.4150390625,1025.16845703125,-2141.24658203125,15.205665884421078
449500.0,2893.96484375,2893.96484375,922.4431762695312,-1971.5216674804688,15.206664913253363
449750.0,2423.1552734375,2423.1552734375,940.4080810546875,-1482.7471923828125,15.207613644094092
450000.0,2081.5771484375,2081.5771484375,905.1036376953125,-1176.4735107421875,15.16805935262674
450250.0,1282.177490234375,1282.177490234375,885.2744140625,-396.903076171875,15.16902674659238
450500.0,3879.47900390625,3879.47900390625,888.984619140625,-2990.494384765625,15.169998360596214
450750.0,2256.87548828125,2256.87548828125,866.73779296875,-1390.1376953125,15.170953941499086
451000.0,2372.95654296875,2372.95654296875,920.46044921875,-1452.49609375,15.171915873219008
451250.0,1435.1778564453125,1435.1778564453125,987.8895263671875,-447.288330078125,15.172795720026443
451500.0,1751.76513671875,1751.76513671875,862.335693359375,-889.429443359375,15.173799939220933
451750.0,2644.739990234375,2644.739990234375,850.468017578125,-1794.27197265625,15.174782952260381
452000.0,1825.234375,1825.234375,943.4595947265625,-881.7747802734375,15.17574189763627
452250.0,3914.60400390625,3914.60400390625,1032.958984375,-2881.64501953125,15.17670535032343
452500.0,1775.481689453125,1775.481689453125,1032.01806640625,-743.463623046875,15.177652887187223
452750.0,2111.82568359375,2111.82568359375,973.7232666015625,-1138.1024169921875,15.178618068711598
453000.0,2160.852294921875,2160.852294921875,964.4290771484375,-1196.4232177734375,15.179573252443216
453250.0,3439.111083984375,3439.111083984375,891.1593627929688,-2547.9517211914062,15.180498211442154
453500.0,2076.892822265625,2076.892822265625,922.9051513671875,-1153.9876708984375,15.181433314314898
453750.0,2444.54736328125,2444.54736328125,874.6783447265625,-1569.8690185546875,15.18236934808722
454000.0,1366.53466796875,1366.53466796875,1006.7789306640625,-359.7557373046875,15.183290249029652
454250.0,2652.688720703125,2652.688720703125,921.5,-1731.188720703125,15.184210047343374
454500.0,1767.39892578125,1767.39892578125,1035.7100830078125,-731.6888427734375,15.185131530692495
454750.0,2361.65478515625,2361.65478515625,920.5042724609375,-1441.1505126953125,15.186061615832536
455000.0,2353.05224609375,2353.05224609375,930.0404052734375,-1423.0118408203125,15.187012152847636
455250.0,1529.5499267578125,1529.5499267578125,852.8995361328125,-676.650390625,15.187961381981099
455500.0,2401.114501953125,2401.114501953125,866.08642578125,-1535.028076171875,15.188925713268256
455750.0,2946.962158203125,2946.962158203125,925.7013549804688,-2021.2608032226562,15.189876935238594
456000.0,2312.659423828125,2312.659423828125,1023.115966796875,-1289.54345703125,15.190764955111513
456250.0,3915.7001953125,3915.7001953125,952.39111328125,-2963.30908203125,15.191635528304426
456500.0,2796.283935546875,2796.283935546875,889.935302734375,-1906.3486328125,15.19249938549213
456750.0,2570.442626953125,2570.442626953125,999.8524169921875,-1570.5902099609375,15.193252222194157
457000.0,3869.755859375,3869.755859375,919.1846923828125,-2950.5711669921875,15.194130132537358
457250.0,1472.968505859375,1472.968505859375,1009.3233032226562,-463.64520263671875,15.195110868568074
457500.0,89.55010986328125,89.55010986328125,955.8635864257812,866.3134765625,15.196077599314629
457750.0,2602.36328125,2602.36328125,878.46826171875,-1723.89501953125,15.196945953164171
458000.0,2148.013427734375,2148.013427734375,1021.4786376953125,-1126.5347900390625,15.197886650958427
458250.0,2188.06005859375,2188.06005859375,912.5855712890625,-1275.4744873046875,15.198816128025161
458500.0,2754.951171875,2754.951171875,968.113525390625,-1786.837646484375,15.199747432806626
458750.0,2583.920654296875,2583.920654296875,874.0162353515625,-1709.9044189453125,15.200563288928624
459000.0,753.0855712890625,753.0855712890625,991.9844970703125,238.89892578125,15.201503998031397
459250.0,2966.78271484375,2966.78271484375,944.7036743164062,-2022.0790405273438,15.202474476501797
459500.0,2001.9759521484375,2001.9759521484375,948.626953125,-1053.3489990234375,15.203471371395691
459750.0,3124.480712890625,3124.480712890625,909.88232421875,-2214.598388671875,15.20444044504858
460000.0,2085.658447265625,2085.658447265625,957.5933837890625,-1128.0650634765625,15.165438663461204
460250.0,0.5050925612449646,0.5050925612449646,1028.623291015625,1028.11819845438,15.16632456213921
460500.0,2326.792236328125,2326.792236328125,930.746337890625,-1396.0458984375,15.167156092562356
460750.0,2.0570645332336426,2.0570645332336426,1033.263427734375,1031.2063632011414,15.168066721165836
461000.0,3312.323486328125,3312.323486328125,880.0618896484375,-2432.2615966796875,15.168952332021442
461250.0,3415.89111328125,3415.89111328125,889.46826171875,-2526.4228515625,15.169828471029009
461500.0,2834.2197265625,2834.2197265625,989.6878662109375,-1844.5318603515625,15.170640159479216
461750.0,19.005746841430664,19.005746841430664,1028.9091796875,1009.9034328460693,15.17167632197941
462000.0,2213.29443359375,2213.29443359375,896.615478515625,-1316.678955078125,15.17266443916203
462250.0,2715.4638671875,2715.4638671875,906.9739379882812,-1808.4899291992188,15.173661755864519
462500.0,2258.239501953125,2258.239501953125,890.1103515625,-1368.129150390625,15.174575007741208
462750.0,3270.9091796875,3270.9091796875,873.3990478515625,-2397.5101318359375,15.175490121124843
463000.0,2630.775634765625,2630.775634765625,892.8994140625,-1737.876220703125,15.176395255800843
463250.0,2868.14892578125,2868.14892578125,905.9881591796875,-1962.1607666015625,15.177260685748081
463500.0,2280.783203125,2280.783203125,863.8273315429688,-1416.9558715820312,15.17820136423241
463750.0,1607.086181640625,1607.086181640625,996.697021484375,-610.38916015625,15.179165932586368
464000.0,2416.0146484375,2416.0146484375,958.01416015625,-1458.00048828125,15.180023951759212
464250.0,3205.20166015625,3205.20166015625,1026.067138671875,-2179.134521484375,15.180870908580236
464500.0,3451.6494140625,3451.6494140625,954.62109375,-2497.0283203125,15.181758803038935
464750.0,3758.541015625,3758.541015625,929.6595458984375,-2828.8814697265625,15.182715904765061
465000.0,2421.243408203125,2421.243408203125,987.9308471679688,-1433.3125610351562,15.183658152813774
465250.0,2912.554931640625,2912.554931640625,946.5923461914062,-1965.9625854492188,15.184564078237496
465500.0,26.09461784362793,26.09461784362793,946.7658081054688,920.6711902618408,15.185499768781602
465750.0,1369.5362548828125,1369.5362548828125,933.3766479492188,-436.15960693359375,15.186394056023005
466000.0,2221.111083984375,2221.111083984375,1030.6495361328125,-1190.4615478515625,15.187285679938599
466250.0,3837.87890625,3837.87890625,985.8992919921875,-2851.9796142578125,15.188144681817068
466500.0,23.926542282104492,23.926542282104492,1036.723876953125,1012.7973346710205,15.189041902158332
466750.0,1555.2342529296875,1555.2342529296875,827.32080078125,-727.9134521484375,15.189913107711133
467000.0,4.8235907554626465,4.8235907554626465,1041.9012451171875,1037.0776543617249,15.190807097058318
467250.0,1951.805419921875,1951.805419921875,1009.722900390625,-942.08251953125,15.19181229601899
467500.0,2852.24853515625,2852.24853515625,864.9798583984375,-1987.2686767578125,15.192752872467727
467750.0,2676.40087890625,2676.40087890625,876.9371337890625,-1799.4637451171875,15.193604858827111
468000.0,1627.361328125,1627.361328125,1012.515625,-614.845703125,15.194507779467102
468250.0,3590.44091796875,3590.44091796875,1006.3372802734375,-2584.1036376953125,15.195403585354045
468500.0,2157.403076171875,2157.403076171875,976.1657104492188,-1181.2373657226562,15.19629334588335
468750.0,9.198892593383789,9.198892593383789,908.4752807617188,899.276388168335,15.197191899865771
469000.0,2365.931640625,2365.931640625,911.1182250976562,-1454.8134155273438,15.19808387444806
469250.0,14.390902519226074,14.390902519226074,999.844970703125,985.4540681838989,15.198965476776351
469500.0,2512.481201171875,2512.481201171875,900.9612426757812,-1611.5199584960938,15.199805064346059
469750.0,8.279363632202148,8.279363632202148,839.5450439453125,831.2656803131104,15.200673072263955
470000.0,3070.04443359375,3070.04443359375,883.7235107421875,-2186.3209228515625,15.16240922305667
470250.0,2741.359130859375,2741.359130859375,932.310302734375,-1809.048828125,15.16328886631452
470500.0,2075.76611328125,2075.76611328125,841.2916259765625,-1234.4744873046875,15.164152421997718
470750.0,1957.5335693359375,1957.5335693359375,935.4512939453125,-1022.082275390625,15.165007094600115
471000.0,9.425821304321289,9.425821304321289,1013.5260009765625,1004.1001796722412,15.165896354267419
471250.0,2391.27978515625,2391.27978515625,950.31298828125,-1440.966796875,15.166775980356274
471500.0,2334.833251953125,2334.833251953125,938.2147216796875,-1396.6185302734375,15.167613948363341
471750.0,2106.947265625,2106.947265625,987.5419311523438,-1119.4053344726562,15.168355975206918
472000.0,1750.6605224609375,1750.6605224609375,957.3631591796875,-793.29736328125,15.169203577925373
472250.0,2326.08642578125,2326.08642578125,977.7178955078125,-1348.3685302734375,15.170043851013927
472500.0,2391.91357421875,2391.91357421875,1007.2501220703125,-1384.6634521484375,15.170880267389975
472750.0,4405.01953125,4405.01953125,993.7664794921875,-3411.2530517578125,15.171707242865077
473000.0,151.92791748046875,151.92791748046875,1016.416015625,864.4880981445312,15.172571119145429
473250.0,4109.05029296875,4109.05029296875,944.8070068359375,-3164.2432861328125,15.173539130134609
473500.0,2422.061767578125,2422.061767578125,873.8546142578125,-1548.2071533203125,15.17441961941476
473750.0,3717.697998046875,3717.697998046875,998.724609375,-2718.973388671875,15.175390973986962
474000.0,1660.9400634765625,1660.9400634765625,1012.90087890625,-648.0391845703125,15.176377550992845
474250.0,2323.6748046875,2323.6748046875,981.9051513671875,-1341.7696533203125,15.177352650058966
474500.0,54.78443908691406,54.78443908691406,892.9369506835938,838.1525115966797,15.178339361941527
474750.0,3638.12451171875,3638.12451171875,926.8865356445312,-2711.2379760742188,15.179324782967015
475000.0,3695.686767578125,3695.686767578125,902.4122924804688,-2793.2744750976562,15.180252860279515
475250.0,2143.36865234375,2143.36865234375,932.2635498046875,-1211.1051025390625,15.181192301211405
475500.0,3264.366455078125,3264.366455078125,986.3112182617188,-2278.0552368164062,15.182122460065786
475750.0,2621.77197265625,2621.77197265625,882.29736328125,-1739.474609375,15.183054629560015
476000.0,3729.367919921875,3729.367919921875,924.2425537109375,-2805.1253662109375,15.183992300449741
476250.0,3287.879638671875,3287.879638671875,990.7654418945312,-2297.1141967773438,15.184824295490364
476500.0,14.521639823913574,14.521639823913574,1016.1019287109375,1001.5802888870239,15.185671979230142
476750.0,2260.4482421875,2260.4482421875,1004.5231323242188,-1255.9251098632812,15.186507848189663
477000.0,160.93234252929688,160.93234252929688,749.3048095703125,588.3724670410156,15.187372585875746
477250.0,1797.991943359375,1797.991943359375,862.4010009765625,-935.5909423828125,15.18819718929975
477500.0,1543.7335205078125,1543.7335205078125,975.2860107421875,-568.447509765625,15.189160004739735
477750.0,1763.8795166015625,1763.8795166015625,985.02001953125,-778.8594970703125,15.19013183082195
478000.0,869.7055053710938,869.7055053710938,933.8024291992188,64.096923828125,15.190859371242256
478250.0,1519.87109375,1519.87109375,964.8583984375,-555.0126953125,15.191172436705273
478500.0,2771.035400390625,2771.035400390625,943.6788330078125,-1827.3565673828125,15.192035816563513
478750.0,1904.389892578125,1904.389892578125,1007.734130859375,-896.65576171875,15.192872100024708
479000.0,1248.6063232421875,1248.6063232421875,983.6881103515625,-264.918212890625,15.193806795715163
479250.0,2713.89794921875,2713.89794921875,940.4282836914062,-1773.4696655273438,15.194681884894415
479500.0,2211.680908203125,2211.680908203125,940.8806762695312,-1270.8002319335938,15.19555113394723
479750.0,2408.068359375,2408.068359375,956.0497436523438,-1452.0186157226562,15.196416703006864
480000.0,2672.2412109375,2672.2412109375,972.0703125,-1700.1708984375,15.159313683940209
480250.0,1563.5557861328125,1563.5557861328125,932.743896484375,-630.8118896484375,15.160141900970485
480500.0,1955.332763671875,1955.332763671875,937.8541259765625,-1017.4786376953125,15.161005809198382
480750.0,2886.53759765625,2886.53759765625,950.9793701171875,-1935.5582275390625,15.161901820358977
481000.0,12.142707824707031,12.142707824707031,1033.6787109375,1021.536003112793,15.162728312034039
481250.0,2456.40576171875,2456.40576171875,916.8452758789062,-1539.5604858398438,15.163520599237634
481500.0,3429.389404296875,3429.389404296875,934.773681640625,-2494.61572265625,15.16432479676858
481750.0,2291.451171875,2291.451171875,921.6422119140625,-1369.8089599609375,15.165131989078015
482000.0,2765.328125,2765.328125,1009.621826171875,-1755.706298828125,15.165932678618699
482250.0,2507.8720703125,2507.8720703125,895.830322265625,-1612.041748046875,15.166830698359597
482500.0,1387.557373046875,1387.557373046875,1001.0879516601562,-386.46942138671875,15.16772585791984
482750.0,5.186530113220215,5.186530113220215,959.6719360351562,954.485405921936,15.168643227305104
483000.0,678.651611328125,678.651611328125,1019.1185302734375,340.4669189453125,15.169548765995854
483250.0,4171.1767578125,4171.1767578125,1003.4620971679688,-3167.7146606445312,15.170426794782788
483500.0,24.077484130859375,24.077484130859375,1036.64697265625,1012.5694885253906,15.171337705373965
483750.0,12.809762001037598,12.809762001037598,886.572021484375,873.7622594833374,15.172231234199165
484000.0,2272.656005859375,2272.656005859375,1028.869873046875,-1243.7861328125,15.173131921626036
484250.0,3339.62841796875,3339.62841796875,924.538818359375,-2415.089599609375,15.174059211312727
484500.0,1088.990478515625,1088.990478515625,1011.987060546875,-77.00341796875,15.174926739022482
484750.0,2411.86083984375,2411.86083984375,1009.9688110351562,-1401.8920288085938,15.175831208407256
485000.0,2589.6865234375,2589.6865234375,796.8704833984375,-1792.8160400390625,15.17671301650473
485250.0,2013.669189453125,2013.669189453125,885.6951293945312,-1127.9740600585938,15.177609770319977
485500.0,3082.8271484375,3082.8271484375,905.8387451171875,-2176.9884033203125,15.178483159042852
485750.0,3353.851318359375,3353.851318359375,885.9656982421875,-2467.8856201171875,15.179367365206478
486000.0,2903.6982421875,2903.6982421875,863.98779296875,-2039.71044921875,15.180262765823
486250.0,2389.614013671875,2389.614013671875,880.8135375976562,-1508.8004760742188,15.181147489991679
486500.0,3235.04736328125,3235.04736328125,887.1366577148438,-2347.9107055664062,15.182022072675597
486750.0,2125.2568359375,2125.2568359375,971.2951049804688,-1153.9617309570312,15.182904096618277
487000.0,822.6023559570312,822.6023559570312,603.1368408203125,-219.46551513671875,15.183795109656042
487250.0,2520.27197265625,2520.27197265625,923.8200073242188,-1596.4519653320312,15.184576609749652
487500.0,16.7669677734375,16.7669677734375,1031.6273193359375,1014.8603515625,15.185482393623841
487750.0,4018.03564453125,4018.03564453125,892.157470703125,-3125.878173828125,15.18642276091921
488000.0,3132.184326171875,3132.184326171875,947.528564453125,-2184.65576171875,15.187299766441734
488250.0,1712.117919921875,1712.117919921875,982.890625,-729.227294921875,15.188072626163827
488500.0,19.86452865600586,19.86452865600586,1038.426513671875,1018.5619850158691,15.188873061617082
488750.0,2101.107421875,2101.107421875,885.6458740234375,-1215.4615478515625,15.189747325856814
489000.0,2240.86181640625,2240.86181640625,877.7401733398438,-1363.1216430664062,15.190699352763154
489250.0,2.5721287727355957,2.5721287727355957,901.5625610351562,898.9904322624207,15.191669965679589
489500.0,2427.453857421875,2427.453857421875,937.7756958007812,-1489.6781616210938,15.192615016743163
489750.0,505.6282043457031,505.6282043457031,810.8260498046875,305.1978454589844,15.193545170902263
490000.0,3118.278076171875,3118.278076171875,928.888671875,-2189.389404296875,15.157056758619769
490250.0,3231.21484375,3231.21484375,921.3842163085938,-2309.8306274414062,15.157906230552536
490500.0,4.440505027770996,4.440505027770996,738.7158203125,734.275315284729,15.158784716795045
490750.0,3281.25732421875,3281.25732421875,925.1842651367188,-2356.0730590820312,15.159648449632682
491000.0,2535.983154296875,2535.983154296875,921.5904541015625,-1614.3927001953125,15.160588835393341
491250.0,2820.0615234375,2820.0615234375,986.78125,-1833.2802734375,15.161522329629657
491500.0,10.1275053024292,10.1275053024292,1020.652099609375,1010.5245943069458,15.162456174371048
491750.0,5.318339824676514,5.318339824676514,1008.726318359375,1003.4079785346985,15.163420198095391
492000.0,3102.4765625,3102.4765625,1032.7572021484375,-2069.7193603515625,15.164271681775457
492250.0,2490.807373046875,2490.807373046875,866.8056640625,-1624.001708984375,15.165180211249574
492500.0,3507.0302734375,3507.0302734375,871.8724365234375,-2635.1578369140625,15.166095668178349
492750.0,2837.77783203125,2837.77783203125,920.4548950195312,-1917.3229370117188,15.166996962459908
493000.0,2022.031005859375,2022.031005859375,950.04833984375,-1071.982666015625,15.167870656286869
493250.0,0.6665205955505371,0.6665205955505371,993.51123046875,992.8447098731995,15.168760776199967
493500.0,2272.0927734375,2272.0927734375,963.301025390625,-1308.791748046875,15.169624331896678
493750.0,2499.587890625,2499.587890625,911.3665771484375,-1588.2213134765625,15.170488248260138
494000.0,2874.387939453125,2874.387939453125,814.0153198242188,-2060.3726196289062,15.17134979871117
494250.0,2781.728271484375,2781.728271484375,911.52392578125,-1870.204345703125,15.172245234785692
494500.0,2590.60986328125,2590.60986328125,961.0537109375,-1629.55615234375,15.173144057726706
494750.0,3620.947265625,3620.947265625,1017.4056396484375,-2603.5416259765625,15.17404128607697
495000.0,2617.41845703125,2617.41845703125,987.7225952148438,-1629.6958618164062,15.174933140419295
495250.0,2834.359375,2834.359375,981.5914916992188,-1852.7678833007812,15.17581883851083
495500.0,2213.930419921875,2213.930419921875,1029.8714599609375,-1184.0589599609375,15.176646531226544
495750.0,3355.714599609375,3355.714599609375,956.8135375976562,-2398.9010620117188,15.177497714303785
496000.0,251.3285675048828,251.3285675048828,879.619384765625,628.2908172607422,15.178354919981812
496250.0,1838.622802734375,1838.622802734375,887.0537109375,-951.569091796875,15.179193608886258
496500.0,3159.169189453125,3159.169189453125,968.4719848632812,-2190.6972045898438,15.18003027233583
496750.0,340.5897521972656,340.5897521972656,1008.83251953125,668.2427673339844,15.180895381595683
497000.0,1741.1005859375,1741.1005859375,976.3729248046875,-764.7276611328125,15.181740751578182
497250.0,1176.590576171875,1176.590576171875,873.7747192382812,-302.81585693359375,15.182580976842535
497500.0,2711.05517578125,2711.05517578125,886.6060791015625,-1824.4490966796875,15.183357559674645
497750.0,2616.317626953125,2616.317626953125,882.48291015625,-1733.834716796875,15.184227219099474
498000.0,2849.68115234375,2849.68115234375,858.3226318359375,-1991.3585205078125,15.18510568706467
498250.0,1992.2392578125,1992.2392578125,944.5076293945312,-1047.7316284179688,15.185935832786209
498500.0,2.2893218994140625,2.2893218994140625,1028.029296875,1025.739974975586,15.186791060657526
498750.0,2636.551513671875,2636.551513671875,943.3765869140625,-1693.1749267578125,15.187642906675784
499000.0,2347.920166015625,2347.920166015625,968.83642578125,-1379.083740234375,15.188490157401274
499250.0,795.9361572265625,795.9361572265625,983.0548706054688,187.11871337890625,15.189390507468184
499500.0,2280.628662109375,2280.628662109375,966.2305297851562,-1314.3981323242188,15.19027755254067
499750.0,2346.29833984375,2346.29833984375,983.137939453125,-1363.160400390625,15.19106810082854
500000.0,2439.24560546875,2439.24560546875,944.0777587890625,-1495.1678466796875,15.15531598151383
