step,episode_reward,replay_return,imagined_return,imagination_gap,steps_per_second
250.0,5.167807579040527,5.167807579040527,,,0.7867907643933065
500.0,4.3873748779296875,4.3873748779296875,,,1.5711359507739824
750.0,3.154944896697998,3.154944896697998,,,2.353209008381826
1000.0,13.783607482910156,13.783607482910156,,,3.1330239474077595
1250.0,5.09979772567749,5.09979772567749,,,3.910585243530311
1500.0,4.767951488494873,4.767951488494873,,,4.685917238501964
1750.0,4.085726261138916,4.085726261138916,,,5.459053626040226
2000.0,6.847295761108398,6.847295761108398,,,6.229741509604189
2250.0,4.944034099578857,4.944034099578857,,,6.998445174100754
2500.0,3.816722869873047,3.816722869873047,,,7.764887842988022
2750.0,3.910789966583252,3.910789966583252,,,4.934988097967516
3000.0,6.021989822387695,6.021989822387695,2.860658884048462,-3.1613309383392334,4.921525837095406
3250.0,6.172339916229248,6.172339916229248,1.7771122455596924,-4.395227670669556,4.912825084848508
3500.0,7.338688850402832,7.338688850402832,3.502285957336426,-3.8364028930664062,4.903851322826984
3750.0,13.666106224060059,13.666106224060059,3.5872302055358887,-10.07887601852417,4.896064925185757
4000.0,13.504327774047852,13.504327774047852,1.5234696865081787,-11.980858087539673,4.8889639260541475
4250.0,21.405794143676758,21.405794143676758,4.030816078186035,-17.374978065490723,4.883689017788503
4500.0,16.205041885375977,16.205041885375977,3.6593472957611084,-12.545694589614868,4.878869118675594
4750.0,14.117286682128906,14.117286682128906,3.377661943435669,-10.739624738693237,4.8937970482334725
5000.0,17.417531967163086,17.417531967163086,3.8768234252929688,-13.540708541870117,4.936229680088981
5250.0,11.455620765686035,11.455620765686035,4.086569309234619,-7.369051456451416,4.972808664141775
5500.0,12.811442375183105,12.811442375183105,4.765498161315918,-8.045944213867188,5.014272650019831
5750.0,6.48479700088501,6.48479700088501,5.332197189331055,-1.152599811553955,5.052632976574178
6000.0,11.706899642944336,11.706899642944336,4.468935966491699,-7.237963676452637,5.0887015843484935
6250.0,20.717580795288086,20.717580795288086,5.931896686553955,-14.78568410873413,5.089036870376912
6500.0,21.045442581176758,21.045442581176758,7.689659595489502,-13.355782985687256,5.077946398693589
6750.0,12.838968276977539,12.838968276977539,6.616982460021973,-6.221985816955566,5.066174118095557
7000.0,6.8646135330200195,6.8646135330200195,6.680655479431152,-0.1839580535888672,5.055926598592559
7250.0,9.188393592834473,9.188393592834473,6.582399368286133,-2.60599422454834,5.045804146580029
7500.0,8.051590919494629,8.051590919494629,6.534008979797363,-1.5175819396972656,5.037757545419052
7750.0,14.28055191040039,14.28055191040039,6.752072334289551,-7.52847957611084,5.030323633488476
8000.0,30.9356746673584,30.9356746673584,8.166658401489258,-22.76901626586914,5.022882905449985
8250.0,8.431892395019531,8.431892395019531,7.338842391967773,-1.0930500030517578,5.016109804133076
8500.0,17.888240814208984,17.888240814208984,7.558751106262207,-10.329489707946777,5.010257788454083
8750.0,3.805412769317627,3.805412769317627,7.299447059631348,3.4940342903137207,5.004730892166843
9000.0,10.261281967163086,10.261281967163086,10.150787353515625,-0.11049461364746094,4.999468451297621
9250.0,10.522637367248535,10.522637367248535,11.584494590759277,1.0618572235107422,4.994555123897484
9500.0,10.493178367614746,10.493178367614746,8.820261001586914,-1.672917366027832,4.990572152588607
9750.0,9.27479362487793,9.27479362487793,8.047966003417969,-1.226827621459961,4.986473519763484
10000.0,13.9207763671875,13.9207763671875,10.300013542175293,-3.620762825012207,4.301205757563452
10250.0,10.338868141174316,10.338868141174316,8.661622047424316,-1.67724609375,4.311884803534449
10500.0,8.945857048034668,8.945857048034668,7.29061222076416,-1.6552448272705078,4.322335988409877
10750.0,9.101792335510254,9.101792335510254,9.401395797729492,0.2996034622192383,4.332215308922715
11000.0,9.286747932434082,9.286747932434082,8.106945037841797,-1.1798028945922852,4.34277137843398
11250.0,6.077971935272217,6.077971935272217,10.522438049316406,4.4444661140441895,4.353616678777508
11500.0,13.893964767456055,13.893964767456055,8.738744735717773,-5.155220031738281,4.363810974550374
11750.0,24.02584457397461,24.02584457397461,8.301299095153809,-15.7245454788208,4.374261264401785
12000.0,19.465303421020508,19.465303421020508,11.482032775878906,-7.983270645141602,4.3841568458574915
12250.0,8.72142505645752,8.72142505645752,8.21787166595459,-0.5035533905029297,4.393715900436076
12500.0,3.6818227767944336,3.6818227767944336,10.828889846801758,7.147067070007324,4.402939566812583
12750.0,8.534753799438477,8.534753799438477,14.227144241333008,5.692390441894531,4.411875109962339
13000.0,10.537994384765625,10.537994384765625,11.807585716247559,1.2695913314819336,4.420613827513945
13250.0,11.51695442199707,11.51695442199707,14.740240097045898,3.223285675048828,4.4289177583433075
13500.0,16.515621185302734,16.515621185302734,11.245086669921875,-5.270534515380859,4.436523041344571
13750.0,14.99666976928711,14.99666976928711,11.842830657958984,-3.153839111328125,4.443396490540398
14000.0,63.717281341552734,63.717281341552734,11.821833610534668,-51.895447731018066,4.450172038456108
14250.0,6.678352355957031,6.678352355957031,13.47055435180664,6.792201995849609,4.457676345328377
14500.0,10.33180046081543,10.33180046081543,13.59742546081543,3.265625,4.465489659270677
14750.0,13.923774719238281,13.923774719238281,11.35738754272461,-2.566387176513672,4.473465357582691
15000.0,11.24112319946289,11.24112319946289,13.463143348693848,2.222020149230957,4.480851563449962
15250.0,13.784751892089844,13.784751892089844,12.884761810302734,-0.8999900817871094,4.488465281746199
15500.0,30.079078674316406,30.079078674316406,12.966596603393555,-17.11248207092285,4.495083288552871
15750.0,8.330572128295898,8.330572128295898,15.77560806274414,7.445035934448242,4.499656525366044
16000.0,8.418025970458984,8.418025970458984,12.468670845031738,4.050644874572754,4.505093447666702
16250.0,27.064414978027344,27.064414978027344,12.955795288085938,-14.108619689941406,4.512215062524637
16500.0,8.678130149841309,8.678130149841309,11.239997863769531,2.5618677139282227,4.5193419356605595
16750.0,8.454097747802734,8.454097747802734,32.599151611328125,24.14505386352539,4.526218603543354
17000.0,24.182836532592773,24.182836532592773,12.935260772705078,-11.247575759887695,4.532681829483581
17250.0,63.569339752197266,63.569339752197266,13.65371322631836,-49.915626525878906,4.539352046641118
17500.0,5.8541083335876465,5.8541083335876465,15.534402847290039,9.680294513702393,4.5461130217738
17750.0,9.84953498840332,9.84953498840332,10.613378524780273,0.7638435363769531,4.5522847840438
18000.0,5.190857410430908,5.190857410430908,14.422209739685059,9.23135232925415,4.557641086158427
18250.0,32.556514739990234,32.556514739990234,12.276424407958984,-20.28009033203125,4.570404479112758
18500.0,31.33686637878418,31.33686637878418,12.91873836517334,-18.41812801361084,4.587985198565459
18750.0,8.895509719848633,8.895509719848633,18.300731658935547,9.405221939086914,4.60531378100623
19000.0,16.01687240600586,16.01687240600586,14.456613540649414,-1.5602588653564453,4.622382927430152
19250.0,5.7169671058654785,5.7169671058654785,40.181297302246094,34.464330196380615,4.638834233961659
19500.0,15.398484230041504,15.398484230041504,11.754558563232422,-3.643925666809082,4.652598142857076
19750.0,18.035120010375977,18.035120010375977,35.3636474609375,17.328527450561523,4.65703801024318
20000.0,10.040610313415527,10.040610313415527,38.81768798828125,28.777077674865723,4.349843819866336
20250.0,11.392749786376953,11.392749786376953,13.734918594360352,2.3421688079833984,4.3568479732592085
20500.0,13.488588333129883,13.488588333129883,12.68810749053955,-0.800480842590332,4.363133103615815
20750.0,9.977812767028809,9.977812767028809,12.711385726928711,2.7335729598999023,4.369476128256615
21000.0,17.04274559020996,17.04274559020996,34.47101593017578,17.42827033996582,4.376239272255334
21250.0,12.633354187011719,12.633354187011719,12.236516952514648,-0.3968372344970703,4.382912410078379
21500.0,19.32464027404785,19.32464027404785,12.636009216308594,-6.688631057739258,4.389432295698387
21750.0,12.431543350219727,12.431543350219727,18.570877075195312,6.139333724975586,4.398003279111081
22000.0,11.911017417907715,11.911017417907715,19.576210021972656,7.665192604064941,4.413449431091136
22250.0,19.96321678161621,19.96321678161621,12.60798454284668,-7.355232238769531,4.428642316870015
22500.0,10.241172790527344,10.241172790527344,18.817251205444336,8.576078414916992,4.4437332425022396
22750.0,8.200263023376465,8.200263023376465,21.027015686035156,12.826752662658691,4.45879110899836
23000.0,11.124748229980469,11.124748229980469,12.195478439331055,1.070730209350586,4.473387378856318
23250.0,11.67171573638916,11.67171573638916,15.164306640625,3.49259090423584,4.487809157157925
23500.0,9.731849670410156,9.731849670410156,16.1907901763916,6.458940505981445,4.501944679729496
23750.0,11.159810066223145,11.159810066223145,18.21837615966797,7.058566093444824,4.5160083848779085
24000.0,18.44853401184082,18.44853401184082,13.763422966003418,-4.685111045837402,4.529708794505502
24250.0,13.367561340332031,13.367561340332031,18.991241455078125,5.623680114746094,4.543294937399749
24500.0,20.32137680053711,20.32137680053711,15.562413215637207,-4.758963584899902,4.5566250467712175
24750.0,9.939085960388184,9.939085960388184,12.11186408996582,2.1727781295776367,4.569796247778053
25000.0,17.830259323120117,17.830259323120117,11.03530502319336,-6.794954299926758,4.582838155354846
25250.0,13.433060646057129,13.433060646057129,13.312944412231445,-0.1201162338256836,4.595704864478558
25500.0,20.131128311157227,20.131128311157227,16.097461700439453,-4.033666610717773,4.608386644579265
25750.0,19.66093635559082,19.66093635559082,16.103784561157227,-3.5571517944335938,4.620840583702072
26000.0,138.55255126953125,138.55255126953125,47.263328552246094,-91.28922271728516,4.6331402434735
26250.0,23.69257164001465,23.69257164001465,12.289329528808594,-11.403242111206055,4.645244449512422
26500.0,9.670318603515625,9.670318603515625,14.88547134399414,5.215152740478516,4.657319135501363
26750.0,11.960931777954102,11.960931777954102,38.369598388671875,26.408666610717773,4.669332143841394
27000.0,40.52613830566406,40.52613830566406,17.389175415039062,-23.136962890625,4.681094874952901
27250.0,8.949381828308105,8.949381828308105,12.279115676879883,3.3297338485717773,4.692460088411494
27500.0,16.518457412719727,16.518457412719727,15.271707534790039,-1.2467498779296875,4.703710182893934
27750.0,12.370223045349121,12.370223045349121,22.789392471313477,10.419169425964355,4.714807709607074
28000.0,16.95271873474121,16.95271873474121,46.1894416809082,29.236722946166992,4.725774613632029
28250.0,7.01904296875,7.01904296875,23.514728546142578,16.495685577392578,4.736649773302341
28500.0,10.857470512390137,10.857470512390137,36.890377044677734,26.032906532287598,4.7473970997559105
28750.0,15.478693962097168,15.478693962097168,27.3182430267334,11.83954906463623,4.758058072202893
29000.0,6.030271053314209,6.030271053314209,24.11027717590332,18.08000612258911,4.768540585305981
29250.0,53.52269744873047,53.52269744873047,23.65869140625,-29.86400604248047,4.778865316948953
29500.0,3.6229496002197266,3.6229496002197266,12.603915214538574,8.980965614318848,4.789060848872479
29750.0,12.501567840576172,12.501567840576172,27.973827362060547,15.472259521484375,4.7991171078979145
30000.0,13.021811485290527,13.021811485290527,29.87103271484375,16.849221229553223,4.634539101606495
30250.0,39.27119827270508,39.27119827270508,18.90686798095703,-20.364330291748047,4.644950686025092
30500.0,23.960247039794922,23.960247039794922,12.637545585632324,-11.322701454162598,4.65520417311079
30750.0,18.377424240112305,18.377424240112305,30.201740264892578,11.824316024780273,4.6652592731504035
31000.0,11.966011047363281,11.966011047363281,29.20391082763672,17.237899780273438,4.675363789030855
31250.0,28.467737197875977,28.467737197875977,29.728435516357422,1.2606983184814453,4.678505195114261
31500.0,14.641751289367676,14.641751289367676,17.0273494720459,2.3855981826782227,4.68823894930498
31750.0,11.466431617736816,11.466431617736816,17.600069046020508,6.133637428283691,4.697938366959903
32000.0,14.362966537475586,14.362966537475586,25.974044799804688,11.611078262329102,4.7074416575440505
32250.0,15.688149452209473,15.688149452209473,17.715351104736328,2.0272016525268555,4.716943469338752
32500.0,10.075095176696777,10.075095176696777,10.76241683959961,0.687321662902832,4.726434909585891
32750.0,4.0346598625183105,4.0346598625183105,20.511343002319336,16.476683139801025,4.735841140766876
33000.0,10.889612197875977,10.889612197875977,18.075031280517578,7.185419082641602,4.738429930129969
33250.0,18.61484146118164,18.61484146118164,19.77089500427246,1.1560535430908203,4.740362163544508
33500.0,12.892988204956055,12.892988204956055,18.067588806152344,5.174600601196289,4.7422009013292
33750.0,10.97896957397461,10.97896957397461,16.83145523071289,5.852485656738281,4.743850230646503
34000.0,10.252289772033691,10.252289772033691,14.148823738098145,3.896533966064453,4.750902322965501
34250.0,221.92637634277344,221.92637634277344,22.657474517822266,-199.26890182495117,4.759758272127772
34500.0,20.726184844970703,20.726184844970703,20.556297302246094,-0.16988754272460938,4.763060085152289
34750.0,27.3751277923584,27.3751277923584,25.562232971191406,-1.8128948211669922,4.764804909342439
35000.0,12.66916561126709,12.66916561126709,18.074073791503906,5.404908180236816,4.766448638802479
35250.0,12.012043952941895,12.012043952941895,15.307035446166992,3.2949914932250977,4.769135430575353
35500.0,24.955059051513672,24.955059051513672,18.241262435913086,-6.713796615600586,4.772839301376061
35750.0,7.970563888549805,7.970563888549805,20.433992385864258,12.463428497314453,4.781134059721647
36000.0,19.222740173339844,19.222740173339844,14.757095336914062,-4.465644836425781,4.789387692719689
36250.0,5.7568464279174805,5.7568464279174805,14.3936767578125,8.63683032989502,4.792302556160709
36500.0,12.564577102661133,12.564577102661133,16.876806259155273,4.312229156494141,4.79690483815439
36750.0,6.939568042755127,6.939568042755127,14.778972625732422,7.839404582977295,4.8048910607672095
37000.0,34.96478271484375,34.96478271484375,18.868867874145508,-16.095914840698242,4.812758356975727
37250.0,17.89623260498047,17.89623260498047,17.97834587097168,0.08211326599121094,4.820645202174371
37500.0,6.801690101623535,6.801690101623535,15.480123519897461,8.678433418273926,4.8269102575761575
37750.0,374.02960205078125,374.02960205078125,71.38311767578125,-302.646484375,4.82838352821257
38000.0,15.028085708618164,15.028085708618164,14.833276748657227,-0.1948089599609375,4.8308198920114975
38250.0,6.886471271514893,6.886471271514893,15.208515167236328,8.322043895721436,4.838486650964305
38500.0,29.002857208251953,29.002857208251953,47.415279388427734,18.41242218017578,4.842531530492782
38750.0,12.315722465515137,12.315722465515137,23.771114349365234,11.455391883850098,4.8487593207812685
39000.0,19.762006759643555,19.762006759643555,14.694148063659668,-5.067858695983887,4.85623655949114
39250.0,58.34260559082031,58.34260559082031,13.851181983947754,-44.49142360687256,4.863477695679898
39500.0,24.740455627441406,24.740455627441406,15.74785041809082,-8.992605209350586,4.870796547745447
39750.0,17.576662063598633,17.576662063598633,15.045772552490234,-2.5308895111083984,4.878094178518081
40000.0,14.587846755981445,14.587846755981445,19.05170440673828,4.463857650756836,4.748264041669548
40250.0,29.19828224182129,29.19828224182129,13.459467887878418,-15.738814353942871,4.755672502541984
40500.0,353.2181091308594,353.2181091308594,17.710277557373047,-335.5078315734863,4.763002364232838
40750.0,10.12227725982666,10.12227725982666,14.72707462310791,4.60479736328125,4.770307830123875
41000.0,20.393558502197266,20.393558502197266,28.129474639892578,7.7359161376953125,4.772262868054171
41250.0,13.529561996459961,13.529561996459961,40.63554000854492,27.10597801208496,4.775235571333922
41500.0,24.42174530029297,24.42174530029297,27.745864868164062,3.3241195678710938,4.777990211912511
41750.0,16.257593154907227,16.257593154907227,13.00066089630127,-3.256932258605957,4.785036334419905
42000.0,51.22095489501953,51.22095489501953,16.407556533813477,-34.813398361206055,4.792065863109145
42250.0,8.682872772216797,8.682872772216797,31.695556640625,23.012683868408203,4.799068797928164
42500.0,10.196426391601562,10.196426391601562,14.184613227844238,3.988186836242676,4.805916408513849
42750.0,24.030925750732422,24.030925750732422,25.333606719970703,1.3026809692382812,4.812970481901798
43000.0,20.78778648376465,20.78778648376465,18.273502349853516,-2.514284133911133,4.81971764065635
43250.0,76.83256530761719,76.83256530761719,30.40311050415039,-46.4294548034668,4.826450124486872
43500.0,12.878074645996094,12.878074645996094,22.122581481933594,9.2445068359375,4.833372123883878
43750.0,15.048439025878906,15.048439025878906,13.967111587524414,-1.0813274383544922,4.840220644769791
44000.0,198.8558349609375,198.8558349609375,40.291664123535156,-158.56417083740234,4.846932549909419
44250.0,14.701150894165039,14.701150894165039,12.579455375671387,-2.1216955184936523,4.853688982928617
44500.0,15.607437133789062,15.607437133789062,14.94143295288086,-0.6660041809082031,4.860387240927849
44750.0,10.743270874023438,10.743270874023438,12.489574432373047,1.7463035583496094,4.866999644044446
45000.0,6.942050457000732,6.942050457000732,19.379093170166016,12.437042713165283,4.873558912518579
45250.0,11.691629409790039,11.691629409790039,18.40302085876465,6.711391448974609,4.880111244125076
45500.0,7.216949939727783,7.216949939727783,12.563377380371094,5.3464274406433105,4.886572557405861
45750.0,21.196327209472656,21.196327209472656,13.387054443359375,-7.809272766113281,4.891666275119936
46000.0,9.703372955322266,9.703372955322266,14.228313446044922,4.524940490722656,4.896479648197826
46250.0,17.32175636291504,17.32175636291504,24.21196174621582,6.890205383300781,4.901290131858233
46500.0,7.8556294441223145,7.8556294441223145,12.905023574829102,5.049394130706787,4.906181764429778
46750.0,22.419876098632812,22.419876098632812,22.44467544555664,0.024799346923828125,4.911092516265529
47000.0,6.210868835449219,6.210868835449219,59.60511016845703,53.39424133300781,4.913163973742394
47250.0,14.249810218811035,14.249810218811035,25.53281021118164,11.282999992370605,4.915111409017735
47500.0,10.990026473999023,10.990026473999023,14.09164810180664,3.101621627807617,4.915820483350902
47750.0,15.490458488464355,15.490458488464355,15.943628311157227,0.4531698226928711,4.916013238889802
48000.0,71.6038818359375,71.6038818359375,42.59987258911133,-29.004009246826172,4.916415764922667
48250.0,17.279945373535156,17.279945373535156,10.89134693145752,-6.388598442077637,4.919722457338328
48500.0,24.122699737548828,24.122699737548828,23.657367706298828,-0.46533203125,4.92521263541945
48750.0,46.216346740722656,46.216346740722656,15.412797927856445,-30.80354881286621,4.930413304031842
49000.0,15.14518928527832,15.14518928527832,30.136192321777344,14.991003036499023,4.9357349677470665
49250.0,86.9977798461914,86.9977798461914,20.060768127441406,-66.93701171875,4.9374982430210475
49500.0,17.75208282470703,17.75208282470703,14.173259735107422,-3.5788230895996094,4.939121814960813
49750.0,12.163378715515137,12.163378715515137,195.79702758789062,183.6336488723755,4.943248419447412
50000.0,12.77941608428955,12.77941608428955,18.96527862548828,6.1858625411987305,4.803669582169536
50250.0,26.808259963989258,26.808259963989258,16.8149356842041,-9.993324279785156,4.805005690649402
50500.0,13.77745532989502,13.77745532989502,15.252403259277344,1.4749479293823242,4.805734301690084
50750.0,15.343620300292969,15.343620300292969,52.711326599121094,37.367706298828125,4.809719401681178
51000.0,14.575631141662598,14.575631141662598,9.986259460449219,-4.589371681213379,4.812743186902477
51250.0,6.511979579925537,6.511979579925537,71.18147277832031,64.66949319839478,4.816271420462041
51500.0,19.255708694458008,19.255708694458008,23.54523277282715,4.289524078369141,4.821027494391753
51750.0,13.635799407958984,13.635799407958984,48.444488525390625,34.80868911743164,4.823693807860092
52000.0,14.199549674987793,14.199549674987793,51.29722595214844,37.097676277160645,4.8273035431193465
52250.0,11.73735523223877,11.73735523223877,13.536369323730469,1.7990140914916992,4.828915867907127
52500.0,7.022679805755615,7.022679805755615,49.76683807373047,42.74415826797485,4.83016665892661
52750.0,12.189123153686523,12.189123153686523,32.91851806640625,20.729394912719727,4.83533744644055
53000.0,33.54159927368164,33.54159927368164,24.592884063720703,-8.948715209960938,4.838508423410144
53250.0,61.86732482910156,61.86732482910156,24.085248947143555,-37.78207588195801,4.843260300892646
53500.0,7.413686275482178,7.413686275482178,12.463047981262207,5.049361705780029,4.84821354979145
53750.0,11.218324661254883,11.218324661254883,17.49166488647461,6.273340225219727,4.853820824209389
54000.0,7.748661041259766,7.748661041259766,27.99697494506836,20.248313903808594,4.8572449370750554
54250.0,8.239887237548828,8.239887237548828,45.66486740112305,37.42498016357422,4.86230792731173
54500.0,9.944268226623535,9.944268226623535,19.97788429260254,10.033616065979004,4.867613803140144
54750.0,9.947953224182129,9.947953224182129,31.80190658569336,21.85395336151123,4.872860871590094
55000.0,7.229879379272461,7.229879379272461,137.48062133789062,130.25074195861816,4.87828208191055
55250.0,3.8905646800994873,3.8905646800994873,12.456930160522461,8.566365480422974,4.8836514561478745
55500.0,19.487205505371094,19.487205505371094,30.88103485107422,11.393829345703125,4.88891758906611
55750.0,15.513174057006836,15.513174057006836,10.721563339233398,-4.7916107177734375,4.8942486439933655
56000.0,151.9041290283203,151.9041290283203,24.63260269165039,-127.27152633666992,4.899544264099793
56250.0,11.888647079467773,11.888647079467773,16.916751861572266,5.028104782104492,4.904664972759695
56500.0,6.887977123260498,6.887977123260498,151.82855224609375,144.94057512283325,4.9097532112682325
56750.0,18.377683639526367,18.377683639526367,14.660697937011719,-3.7169857025146484,4.914907693950413
57000.0,1330.9312744140625,1330.9312744140625,131.3002471923828,-1199.6310272216797,4.9200774713605195
57250.0,33.48328399658203,33.48328399658203,64.62699127197266,31.143707275390625,4.925169062861244
57500.0,7.418839454650879,7.418839454650879,58.05644989013672,50.63761043548584,4.930244665141617
57750.0,69.06393432617188,69.06393432617188,82.62133026123047,13.557395935058594,4.93531582613477
58000.0,7.180808067321777,7.180808067321777,63.8662109375,56.68540287017822,4.939587198565148
58250.0,13.5045804977417,13.5045804977417,87.68904876708984,74.18446826934814,4.940014837037381
58500.0,73.54693603515625,73.54693603515625,256.8798828125,183.33294677734375,4.940627852467899
58750.0,12.247329711914062,12.247329711914062,37.97015380859375,25.722824096679688,4.941204237674875
59000.0,24.549724578857422,24.549724578857422,31.879600524902344,7.329875946044922,4.942089486146532
59250.0,223.406982421875,223.406982421875,60.92707443237305,-162.47990798950195,4.943172910821592
59500.0,9.544620513916016,9.544620513916016,140.0899658203125,130.54534530639648,4.943899899323766
59750.0,6.199520587921143,6.199520587921143,26.735233306884766,20.535712718963623,4.944559321715807
60000.0,14.888608932495117,14.888608932495117,28.75084114074707,13.862232208251953,4.833482460671428
60250.0,9.647483825683594,9.647483825683594,21.542747497558594,11.895263671875,4.8344020795371065
60500.0,9.844430923461914,9.844430923461914,47.10503387451172,37.260602951049805,4.835933050940098
60750.0,91.63346862792969,91.63346862792969,150.75906372070312,59.12559509277344,4.837478513266267
61000.0,194.8099365234375,194.8099365234375,248.97525024414062,54.165313720703125,4.838767937128785
61250.0,227.77528381347656,227.77528381347656,58.312042236328125,-169.46324157714844,4.840246401606704
61500.0,42.591007232666016,42.591007232666016,254.93429565429688,212.34328842163086,4.841563765775849
61750.0,5.919145584106445,5.919145584106445,68.573486328125,62.654340744018555,4.843003507185849
62000.0,15.442718505859375,15.442718505859375,34.233604431152344,18.79088592529297,4.84434791704964
62250.0,201.6315460205078,201.6315460205078,256.85540771484375,55.22386169433594,4.845559092819373
62500.0,15.495882034301758,15.495882034301758,101.3416748046875,85.84579277038574,4.847119372843578
62750.0,22.776941299438477,22.776941299438477,134.368896484375,111.59195518493652,4.848292646239892
63000.0,20.01178741455078,20.01178741455078,106.78509521484375,86.77330780029297,4.84969731869555
63250.0,18.745391845703125,18.745391845703125,75.26277923583984,56.51738739013672,4.850992770405304
63500.0,11.2272310256958,11.2272310256958,251.0520782470703,239.8248472213745,4.852208496354116
63750.0,133.27540588378906,133.27540588378906,147.31094360351562,14.035537719726562,4.85291199601139
64000.0,57.56786346435547,57.56786346435547,253.90762329101562,196.33975982666016,4.854009424697472
64250.0,15.075301170349121,15.075301170349121,37.026710510253906,21.951409339904785,4.8552446057779814
64500.0,23.865131378173828,23.865131378173828,83.23074340820312,59.3656120300293,4.856206379803626
64750.0,23.182727813720703,23.182727813720703,116.3203125,93.1375846862793,4.857463985470486
65000.0,655.5038452148438,655.5038452148438,254.8988037109375,-400.60504150390625,4.858964185578345
65250.0,21.482519149780273,21.482519149780273,235.32785034179688,213.8453311920166,4.860135236531613
65500.0,120.18075561523438,120.18075561523438,84.40589904785156,-35.77485656738281,4.861487209077211
65750.0,12.570328712463379,12.570328712463379,108.2318115234375,95.66148281097412,4.8623579466166955
66000.0,10.369895935058594,10.369895935058594,85.02188873291016,74.65199279785156,4.863708093233953
66250.0,14.094799041748047,14.094799041748047,45.6290283203125,31.534229278564453,4.864980606021361
66500.0,33.95647048950195,33.95647048950195,88.23594665527344,54.279476165771484,4.865830283877142
66750.0,16.884296417236328,16.884296417236328,242.2044677734375,225.32017135620117,4.866579257966518
67000.0,58.41563415527344,58.41563415527344,175.87533569335938,117.45970153808594,4.867834654957349
67250.0,307.7636413574219,307.7636413574219,82.99463653564453,-224.76900482177734,4.868669705954171
67500.0,116.56448364257812,116.56448364257812,244.35650634765625,127.79202270507812,4.869791455160045
67750.0,27.202619552612305,27.202619552612305,226.57957458496094,199.37695503234863,4.8711644583296065
68000.0,54.901424407958984,54.901424407958984,25.403013229370117,-29.498411178588867,4.872386983113121
68250.0,12.422904968261719,12.422904968261719,257.3137512207031,244.8908462524414,4.873551464317189
68500.0,493.2560119628906,493.2560119628906,20.44981575012207,-472.80619621276855,4.874705692330913
68750.0,217.18011474609375,217.18011474609375,49.66935729980469,-167.51075744628906,4.878352898175665
69000.0,19.501800537109375,19.501800537109375,236.635009765625,217.13320922851562,4.879940732083201
69250.0,2662.378662109375,2662.378662109375,278.6928405761719,-2383.685821533203,4.881613491984394
69500.0,15.605339050292969,15.605339050292969,268.6349182128906,253.02957916259766,4.885873842705662
69750.0,1895.3111572265625,1895.3111572265625,86.88612365722656,-1808.425033569336,4.889944239765152
70000.0,2164.141845703125,2164.141845703125,46.52024841308594,-2117.621597290039,4.813074040881359
70250.0,46.35676193237305,46.35676193237305,303.88983154296875,257.5330696105957,4.816829957075489
70500.0,38.564491271972656,38.564491271972656,50.8714599609375,12.306968688964844,4.820043586920623
70750.0,14.7940034866333,14.7940034866333,348.5263977050781,333.7323942184448,4.823460357802837
71000.0,10.924535751342773,10.924535751342773,136.84768676757812,125.92315101623535,4.827129425268234
71250.0,15.688706398010254,15.688706398010254,39.27379608154297,23.585089683532715,4.831019990283022
71500.0,13.424860000610352,13.424860000610352,356.8777770996094,343.452917098999,4.83491394200915
71750.0,10.64340877532959,10.64340877532959,268.0223083496094,257.3788995742798,4.838983213789664
72000.0,2464.35546875,2464.35546875,150.2236328125,-2314.1318359375,4.842865203554089
72250.0,13.094342231750488,13.094342231750488,350.804443359375,337.7101011276245,4.846791006949206
72500.0,76.46128845214844,76.46128845214844,168.5362548828125,92.07496643066406,4.850774178129846
72750.0,11.969575881958008,11.969575881958008,298.95196533203125,286.98238945007324,4.854652263354241
73000.0,20.599842071533203,20.599842071533203,268.17938232421875,247.57954025268555,4.8583933208988945
73250.0,25.41226577758789,25.41226577758789,117.32936096191406,91.91709518432617,4.8622702958098785
73500.0,193.09915161132812,193.09915161132812,129.48179626464844,-63.61735534667969,4.866203597723571
73750.0,32.89387512207031,32.89387512207031,283.40667724609375,250.51280212402344,4.870107051423457
74000.0,16.40748405456543,16.40748405456543,312.0838623046875,295.67637825012207,4.873986036874453
74250.0,1876.6962890625,1876.6962890625,43.82136535644531,-1832.8749237060547,4.877658798743806
74500.0,71.87431335449219,71.87431335449219,381.3757019042969,309.5013885498047,4.8814027613379904
74750.0,1106.1168212890625,1106.1168212890625,349.59820556640625,-756.5186157226562,4.885069341063901
75000.0,1694.6131591796875,1694.6131591796875,315.5085754394531,-1379.1045837402344,4.888944496884613
75250.0,922.4306640625,922.4306640625,37.52879333496094,-884.9018707275391,4.892816213076851
75500.0,2457.579833984375,2457.579833984375,61.11799621582031,-2396.4618377685547,4.896491877948649
75750.0,24.178979873657227,24.178979873657227,94.3944091796875,70.21542930603027,4.900250837972648
76000.0,9.137706756591797,9.137706756591797,66.83071899414062,57.69301223754883,4.904158255121917
76250.0,11.185697555541992,11.185697555541992,31.580108642578125,20.394411087036133,4.908033649397148
76500.0,3494.119384765625,3494.119384765625,38.0211181640625,-3456.0982666015625,4.911795486848088
76750.0,39.31652069091797,39.31652069091797,337.1808166503906,297.86429595947266,4.915575112645562
77000.0,2805.35693359375,2805.35693359375,479.3893737792969,-2325.967559814453,4.9193063108095645
77250.0,354.68389892578125,354.68389892578125,388.05584716796875,33.3719482421875,4.922935369661876
77500.0,14.83475112915039,14.83475112915039,404.01068115234375,389.17593002319336,4.926594308889486
77750.0,1141.634033203125,1141.634033203125,470.63336181640625,-671.0006713867188,4.93035487805714
78000.0,38.42546463012695,38.42546463012695,417.49127197265625,379.0658073425293,4.934093794153044
78250.0,57.708099365234375,57.708099365234375,249.33236694335938,191.624267578125,4.937812516850808
78500.0,2351.44921875,2351.44921875,501.72796630859375,-1849.7212524414062,4.941504777695499
78750.0,1267.004150390625,1267.004150390625,565.2474365234375,-701.7567138671875,4.945184192344959
79000.0,27.07827377319336,27.07827377319336,87.40293884277344,60.32466506958008,4.948801889574922
79250.0,6.75068473815918,6.75068473815918,50.271968841552734,43.521284103393555,4.952462442219234
79500.0,970.1439819335938,970.1439819335938,206.1605987548828,-763.9833831787109,4.956111610326578
79750.0,756.4512939453125,756.4512939453125,509.1102294921875,-247.341064453125,4.959772615899832
80000.0,3423.489990234375,3423.489990234375,591.9600830078125,-2831.5299072265625,4.892829372933311
80250.0,27.526771545410156,27.526771545410156,583.6273193359375,556.1005477905273,4.896507515703741
80500.0,22.060935974121094,22.060935974121094,334.0938415527344,312.0329055786133,4.90018584723251
80750.0,2333.942626953125,2333.942626953125,647.87451171875,-1686.068115234375,4.903816322397613
81000.0,554.7937622070312,554.7937622070312,342.479248046875,-212.31451416015625,4.907425629267634
81250.0,16.635225296020508,16.635225296020508,133.5628662109375,116.92764091491699,4.911053027137328
81500.0,587.2044677734375,587.2044677734375,297.16314697265625,-290.04132080078125,4.914631576406628
81750.0,15.742033004760742,15.742033004760742,553.7379150390625,537.9958820343018,4.918161619000837
82000.0,4039.7060546875,4039.7060546875,491.5050048828125,-3548.2010498046875,4.921394748318513
82250.0,1156.6104736328125,1156.6104736328125,651.595703125,-505.0147705078125,4.924592942626579
82500.0,1835.2117919921875,1835.2117919921875,96.40792846679688,-1738.8038635253906,4.927755954791192
82750.0,54.193973541259766,54.193973541259766,668.3748779296875,614.1809043884277,4.931156267176889
83000.0,4.784922122955322,4.784922122955322,589.2982177734375,584.5132956504822,4.934585813032398
83250.0,37.889671325683594,37.889671325683594,513.7606201171875,475.8709487915039,4.938057719281447
83500.0,12.63866138458252,12.63866138458252,676.5853271484375,663.946665763855,4.941488021167807
83750.0,10.226252555847168,10.226252555847168,663.5545654296875,653.3283128738403,4.94492112248937
84000.0,2415.08251953125,2415.08251953125,679.4014892578125,-1735.6810302734375,4.948293733005846
84250.0,2929.85693359375,2929.85693359375,693.3953857421875,-2236.4615478515625,4.951576285252797
84500.0,3201.437744140625,3201.437744140625,705.3280029296875,-2496.1097412109375,4.954940948970597
84750.0,26.025142669677734,26.025142669677734,710.3572998046875,684.3321571350098,4.958319360581887
85000.0,2164.483642578125,2164.483642578125,754.6400146484375,-1409.8436279296875,4.961614893434849
85250.0,3703.117919921875,3703.117919921875,711.4913330078125,-2991.6265869140625,4.9649147545809305
85500.0,32.54267883300781,32.54267883300781,585.4029541015625,552.8602752685547,4.968203780211462
85750.0,11.498370170593262,11.498370170593262,767.66748046875,756.1691102981567,4.9714829728522325
86000.0,383.9486389160156,383.9486389160156,694.5597534179688,310.6111145019531,4.974777785397562
86250.0,1830.9154052734375,1830.9154052734375,678.5882568359375,-1152.3271484375,4.977876987381064
86500.0,1607.9794921875,1607.9794921875,672.63232421875,-935.34716796875,4.980940749256846
86750.0,3306.994873046875,3306.994873046875,780.1212158203125,-2526.8736572265625,4.983881817736501
87000.0,2003.7381591796875,2003.7381591796875,35.54106140136719,-1968.1970977783203,4.986910004662939
87250.0,3000.94677734375,3000.94677734375,586.0929565429688,-2414.8538208007812,4.989937222350233
87500.0,15.855031967163086,15.855031967163086,783.2049560546875,767.3499240875244,4.993004324113444
87750.0,20.480443954467773,20.480443954467773,768.5426635742188,748.062219619751,4.996090134557503
88000.0,3773.243896484375,3773.243896484375,751.205322265625,-3022.03857421875,4.999209667788179
88250.0,2541.262939453125,2541.262939453125,238.1700439453125,-2303.0928955078125,5.002352142552696
88500.0,30.137311935424805,30.137311935424805,783.92333984375,753.7860279083252,5.005446835716426
88750.0,1965.8914794921875,1965.8914794921875,779.2645874023438,-1186.6268920898438,5.008409616397554
89000.0,26.548431396484375,26.548431396484375,808.5540161132812,782.0055847167969,5.01137663229303
89250.0,1632.498291015625,1632.498291015625,808.6619873046875,-823.8363037109375,5.014320576263265
89500.0,29.3553524017334,29.3553524017334,825.2764892578125,795.9211368560791,5.017328369827804
89750.0,39.685943603515625,39.685943603515625,638.4088134765625,598.7228698730469,5.020350519206478
90000.0,2320.68359375,2320.68359375,829.243896484375,-1491.439697265625,4.95916872031857
90250.0,415.5964050292969,415.5964050292969,884.7786865234375,469.1822814941406,4.962290047200525
90500.0,36.530426025390625,36.530426025390625,799.2044677734375,762.6740417480469,4.965431674520687
90750.0,1110.7073974609375,1110.7073974609375,819.9760131835938,-290.73138427734375,4.968402117068749
91000.0,1345.4910888671875,1345.4910888671875,939.3482666015625,-406.142822265625,4.971398482123176
91250.0,273.72808837890625,273.72808837890625,922.00439453125,648.2763061523438,4.974507970849115
91500.0,19.284690856933594,19.284690856933594,530.9116821289062,511.62699127197266,4.977547062147204
91750.0,2802.840087890625,2802.840087890625,921.4954223632812,-1881.3446655273438,4.980568706707381
92000.0,518.1272583007812,518.1272583007812,954.6255493164062,436.498291015625,4.9835867582352495
92250.0,2724.944091796875,2724.944091796875,917.5931396484375,-1807.3509521484375,4.986091133070597
92500.0,2723.39306640625,2723.39306640625,936.0797729492188,-1787.3132934570312,4.986143829526095
92750.0,11.213724136352539,11.213724136352539,946.4310302734375,935.217306137085,4.985753894694923
93000.0,1898.8468017578125,1898.8468017578125,943.96630859375,-954.8804931640625,4.985575589311815
93250.0,8.925095558166504,8.925095558166504,872.7252807617188,863.8001852035522,4.985420695360814
93500.0,638.909423828125,638.909423828125,248.8413848876953,-390.0680389404297,4.984763112091389
93750.0,26.97523307800293,26.97523307800293,948.1995849609375,921.2243518829346,4.984466986098328
94000.0,13.0835542678833,13.0835542678833,115.79361724853516,102.71006298065186,4.984306746211204
94250.0,4.827261924743652,4.827261924743652,98.55021667480469,93.72295475006104,4.984370427577008
94500.0,4.469268321990967,4.469268321990967,103.22832489013672,98.75905656814575,4.98389420441642
94750.0,20.63723373413086,20.63723373413086,160.99801635742188,140.36078262329102,4.983588288048235
95000.0,9.84469223022461,9.84469223022461,176.7846221923828,166.9399299621582,4.983523843663372
95250.0,40.5647087097168,40.5647087097168,165.7652587890625,125.2005500793457,4.983304490036033
95500.0,678.9048461914062,678.9048461914062,155.41943359375,-523.4854125976562,4.9833579588869945
95750.0,977.2012939453125,977.2012939453125,138.89877319335938,-838.3025207519531,4.982846547077202
96000.0,8.599834442138672,8.599834442138672,103.20768737792969,94.60785293579102,4.98272253324591
96250.0,20.401670455932617,20.401670455932617,115.88290405273438,95.48123359680176,4.982264240476996
96500.0,108.61725616455078,108.61725616455078,132.08700561523438,23.469749450683594,4.981938497074166
96750.0,2531.8046875,2531.8046875,150.49343872070312,-2381.311248779297,4.981972003251715
97000.0,3589.359130859375,3589.359130859375,152.42539978027344,-3436.9337310791016,4.981101197631297
97250.0,118.47343444824219,118.47343444824219,57.44739532470703,-61.026039123535156,4.980747567882256
97500.0,15.036203384399414,15.036203384399414,119.50818634033203,104.47198295593262,4.980789494308153
97750.0,4.1148505210876465,4.1148505210876465,82.78378295898438,78.66893243789673,4.980759357137251
98000.0,349.735107421875,349.735107421875,536.056884765625,186.32177734375,4.980529214166706
98250.0,23.986032485961914,23.986032485961914,245.83627319335938,221.85024070739746,4.980396241439535
98500.0,2328.631103515625,2328.631103515625,612.7646484375,-1715.866455078125,4.979687497829201
98750.0,1663.982421875,1663.982421875,636.1204223632812,-1027.8619995117188,4.979750768725116
99000.0,2305.28125,2305.28125,612.2911987304688,-1692.9900512695312,4.979473742072753
99250.0,4156.38232421875,4156.38232421875,594.53466796875,-3561.84765625,4.9791965083943
99500.0,31.8151798248291,31.8151798248291,618.445068359375,586.6298885345459,4.979074645170666
99750.0,2079.5791015625,2079.5791015625,646.1085205078125,-1433.4705810546875,4.979092264244336
100000.0,40.46803283691406,40.46803283691406,655.2542114257812,614.7861785888672,4.905750918503107
100250.0,403.34393310546875,403.34393310546875,693.79345703125,290.44952392578125,4.905682470567355
100500.0,953.2318115234375,953.2318115234375,428.4195251464844,-524.8122863769531,4.905821232247893
100750.0,39.1043586730957,39.1043586730957,626.5017700195312,587.3974113464355,4.905333960041793
101000.0,2758.177978515625,2758.177978515625,735.9625244140625,-2022.2154541015625,4.905490372688574
101250.0,1839.516845703125,1839.516845703125,726.5848388671875,-1112.9320068359375,4.905752424986901
101500.0,752.7803344726562,752.7803344726562,625.9664916992188,-126.8138427734375,4.905923908018612
101750.0,42.248878479003906,42.248878479003906,715.4072265625,673.1583480834961,4.90623777882096
102000.0,1633.112060546875,1633.112060546875,604.6849365234375,-1028.4271240234375,4.906344592477288
102250.0,2294.539794921875,2294.539794921875,734.9686889648438,-1559.5711059570312,4.906462073240166
102500.0,2516.64404296875,2516.64404296875,666.4515991210938,-1850.1924438476562,4.906481524587812
102750.0,48.25780487060547,48.25780487060547,786.1378784179688,737.8800735473633,4.9065668714150545
103000.0,2230.80029296875,2230.80029296875,780.1221923828125,-1450.6781005859375,4.90663680746463
103250.0,2115.888427734375,2115.888427734375,769.6329345703125,-1346.2554931640625,4.906611243974053
103500.0,1865.7803955078125,1865.7803955078125,785.2575073242188,-1080.5228881835938,4.906871223513547
103750.0,28.93841552734375,28.93841552734375,752.4002685546875,723.4618530273438,4.9080362404853455
104000.0,121.566162109375,121.566162109375,785.9205322265625,664.3543701171875,4.9105489191443406
104250.0,730.93408203125,730.93408203125,787.537353515625,56.603271484375,4.913249351584397
104500.0,410.0221862792969,410.0221862792969,792.6634521484375,382.6412658691406,4.915973485721929
104750.0,2317.54638671875,2317.54638671875,801.0826416015625,-1516.4637451171875,4.918682678791764
105000.0,1028.492431640625,1028.492431640625,771.6417236328125,-256.8507080078125,4.921370831857131
105250.0,10.200364112854004,10.200364112854004,184.580322265625,174.379958152771,4.924022977401944
105500.0,3.9092462062835693,3.9092462062835693,192.6703338623047,188.76108765602112,4.9267216015310416
105750.0,11.442668914794922,11.442668914794922,230.40057373046875,218.95790481567383,4.929472164794009
106000.0,3.9948740005493164,3.9948740005493164,227.1795654296875,223.18469142913818,4.932085457637902
106250.0,3.4222254753112793,3.4222254753112793,153.58953857421875,150.16731309890747,4.9346778326931116
106500.0,4.419719696044922,4.419719696044922,222.4803009033203,218.0605812072754,4.937168417146239
106750.0,9.916942596435547,9.916942596435547,192.7832794189453,182.86633682250977,4.939706131925586
107000.0,376.7853698730469,376.7853698730469,127.95748138427734,-248.82788848876953,4.942233393053061
107250.0,11.701521873474121,11.701521873474121,227.43753051757812,215.736008644104,4.944743670187359
107500.0,11.67070198059082,11.67070198059082,227.6803741455078,216.009672164917,4.947309224056546
107750.0,703.9378051757812,703.9378051757812,193.40101623535156,-510.5367889404297,4.949910989428494
108000.0,3.586104393005371,3.586104393005371,163.58258056640625,159.99647617340088,4.952533683429815
108250.0,5.010243892669678,5.010243892669678,187.69903564453125,182.68879175186157,4.955088332118236
108500.0,24.808528900146484,24.808528900146484,120.07806396484375,95.26953506469727,4.957576473073644
108750.0,957.79833984375,957.79833984375,148.21034240722656,-809.5879974365234,4.960133435141613
109000.0,2592.736328125,2592.736328125,158.1169891357422,-2434.619338989258,4.962573579083352
109250.0,2.3297886848449707,2.3297886848449707,127.40817260742188,125.0783839225769,4.965033810196781
109500.0,1640.291748046875,1640.291748046875,269.6073303222656,-1370.6844177246094,4.967571703257088
109750.0,62.43318176269531,62.43318176269531,179.44598388671875,117.01280212402344,4.9701282467974135
110000.0,16.351194381713867,16.351194381713867,103.32038879394531,86.96919441223145,4.920751178353
110250.0,14.799674987792969,14.799674987792969,381.2076416015625,366.40796661376953,4.923256319358542
110500.0,1722.537353515625,1722.537353515625,524.1837158203125,-1198.3536376953125,4.925814507467064
110750.0,2833.27001953125,2833.27001953125,513.998046875,-2319.27197265625,4.928313099207467
111000.0,1664.1142578125,1664.1142578125,513.145751953125,-1150.968505859375,4.930766550823471
111250.0,68.40205383300781,68.40205383300781,538.21630859375,469.8142547607422,4.9332847865553004
111500.0,75.4270248413086,75.4270248413086,155.54421997070312,80.11719512939453,4.935693341732302
111750.0,3131.09912109375,3131.09912109375,512.29150390625,-2618.8076171875,4.938075185681036
112000.0,666.3632202148438,666.3632202148438,520.3951416015625,-145.96807861328125,4.9404424443649235
112250.0,1297.9197998046875,1297.9197998046875,580.48974609375,-717.4300537109375,4.942824397598908
112500.0,25.203798294067383,25.203798294067383,553.0975341796875,527.8937358856201,4.945183711076018
112750.0,3320.145263671875,3320.145263671875,555.221435546875,-2764.923828125,4.947580774405892
113000.0,2768.9052734375,2768.9052734375,586.9346923828125,-2181.9705810546875,4.949968611249845
113250.0,77.55877685546875,77.55877685546875,551.6891479492188,474.13037109375,4.952338222383912
113500.0,3046.70556640625,3046.70556640625,633.8352661132812,-2412.8703002929688,4.954694567165855
113750.0,212.76837158203125,212.76837158203125,344.85394287109375,132.0855712890625,4.957035491345407
114000.0,9.30192756652832,9.30192756652832,619.9743041992188,610.6723766326904,4.959255694733254
114250.0,3186.33154296875,3186.33154296875,647.2596435546875,-2539.0718994140625,4.961534797965274
114500.0,683.791748046875,683.791748046875,466.4753723144531,-217.31637573242188,4.963919753739796
114750.0,888.1819458007812,888.1819458007812,634.294189453125,-253.88775634765625,4.966350237390084
115000.0,7.961090564727783,7.961090564727783,156.258544921875,148.29745435714722,4.968714606589051
115250.0,1226.6175537109375,1226.6175537109375,670.0018920898438,-556.6156616210938,4.971081748378273
115500.0,4500.751953125,4500.751953125,657.5284423828125,-3843.2235107421875,4.973413739650101
115750.0,2187.501708984375,2187.501708984375,627.2273559570312,-1560.2743530273438,4.975676419334896
116000.0,3642.443115234375,3642.443115234375,646.5244750976562,-2995.9186401367188,4.977935818597187
116250.0,1088.6165771484375,1088.6165771484375,678.1975708007812,-410.41900634765625,4.980176732412978
116500.0,284.7144775390625,284.7144775390625,718.1724243164062,433.45794677734375,4.9824547325676845
116750.0,4160.12109375,4160.12109375,745.468017578125,-3414.653076171875,4.9847229103300315
117000.0,2168.36962890625,2168.36962890625,103.48135375976562,-2064.8882751464844,4.986958257795945
117250.0,17.45150375366211,17.45150375366211,472.34796142578125,454.89645767211914,4.989197269529411
117500.0,2344.99072265625,2344.99072265625,694.1902465820312,-1650.8004760742188,4.991446377210569
117750.0,1787.1397705078125,1787.1397705078125,759.8883056640625,-1027.25146484375,4.993780275162733
118000.0,1913.076171875,1913.076171875,609.2536010742188,-1303.8225708007812,4.996092193230661
118250.0,1567.6859130859375,1567.6859130859375,699.3802490234375,-868.3056640625,4.998421433581906
118500.0,145.32168579101562,145.32168579101562,738.0609130859375,592.7392272949219,5.000705937204937
118750.0,2536.7841796875,2536.7841796875,122.88874816894531,-2413.8954315185547,5.002963989951272
119000.0,228.6358184814453,228.6358184814453,766.7398681640625,538.1040496826172,5.005216518215056
119250.0,1846.1982421875,1846.1982421875,427.39129638671875,-1418.8069458007812,5.0075130482043875
119500.0,1360.1356201171875,1360.1356201171875,780.107421875,-580.0281982421875,5.009829098613932
119750.0,269.3669738769531,269.3669738769531,775.3936767578125,506.0267028808594,5.0121118643175695
120000.0,2841.504150390625,2841.504150390625,449.6964111328125,-2391.8077392578125,4.964905407643745
120250.0,2752.158203125,2752.158203125,780.3394775390625,-1971.8187255859375,4.9671826760433335
120500.0,80.49718475341797,80.49718475341797,786.8920288085938,706.3948440551758,4.969502005963997
120750.0,10.165421485900879,10.165421485900879,722.6810302734375,712.5156087875366,4.971825285279149
121000.0,706.9368286132812,706.9368286132812,760.9755859375,54.03875732421875,4.974160541325645
121250.0,1420.8739013671875,1420.8739013671875,803.4758911132812,-617.3980102539062,4.9764587195271375
121500.0,2373.96923828125,2373.96923828125,801.5972900390625,-1572.3719482421875,4.978676057773359
121750.0,2281.48388671875,2281.48388671875,800.860595703125,-1480.623291015625,4.98087282499328
122000.0,27.837879180908203,27.837879180908203,343.57666015625,315.7387809753418,4.983081141654794
122250.0,12.628225326538086,12.628225326538086,343.35809326171875,330.72986793518066,4.985283747918895
122500.0,1539.498291015625,1539.498291015625,802.01318359375,-737.485107421875,4.987558931343031
122750.0,13.429988861083984,13.429988861083984,790.80078125,777.370792388916,4.989839724324887
123000.0,5.293203353881836,5.293203353881836,190.052978515625,184.75977516174316,4.992088418831681
123250.0,96.54747009277344,96.54747009277344,746.6209716796875,650.0735015869141,4.994378479968182
123500.0,2004.7994384765625,2004.7994384765625,815.1068725585938,-1189.6925659179688,4.996662840173937
123750.0,3435.092529296875,3435.092529296875,794.8670043945312,-2640.2255249023438,4.998916100463966
124000.0,1519.738525390625,1519.738525390625,860.2554931640625,-659.4830322265625,5.001150595999007
124250.0,24.022071838378906,24.022071838378906,650.4037475585938,626.3816757202148,5.0033635391508415
124500.0,6.402397155761719,6.402397155761719,741.8125,735.4101028442383,5.005557330313625
124750.0,1481.750244140625,1481.750244140625,833.4799194335938,-648.2703247070312,5.007742557349336
125000.0,274.24169921875,274.24169921875,818.72314453125,544.4814453125,5.009947103925284
125250.0,16.335845947265625,16.335845947265625,839.6368408203125,823.3009948730469,5.012131381748704
125500.0,1977.01416015625,1977.01416015625,869.4114990234375,-1107.6026611328125,5.01428829125869
125750.0,3088.235107421875,3088.235107421875,896.697265625,-2191.537841796875,5.016428015483032
126000.0,2257.599609375,2257.599609375,908.83837890625,-1348.76123046875,5.018563154379781
126250.0,2288.87060546875,2288.87060546875,820.6241455078125,-1468.2464599609375,5.020682777889331
126500.0,2326.318359375,2326.318359375,907.3966674804688,-1418.9216918945312,5.022739377494638
126750.0,135.36209106445312,135.36209106445312,886.6680908203125,751.3059997558594,5.024825386616843
127000.0,14.247969627380371,14.247969627380371,219.68710327148438,205.439133644104,5.026904283509836
127250.0,222.33567810058594,222.33567810058594,429.9197998046875,207.58412170410156,5.028988982724981
127500.0,3457.301025390625,3457.301025390625,385.45361328125,-3071.847412109375,5.031038671219805
127750.0,26.990964889526367,26.990964889526367,697.0845336914062,670.0935688018799,5.03310175571805
128000.0,2452.419189453125,2452.419189453125,957.8436279296875,-1494.5755615234375,5.035142449737284
128250.0,2621.700439453125,2621.700439453125,938.8511962890625,-1682.8492431640625,5.03713167804148
128500.0,485.3109436035156,485.3109436035156,830.5404663085938,345.2295227050781,5.039146572797324
128750.0,1806.8179931640625,1806.8179931640625,868.87890625,-937.9390869140625,5.0411666767638
129000.0,1906.30078125,1906.30078125,835.856201171875,-1070.444580078125,5.043169946592834
129250.0,2872.3828125,2872.3828125,581.220947265625,-2291.161865234375,5.045144779987013
129500.0,11.645986557006836,11.645986557006836,901.11279296875,889.4668064117432,5.0471225412952725
129750.0,1946.9830322265625,1946.9830322265625,912.52490234375,-1034.4581298828125,5.049086914096655
130000.0,1306.9583740234375,1306.9583740234375,928.111572265625,-378.8468017578125,5.004465376753055
130250.0,3220.095703125,3220.095703125,921.1612548828125,-2298.9344482421875,5.006461590805921
130500.0,1625.494873046875,1625.494873046875,327.82464599609375,-1297.6702270507812,5.008449867758763
130750.0,2.7013914585113525,2.7013914585113525,347.028564453125,344.32717299461365,5.010436642803946
131000.0,1220.9775390625,1220.9775390625,437.8970031738281,-783.0805358886719,5.012395227954731
131250.0,1065.257080078125,1065.257080078125,188.60665893554688,-876.6504211425781,5.014341768110962
131500.0,1505.8206787109375,1505.8206787109375,880.4557495117188,-625.3649291992188,5.0162833372578435
131750.0,14.424948692321777,14.424948692321777,471.99041748046875,457.565468788147,5.018227292507102
132000.0,752.94970703125,752.94970703125,323.5341796875,-429.41552734375,5.0201620665481475
132250.0,2512.3994140625,2512.3994140625,275.92791748046875,-2236.4714965820312,5.022140089240911
132500.0,546.0385131835938,546.0385131835938,945.4913330078125,399.45281982421875,5.024089848782109
132750.0,1368.5733642578125,1368.5733642578125,947.0439453125,-421.5294189453125,5.026022189360496
133000.0,1895.5902099609375,1895.5902099609375,953.7579345703125,-941.832275390625,5.027953591321476
133250.0,3509.23095703125,3509.23095703125,943.6685791015625,-2565.5623779296875,5.029868427390301
133500.0,1588.5948486328125,1588.5948486328125,939.3045654296875,-649.290283203125,5.031763956190927
133750.0,78.74832916259766,78.74832916259766,954.336181640625,875.5878524780273,5.033680332506058
134000.0,2353.568115234375,2353.568115234375,240.0338134765625,-2113.5343017578125,5.035642702187963
134250.0,91.47018432617188,91.47018432617188,940.316162109375,848.8459777832031,5.037516653473786
134500.0,2113.8720703125,2113.8720703125,955.19482421875,-1158.67724609375,5.039389107404899
134750.0,39.674522399902344,39.674522399902344,922.7138671875,883.0393447875977,5.041339448245875
135000.0,181.44967651367188,181.44967651367188,947.2489013671875,765.7992248535156,5.04330175493801
135250.0,677.5674438476562,677.5674438476562,941.7611083984375,264.19366455078125,5.045241251937924
135500.0,119.9753646850586,119.9753646850586,583.58056640625,463.6052017211914,5.047106509217488
135750.0,2318.7177734375,2318.7177734375,948.0245971679688,-1370.6931762695312,5.048963187106498
136000.0,1839.04345703125,1839.04345703125,936.9105834960938,-902.1328735351562,5.0508060080026524
136250.0,284.0995788574219,284.0995788574219,343.7398681640625,59.640289306640625,5.052653045058192
136500.0,20.930988311767578,20.930988311767578,693.78515625,672.8541679382324,5.054498427624615
136750.0,14.415011405944824,14.415011405944824,945.9955444335938,931.5805330276489,5.056404846096772
137000.0,997.8508911132812,997.8508911132812,929.115234375,-68.73565673828125,5.058303165159958
137250.0,2331.017822265625,2331.017822265625,900.672607421875,-1430.34521484375,5.060186506879992
137500.0,2651.150146484375,2651.150146484375,942.67919921875,-1708.470947265625,5.062091021400665
137750.0,1668.6861572265625,1668.6861572265625,959.3829345703125,-709.30322265625,5.064013014751358
138000.0,17.169130325317383,17.169130325317383,909.1912231445312,892.0220928192139,5.065932559510339
138250.0,7.9346842765808105,7.9346842765808105,871.6092529296875,863.6745686531067,5.0678273976813815
138500.0,2861.19482421875,2861.19482421875,187.40936279296875,-2673.7854614257812,5.069679088833015
138750.0,376.8013916015625,376.8013916015625,794.2919921875,417.4906005859375,5.071541968513632
139000.0,34.034873962402344,34.034873962402344,884.2889404296875,850.2540664672852,5.073393172623046
139250.0,4123.068359375,4123.068359375,862.27099609375,-3260.79736328125,5.0752366841957866
139500.0,152.3070068359375,152.3070068359375,952.2962646484375,799.9892578125,5.07709946277521
139750.0,2513.03369140625,2513.03369140625,888.1373291015625,-1624.8963623046875,5.078952324663576
140000.0,855.076416015625,855.076416015625,942.494140625,87.417724609375,5.037938774460992
140250.0,3082.430908203125,3082.430908203125,822.2892456054688,-2260.1416625976562,5.039787935189328
140500.0,28.83608055114746,28.83608055114746,950.60400390625,921.7679233551025,5.041636395610303
140750.0,2133.25732421875,2133.25732421875,910.396240234375,-1222.861083984375,5.043480927695866
141000.0,44.202186584472656,44.202186584472656,383.2259521484375,339.02376556396484,5.045312423928185
141250.0,966.1987915039062,966.1987915039062,803.3956909179688,-162.8031005859375,5.047171993414426
141500.0,1920.6461181640625,1920.6461181640625,941.686279296875,-978.9598388671875,5.049050470407129
141750.0,111.78551483154297,111.78551483154297,925.712890625,813.927375793457,5.050984726195281
142000.0,10.748963356018066,10.748963356018066,308.5389709472656,297.79000759124756,5.0528573561999135
142250.0,397.1659240722656,397.1659240722656,959.0516357421875,561.8857116699219,5.054756164069561
142500.0,133.25143432617188,133.25143432617188,656.3192138671875,523.0677795410156,5.056648900662338
142750.0,2403.88134765625,2403.88134765625,970.9417724609375,-1432.9395751953125,5.0585294215440095
143000.0,3213.852294921875,3213.852294921875,644.991943359375,-2568.8603515625,5.060404792535673
143250.0,1506.9478759765625,1506.9478759765625,487.0943908691406,-1019.8534851074219,5.0622878240567415
143500.0,1306.57958984375,1306.57958984375,599.7986450195312,-706.7809448242188,5.064153596138331
143750.0,63.680206298828125,63.680206298828125,953.072509765625,889.3923034667969,5.066018705186389
144000.0,2452.79541015625,2452.79541015625,944.934326171875,-1507.861083984375,5.067884800511718
144250.0,2339.85107421875,2339.85107421875,939.3473510742188,-1400.5037231445312,5.069723362210899
144500.0,295.2474365234375,295.2474365234375,611.7049560546875,316.45751953125,5.071568637860372
144750.0,245.62400817871094,245.62400817871094,921.5352783203125,675.9112701416016,5.0733877517588954
145000.0,2626.74365234375,2626.74365234375,961.9990234375,-1664.74462890625,5.075191685909693
145250.0,4098.345703125,4098.345703125,948.0835571289062,-3150.2621459960938,5.076982177099371
145500.0,1801.3604736328125,1801.3604736328125,732.7527465820312,-1068.6077270507812,5.07876708040168
145750.0,1291.91015625,1291.91015625,407.43585205078125,-884.4743041992188,5.080544855756394
146000.0,2161.773193359375,2161.773193359375,949.8555297851562,-1211.9176635742188,5.082323243420998
146250.0,1012.9713134765625,1012.9713134765625,967.3740234375,-45.5972900390625,5.084090703731297
146500.0,2232.06494140625,2232.06494140625,280.8218994140625,-1951.2430419921875,5.085877486143589
146750.0,2527.792724609375,2527.792724609375,976.6561279296875,-1551.1365966796875,5.087694424962062
147000.0,104.0578842163086,104.0578842163086,969.8131103515625,865.7552261352539,5.0895142920438285
147250.0,2.8497636318206787,2.8497636318206787,235.01419067382812,232.16442704200745,5.091281722666304
147500.0,9.66166877746582,9.66166877746582,307.59765625,297.9359874725342,5.093065756020476
147750.0,3432.943603515625,3432.943603515625,965.0534057617188,-2467.8901977539062,5.094837739540443
148000.0,28.743074417114258,28.743074417114258,993.6253662109375,964.8822917938232,5.0965999977109675
148250.0,2.5852267742156982,2.5852267742156982,222.81314086914062,220.22791409492493,5.09834349870855
148500.0,2439.401611328125,2439.401611328125,288.4278564453125,-2150.9737548828125,5.100074113128034
148750.0,3.194946527481079,3.194946527481079,230.59327697753906,227.39833045005798,5.101820740969337
149000.0,1418.687744140625,1418.687744140625,267.13311767578125,-1151.5546264648438,5.103566538616641
149250.0,44.318973541259766,44.318973541259766,919.6688232421875,875.3498497009277,5.105314594695376
149500.0,1857.7479248046875,1857.7479248046875,944.5657348632812,-913.1821899414062,5.107053816817648
149750.0,37.083316802978516,37.083316802978516,997.210205078125,960.1268882751465,5.10879239395332
150000.0,234.4300537109375,234.4300537109375,938.3101806640625,703.880126953125,5.069872958621326
150250.0,308.97418212890625,308.97418212890625,660.07080078125,351.09661865234375,5.071660472494479
150500.0,1075.232421875,1075.232421875,1077.1982421875,1.9658203125,5.073458119841382
150750.0,1619.75732421875,1619.75732421875,405.2029113769531,-1214.5544128417969,5.075225109106153
151000.0,4.4441728591918945,4.4441728591918945,227.1778564453125,222.7336835861206,5.076906148934565
151250.0,2563.55224609375,2563.55224609375,925.06884765625,-1638.4833984375,5.078582995220387
151500.0,1159.741943359375,1159.741943359375,666.5031127929688,-493.23883056640625,5.0802299321303375
151750.0,2406.22265625,2406.22265625,357.53143310546875,-2048.6912231445312,5.081866875535091
152000.0,1922.60546875,1922.60546875,976.61376953125,-945.99169921875,5.083509344073121
152250.0,71.43486785888672,71.43486785888672,186.73049926757812,115.2956314086914,5.085157547878462
152500.0,51.501277923583984,51.501277923583984,979.75,928.248722076416,5.08678275667031
152750.0,1973.7186279296875,1973.7186279296875,939.1162109375,-1034.6024169921875,5.088397397122889
153000.0,2367.488525390625,2367.488525390625,968.5371704101562,-1398.9513549804688,5.090019801158565
153250.0,2575.5361328125,2575.5361328125,1017.7380981445312,-1557.7980346679688,5.091650408195242
153500.0,619.8250732421875,619.8250732421875,930.8483276367188,311.02325439453125,5.093270479849386
153750.0,511.576171875,511.576171875,936.1434936523438,424.56732177734375,5.094852666291729
154000.0,722.7294921875,722.7294921875,835.0303955078125,112.3009033203125,5.096443080008028
154250.0,3036.22021484375,3036.22021484375,945.321044921875,-2090.899169921875,5.098027210385179
154500.0,4.428134918212891,4.428134918212891,440.27392578125,435.8457908630371,5.099449977761693
154750.0,6.000087738037109,6.000087738037109,230.54855346679688,224.54846572875977,5.100991676313702
155000.0,4.6692891120910645,4.6692891120910645,262.8052978515625,258.13600873947144,5.10264898627987
155250.0,1722.2545166015625,1722.2545166015625,494.5365905761719,-1227.7179260253906,5.104327700855976
155500.0,226.6007080078125,226.6007080078125,984.2811889648438,757.6804809570312,5.10600776964424
155750.0,2136.4921875,2136.4921875,955.77978515625,-1180.71240234375,5.107716563004795
156000.0,933.98583984375,933.98583984375,1007.2113647460938,73.22552490234375,5.109427350024786
156250.0,3617.3603515625,3617.3603515625,921.8009643554688,-2695.5593872070312,5.111077890165474
156500.0,29.95909881591797,29.95909881591797,762.7490234375,732.789924621582,5.112743511115727
156750.0,2224.364501953125,2224.364501953125,897.6616821289062,-1326.7028198242188,5.114379503771405
157000.0,810.0765380859375,810.0765380859375,907.333251953125,97.2567138671875,5.116004225613614
157250.0,97.82233428955078,97.82233428955078,936.756103515625,838.9337692260742,5.117641305869733
157500.0,2687.06787109375,2687.06787109375,420.98187255859375,-2266.0859985351562,5.119273758107121
157750.0,1650.4381103515625,1650.4381103515625,856.1375732421875,-794.300537109375,5.1209053106020175
158000.0,667.4717407226562,667.4717407226562,955.9227294921875,288.45098876953125,5.122516929326114
158250.0,1839.6732177734375,1839.6732177734375,922.385498046875,-917.2877197265625,5.124095530935043
158500.0,892.2588500976562,892.2588500976562,967.1098022460938,74.8509521484375,5.125705926392993
158750.0,534.4871215820312,534.4871215820312,850.4566040039062,315.969482421875,5.127322530782925
159000.0,2976.0458984375,2976.0458984375,684.2514038085938,-2291.7944946289062,5.128942497859696
159250.0,1859.028564453125,1859.028564453125,962.576904296875,-896.45166015625,5.130566372333633
159500.0,2330.8154296875,2330.8154296875,1018.6696166992188,-1312.1458129882812,5.132179102449536
159750.0,2296.826416015625,2296.826416015625,950.7572631835938,-1346.0691528320312,5.133771637379101
160000.0,1793.34228515625,1793.34228515625,762.2987060546875,-1031.0435791015625,5.097028656520886
160250.0,13.580410957336426,13.580410957336426,1037.160400390625,1023.5799894332886,5.098661397975835
160500.0,2001.996337890625,2001.996337890625,991.5045776367188,-1010.4917602539062,5.100153174148895
160750.0,1625.40283203125,1625.40283203125,985.4682006835938,-639.9346313476562,5.101606235316423
161000.0,51.40227508544922,51.40227508544922,970.5687866210938,919.1665115356445,5.103223231476183
161250.0,3613.551513671875,3613.551513671875,933.6732177734375,-2679.8782958984375,5.104865624984798
161500.0,1840.8887939453125,1840.8887939453125,947.250244140625,-893.6385498046875,5.106515233350437
161750.0,1966.204833984375,1966.204833984375,965.82470703125,-1000.380126953125,5.10814924744653
162000.0,2299.65673828125,2299.65673828125,965.3681640625,-1334.28857421875,5.1097752344265555
162250.0,47.48125076293945,47.48125076293945,891.1061401367188,843.6248893737793,5.111364319003028
162500.0,988.4801635742188,988.4801635742188,959.40087890625,-29.07928466796875,5.1128976731892335
162750.0,4.113156318664551,4.113156318664551,283.7196350097656,279.6064786911011,5.114438038352613
163000.0,319.93463134765625,319.93463134765625,276.43707275390625,-43.49755859375,5.115970406462595
163250.0,2397.298828125,2397.298828125,979.2454833984375,-1418.0533447265625,5.117491636416249
163500.0,2459.30712890625,2459.30712890625,955.139404296875,-1504.167724609375,5.119004980985688
163750.0,2361.27490234375,2361.27490234375,802.1707153320312,-1559.1041870117188,5.120520992818125
164000.0,99.66588592529297,99.66588592529297,830.7296752929688,731.0637893676758,5.122030925094667
164250.0,823.1867065429688,823.1867065429688,952.68701171875,129.50030517578125,5.123537077277478
164500.0,2033.86962890625,2033.86962890625,966.6036376953125,-1067.2659912109375,5.125055337594079
164750.0,2715.781982421875,2715.781982421875,948.1134033203125,-1767.6685791015625,5.126643558362385
165000.0,2484.937744140625,2484.937744140625,541.1778564453125,-1943.7598876953125,5.1282638248872585
165250.0,3283.424072265625,3283.424072265625,959.1060791015625,-2324.3179931640625,5.129854917023895
165500.0,1663.1470947265625,1663.1470947265625,951.708984375,-711.4381103515625,5.131454220357046
165750.0,1796.523681640625,1796.523681640625,926.1646728515625,-870.3590087890625,5.132931241054291
166000.0,1403.983154296875,1403.983154296875,332.13287353515625,-1071.8502807617188,5.134396148274929
166250.0,179.71632385253906,179.71632385253906,1002.2994384765625,822.5831146240234,5.135840861381732
166500.0,66.55319213867188,66.55319213867188,939.45166015625,872.8984680175781,5.137323208487035
166750.0,662.5596923828125,662.5596923828125,936.214111328125,273.6544189453125,5.138803764369923
167000.0,2323.092529296875,2323.092529296875,1003.1503295898438,-1319.9421997070312,5.140279204291395
167250.0,140.92672729492188,140.92672729492188,904.2105712890625,763.2838439941406,5.1417560158125655
167500.0,2669.24365234375,2669.24365234375,990.59326171875,-1678.650390625,5.143212618518954
167750.0,562.8707885742188,562.8707885742188,991.7547607421875,428.88397216796875,5.144680419643472
168000.0,2173.051025390625,2173.051025390625,1063.5994873046875,-1109.4515380859375,5.146140322086974
168250.0,2708.4326171875,2708.4326171875,941.183349609375,-1767.249267578125,5.147585927078062
168500.0,189.96322631835938,189.96322631835938,963.5355224609375,773.5722961425781,5.149022175639063
168750.0,2317.70849609375,2317.70849609375,1000.1707763671875,-1317.5377197265625,5.150448872220662
169000.0,1173.054443359375,1173.054443359375,947.4549560546875,-225.5994873046875,5.151886547606454
169250.0,3194.726806640625,3194.726806640625,895.5225830078125,-2299.2042236328125,5.153314914350639
169500.0,632.4591674804688,632.4591674804688,481.2098388671875,-151.24932861328125,5.154743777785646
169750.0,6.719743251800537,6.719743251800537,964.4888916015625,957.769148349762,5.156187272299512
170000.0,2384.60986328125,2384.60986328125,695.170166015625,-1689.439697265625,5.120580494263575
170250.0,1307.171875,1307.171875,815.7718505859375,-491.4000244140625,5.1220317480006585
170500.0,2066.6025390625,2066.6025390625,727.0975341796875,-1339.5050048828125,5.12349039833904
170750.0,24.971363067626953,24.971363067626953,928.4034423828125,903.4320793151855,5.124931073318639
171000.0,2192.07421875,2192.07421875,965.85595703125,-1226.21826171875,5.126360556107913
171250.0,2006.2623291015625,2006.2623291015625,235.8841552734375,-1770.378173828125,5.127801709752924
171500.0,3273.603515625,3273.603515625,881.954833984375,-2391.648681640625,5.129347890125862
171750.0,16.965810775756836,16.965810775756836,951.8878173828125,934.9220066070557,5.130892029424789
172000.0,1824.14599609375,1824.14599609375,938.0201416015625,-886.1258544921875,5.132450870112385
172250.0,3487.8388671875,3487.8388671875,931.8457641601562,-2555.9931030273438,5.134004823126077
172500.0,317.8498229980469,317.8498229980469,888.6679077148438,570.8180847167969,5.13555728991665
172750.0,2109.67724609375,2109.67724609375,957.4267578125,-1152.25048828125,5.137100993124919
173000.0,1083.7242431640625,1083.7242431640625,971.0828857421875,-112.641357421875,5.138642648576675
173250.0,2353.807861328125,2353.807861328125,523.3892822265625,-1830.4185791015625,5.140177222130449
173500.0,173.93565368652344,173.93565368652344,934.9857177734375,761.0500640869141,5.141732179082043
173750.0,2098.527099609375,2098.527099609375,926.10791015625,-1172.419189453125,5.143294396414514
174000.0,2.215864419937134,2.215864419937134,275.97369384765625,273.7578294277191,5.144797781582873
174250.0,1438.7813720703125,1438.7813720703125,969.084228515625,-469.6971435546875,5.146221182376122
174500.0,1823.369384765625,1823.369384765625,950.5433349609375,-872.8260498046875,5.147636295950779
174750.0,44.419700622558594,44.419700622558594,457.366455078125,412.9467544555664,5.149050158236087
175000.0,3061.875732421875,3061.875732421875,945.9860229492188,-2115.8897094726562,5.150553512734162
175250.0,228.71432495117188,228.71432495117188,1062.359375,833.6450500488281,5.15205665628942
175500.0,1382.1842041015625,1382.1842041015625,1001.7652587890625,-380.4189453125,5.1535721617801125
175750.0,2088.04296875,2088.04296875,1090.908935546875,-997.134033203125,5.155073213738465
176000.0,1706.7906494140625,1706.7906494140625,965.6412353515625,-741.1494140625,5.156589294873474
176250.0,1965.8795166015625,1965.8795166015625,985.896728515625,-979.9827880859375,5.157962084157209
176500.0,487.9640197753906,487.9640197753906,414.9825744628906,-72.9814453125,5.159428148599812
176750.0,2622.1181640625,2622.1181640625,664.768310546875,-1957.349853515625,5.1607985378030765
177000.0,2344.289794921875,2344.289794921875,922.60498046875,-1421.684814453125,5.162132305545244
177250.0,2361.791015625,2361.791015625,957.0662841796875,-1404.7247314453125,5.163434490237029
177500.0,563.162353515625,563.162353515625,953.9512329101562,390.78887939453125,5.164810391339402
177750.0,151.8486328125,151.8486328125,950.9337158203125,799.0850830078125,5.1662627540416715
178000.0,210.76979064941406,210.76979064941406,971.2367553710938,760.4669647216797,5.167687914134714
178250.0,2105.552978515625,2105.552978515625,818.9972534179688,-1286.5557250976562,5.169095535138939
178500.0,60.69700241088867,60.69700241088867,651.5383911132812,590.8413887023926,5.170523317165791
178750.0,2138.824462890625,2138.824462890625,943.794921875,-1195.029541015625,5.171979469373378
179000.0,380.1502990722656,380.1502990722656,898.5901489257812,518.4398498535156,5.173426752637767
179250.0,1232.4603271484375,1232.4603271484375,345.02020263671875,-887.4401245117188,5.174882865005944
179500.0,1893.6402587890625,1893.6402587890625,953.0537109375,-940.5865478515625,5.176300570311612
179750.0,1896.13818359375,1896.13818359375,913.8539428710938,-982.2842407226562,5.177690259533964
180000.0,192.55938720703125,192.55938720703125,956.6255493164062,764.066162109375,5.144623226627033
180250.0,1793.64013671875,1793.64013671875,954.2384033203125,-839.4017333984375,5.146061921911178
180500.0,3.2098004817962646,3.2098004817962646,277.27679443359375,274.0669939517975,5.147501588026184
180750.0,3354.748046875,3354.748046875,965.8126220703125,-2388.9354248046875,5.1489339847732465
181000.0,1296.3900146484375,1296.3900146484375,267.8690185546875,-1028.52099609375,5.150391623493896
181250.0,2505.239501953125,2505.239501953125,969.3756713867188,-1535.8638305664062,5.151853783354319
181500.0,1587.983642578125,1587.983642578125,988.154052734375,-599.82958984375,5.153290897690201
181750.0,610.7181396484375,610.7181396484375,333.609375,-277.1087646484375,5.154709118296952
182000.0,2173.194580078125,2173.194580078125,982.940185546875,-1190.25439453125,5.156115687224302
182250.0,3628.143310546875,3628.143310546875,973.3154296875,-2654.827880859375,5.1575486432724365
182500.0,270.8739318847656,270.8739318847656,951.4352416992188,680.5613098144531,5.158991631177038
182750.0,2361.2060546875,2361.2060546875,854.2621459960938,-1506.9439086914062,5.160446308453363
183000.0,1487.0931396484375,1487.0931396484375,917.507080078125,-569.5860595703125,5.161881842349165
183250.0,3143.30712890625,3143.30712890625,878.0029296875,-2265.30419921875,5.163296972937721
183500.0,2696.33984375,2696.33984375,972.3189086914062,-1724.0209350585938,5.164705655730348
183750.0,664.0172119140625,664.0172119140625,953.7669067382812,289.74969482421875,5.166057659413475
184000.0,1789.5777587890625,1789.5777587890625,781.9976196289062,-1007.5801391601562,5.167399137047117
184250.0,1890.402099609375,1890.402099609375,940.7520751953125,-949.6500244140625,5.168823118963966
184500.0,9.941535949707031,9.941535949707031,399.24688720703125,389.3053512573242,5.170239802520485
184750.0,2474.890625,2474.890625,957.6963500976562,-1517.1942749023438,5.171641592556559
185000.0,1436.3201904296875,1436.3201904296875,945.4500732421875,-490.8701171875,5.173035804514619
185250.0,2575.59228515625,2575.59228515625,864.281005859375,-1711.311279296875,5.174411952077149
185500.0,2100.555419921875,2100.555419921875,942.3945922851562,-1158.1608276367188,5.175810000969796
185750.0,1759.2252197265625,1759.2252197265625,252.83657836914062,-1506.3886413574219,5.177197792219552
186000.0,9.558600425720215,9.558600425720215,424.06134033203125,414.50273990631104,5.178570813809905
186250.0,448.63885498046875,448.63885498046875,974.0419311523438,525.403076171875,5.1799579071911825
186500.0,1259.2569580078125,1259.2569580078125,436.75738525390625,-822.4995727539062,5.181324282805982
186750.0,3285.56689453125,3285.56689453125,964.4605712890625,-2321.1063232421875,5.182704417642768
187000.0,1963.966552734375,1963.966552734375,455.0115966796875,-1508.9549560546875,5.184100568813814
187250.0,1899.9307861328125,1899.9307861328125,951.445068359375,-948.4857177734375,5.1855039115991035
187500.0,1990.740234375,1990.740234375,992.7300415039062,-998.0101928710938,5.186881613489317
187750.0,603.228271484375,603.228271484375,947.0430908203125,343.8148193359375,5.188266698100239
188000.0,1360.893310546875,1360.893310546875,969.9878540039062,-390.90545654296875,5.189656036214533
188250.0,2311.05712890625,2311.05712890625,936.849365234375,-1374.207763671875,5.191056182140633
188500.0,1976.80859375,1976.80859375,977.1156005859375,-999.6929931640625,5.192446567462991
188750.0,336.3586730957031,336.3586730957031,973.546875,637.1882019042969,5.193837647104311
189000.0,2497.208740234375,2497.208740234375,952.0389404296875,-1545.1697998046875,5.195193479852046
189250.0,105.97601318359375,105.97601318359375,954.9334716796875,848.9574584960938,5.196566457610049
189500.0,2535.417724609375,2535.417724609375,877.5416870117188,-1657.8760375976562,5.197936278764264
189750.0,1159.3470458984375,1159.3470458984375,955.9173583984375,-203.4296875,5.199290855853114
190000.0,615.708251953125,615.708251953125,941.8707885742188,326.16253662109375,5.167699040319628
190250.0,1695.1619873046875,1695.1619873046875,944.3662109375,-750.7957763671875,5.169085569411687
190500.0,2632.209716796875,2632.209716796875,971.2911376953125,-1660.9185791015625,5.170445879025535
190750.0,1496.10546875,1496.10546875,951.885009765625,-544.220458984375,5.171776593577274
191000.0,1742.73388671875,1742.73388671875,923.8257446289062,-818.9081420898438,5.17313365832911
191250.0,4049.74658203125,4049.74658203125,946.4072265625,-3103.33935546875,5.17450911377858
191500.0,33.44047546386719,33.44047546386719,506.46923828125,473.0287628173828,5.175895653040612
191750.0,898.3085327148438,898.3085327148438,792.1994018554688,-106.109130859375,5.177280289913417
192000.0,177.94976806640625,177.94976806640625,952.9574584960938,775.0076904296875,5.17856249111005
192250.0,438.7662658691406,438.7662658691406,935.9813232421875,497.2150573730469,5.179689576383775
192500.0,1494.732177734375,1494.732177734375,923.5543823242188,-571.1777954101562,5.1808098800867075
192750.0,787.1987915039062,787.1987915039062,969.9344482421875,182.73565673828125,5.181954759110642
193000.0,1173.1934814453125,1173.1934814453125,968.153564453125,-205.0399169921875,5.183070122313922
193250.0,1882.6527099609375,1882.6527099609375,908.728515625,-973.9241943359375,5.1841367813444625
193500.0,756.5735473632812,756.5735473632812,477.9043273925781,-278.6692199707031,5.185185398483213
193750.0,173.2395782470703,173.2395782470703,936.8641357421875,763.6245574951172,5.1862437381834425
194000.0,810.9442138671875,810.9442138671875,910.7251586914062,99.78094482421875,5.187393166413704
194250.0,2.3878231048583984,2.3878231048583984,471.94720458984375,469.55938148498535,5.188599908926773
194500.0,544.7146606445312,544.7146606445312,528.1302490234375,-16.58441162109375,5.18952573206662
194750.0,2519.289306640625,2519.289306640625,477.8570861816406,-2041.4322204589844,5.190328509469254
195000.0,2275.822265625,2275.822265625,419.8269958496094,-1855.9952697753906,5.191379046960708
195250.0,2814.736572265625,2814.736572265625,946.980712890625,-1867.755859375,5.192455822989057
195500.0,3476.12646484375,3476.12646484375,947.7266235351562,-2528.3998413085938,5.193546124678731
195750.0,2838.505126953125,2838.505126953125,963.3623046875,-1875.142822265625,5.1946369489893085
196000.0,1571.3446044921875,1571.3446044921875,632.2072143554688,-939.1373901367188,5.195669970145481
196250.0,2652.609619140625,2652.609619140625,946.4052734375,-1706.204345703125,5.1967018932169955
196500.0,3865.660888671875,3865.660888671875,946.41845703125,-2919.242431640625,5.19778550304053
196750.0,2646.5302734375,2646.5302734375,956.36328125,-1690.1669921875,5.198846576048736
197000.0,2370.5185546875,2370.5185546875,958.655517578125,-1411.863037109375,5.199909587941293
197250.0,93.435546875,93.435546875,929.9636840820312,836.5281372070312,5.200925232758141
197500.0,364.9363098144531,364.9363098144531,859.890625,494.9543151855469,5.201915085067605
197750.0,2796.3037109375,2796.3037109375,802.4725341796875,-1993.8311767578125,5.20300236357255
198000.0,3317.0009765625,3317.0009765625,940.2610473632812,-2376.7399291992188,5.204115963793962
198250.0,2694.0087890625,2694.0087890625,933.0125732421875,-1760.9962158203125,5.20521863872062
198500.0,2725.11865234375,2725.11865234375,880.4676513671875,-1844.6510009765625,5.2061799197066145
198750.0,143.42527770996094,143.42527770996094,794.98486328125,651.5595855712891,5.207163249452629
199000.0,2632.998779296875,2632.998779296875,923.4129638671875,-1709.5858154296875,5.207966088747119
199250.0,427.14666748046875,427.14666748046875,630.1370849609375,202.99041748046875,5.208805334108414
199500.0,1220.541748046875,1220.541748046875,929.8699340820312,-290.67181396484375,5.209683813494156
199750.0,99.63619232177734,99.63619232177734,827.45166015625,727.8154678344727,5.210539537947669
200000.0,1427.5587158203125,1427.5587158203125,945.4769897460938,-482.08172607421875,5.178328149839865
200250.0,2230.42626953125,2230.42626953125,948.9644165039062,-1281.4618530273438,5.179490516848782
200500.0,1472.90283203125,1472.90283203125,653.96435546875,-818.9384765625,5.180679200654676
200750.0,2372.280029296875,2372.280029296875,948.91064453125,-1423.369384765625,5.181867900349135
201000.0,3713.195068359375,3713.195068359375,895.9627685546875,-2817.2322998046875,5.183056695912706
201250.0,1894.349609375,1894.349609375,945.0421142578125,-949.3074951171875,5.184206297896202
201500.0,2541.37158203125,2541.37158203125,937.2525634765625,-1604.1190185546875,5.185355151602241
201750.0,1755.4326171875,1755.4326171875,546.8441162109375,-1208.5885009765625,5.186504640683981
202000.0,2290.53271484375,2290.53271484375,914.519775390625,-1376.012939453125,5.187660106629626
202250.0,2689.489501953125,2689.489501953125,946.8131103515625,-1742.6763916015625,5.188791509288315
202500.0,1896.890869140625,1896.890869140625,949.0855712890625,-947.8052978515625,5.189748005118197
202750.0,1288.5987548828125,1288.5987548828125,908.7208251953125,-379.8779296875,5.190275618516813
203000.0,2589.739990234375,2589.739990234375,956.665283203125,-1633.07470703125,5.19113688785491
203250.0,1744.592529296875,1744.592529296875,465.2386169433594,-1279.3539123535156,5.191964540534953
203500.0,1986.451416015625,1986.451416015625,939.150146484375,-1047.30126953125,5.192859762295411
203750.0,2495.294677734375,2495.294677734375,933.6812133789062,-1561.6134643554688,5.193726270219907
204000.0,2086.25244140625,2086.25244140625,961.8873291015625,-1124.3651123046875,5.194323682339686
204250.0,1655.9505615234375,1655.9505615234375,952.4290161132812,-703.5215454101562,5.195123036417707
204500.0,2410.8935546875,2410.8935546875,941.8584594726562,-1469.0350952148438,5.195873081657523
204750.0,1629.7220458984375,1629.7220458984375,830.3098754882812,-799.4121704101562,5.196386748108742
205000.0,2629.41455078125,2629.41455078125,895.1187744140625,-1734.2957763671875,5.197161973567035
205250.0,2086.3330078125,2086.3330078125,938.0003662109375,-1148.3326416015625,5.197897792036752
205500.0,151.058837890625,151.058837890625,484.11700439453125,333.05816650390625,5.1978453507210345
205750.0,1654.5850830078125,1654.5850830078125,956.7648315429688,-697.8202514648438,5.198293827014463
206000.0,2517.2685546875,2517.2685546875,953.522216796875,-1563.746337890625,5.199099543800277
206250.0,3657.19140625,3657.19140625,955.0557861328125,-2702.1356201171875,5.19990669401509
206500.0,1803.575927734375,1803.575927734375,942.0638427734375,-861.5120849609375,5.200666353212362
206750.0,166.98631286621094,166.98631286621094,933.2583618164062,766.2720489501953,5.201596913820847
207000.0,1472.3914794921875,1472.3914794921875,945.4354858398438,-526.9559936523438,5.202426818560761
207250.0,2643.68798828125,2643.68798828125,688.9780883789062,-1954.7098999023438,5.2033235917813965
207500.0,2117.814208984375,2117.814208984375,860.6148071289062,-1257.1994018554688,5.203459889058923
207750.0,2880.6533203125,2880.6533203125,940.3360595703125,-1940.3172607421875,5.204240235622507
208000.0,3033.76416015625,3033.76416015625,949.75,-2084.01416015625,5.205119752295696
208250.0,2574.353759765625,2574.353759765625,874.8322143554688,-1699.5215454101562,5.206068097630735
208500.0,1702.370849609375,1702.370849609375,956.2591552734375,-746.1116943359375,5.207013450931036
208750.0,2694.321044921875,2694.321044921875,949.1058959960938,-1745.2151489257812,5.207952937130994
209000.0,2743.37646484375,2743.37646484375,945.1812133789062,-1798.1952514648438,5.2089058409684394
209250.0,848.4834594726562,848.4834594726562,926.0543212890625,77.57086181640625,5.209873998665934
209500.0,2008.5238037109375,2008.5238037109375,941.5045166015625,-1067.019287109375,5.210841553008285
209750.0,1837.1982421875,1837.1982421875,943.81298828125,-893.38525390625,5.211787534666766
210000.0,2504.709228515625,2504.709228515625,901.4478759765625,-1603.2613525390625,5.181149029831362
210250.0,1603.4119873046875,1603.4119873046875,941.2036743164062,-662.2083129882812,5.182047989303312
210500.0,1276.886962890625,1276.886962890625,894.022216796875,-382.86474609375,5.18295797815548
210750.0,4363.64453125,4363.64453125,956.345947265625,-3407.298583984375,5.183819947711687
211000.0,2809.3818359375,2809.3818359375,956.1719970703125,-1853.2098388671875,5.1847464399466325
211250.0,1721.9188232421875,1721.9188232421875,901.99560546875,-819.9232177734375,5.185517002590363
211500.0,2686.462890625,2686.462890625,871.735107421875,-1814.727783203125,5.18641218869886
211750.0,2046.97119140625,2046.97119140625,930.19140625,-1116.77978515625,5.187278536386979
212000.0,2496.901123046875,2496.901123046875,794.5853271484375,-1702.3157958984375,5.188196971108246
212250.0,2058.26611328125,2058.26611328125,873.2991333007812,-1184.9669799804688,5.189051560963827
212500.0,2729.1943359375,2729.1943359375,907.3038330078125,-1821.8905029296875,5.189938131141762
212750.0,2374.02734375,2374.02734375,943.59814453125,-1430.42919921875,5.190881632971453
213000.0,3097.368896484375,3097.368896484375,942.553955078125,-2154.81494140625,5.191820286194029
213250.0,2511.280029296875,2511.280029296875,821.5484619140625,-1689.7315673828125,5.192758077148967
213500.0,2686.34423828125,2686.34423828125,941.79150390625,-1744.552734375,5.1936104672609
213750.0,2149.4658203125,2149.4658203125,933.6395263671875,-1215.8262939453125,5.194505622576657
214000.0,2040.3980712890625,2040.3980712890625,915.959228515625,-1124.4388427734375,5.195339139593944
214250.0,2069.9111328125,2069.9111328125,944.77880859375,-1125.13232421875,5.196224020348198
214500.0,1460.3275146484375,1460.3275146484375,938.647705078125,-521.6798095703125,5.197130742235132
214750.0,971.4303588867188,971.4303588867188,940.5199584960938,-30.910400390625,5.198011350961189
215000.0,1833.0733642578125,1833.0733642578125,948.6862182617188,-884.3871459960938,5.198799073178844
215250.0,1174.5643310546875,1174.5643310546875,947.1229248046875,-227.44140625,5.199167776363196
215500.0,2624.36328125,2624.36328125,919.2158203125,-1705.1474609375,5.200021975856464
215750.0,1521.3128662109375,1521.3128662109375,932.1066284179688,-589.2062377929688,5.200888949740026
216000.0,2121.2548828125,2121.2548828125,953.706298828125,-1167.548583984375,5.201648018894825
216250.0,2735.568115234375,2735.568115234375,954.0863037109375,-1781.4818115234375,5.202442269082094
216500.0,2324.39599609375,2324.39599609375,850.5488891601562,-1473.8471069335938,5.203250357048289
216750.0,1122.3043212890625,1122.3043212890625,947.841064453125,-174.4632568359375,5.2040319820753655
217000.0,464.1078796386719,464.1078796386719,951.85009765625,487.7422180175781,5.204138452956001
217250.0,3456.4697265625,3456.4697265625,928.526611328125,-2527.943115234375,5.204989878081639
217500.0,2275.50146484375,2275.50146484375,845.1624145507812,-1430.3390502929688,5.205774844535196
217750.0,2675.80029296875,2675.80029296875,958.2190551757812,-1717.5812377929688,5.206587844874772
218000.0,3092.067138671875,3092.067138671875,930.7684936523438,-2161.2986450195312,5.20743617992803
218250.0,116.6197738647461,116.6197738647461,943.5715942382812,826.9518203735352,5.2083074307344885
218500.0,2555.4501953125,2555.4501953125,917.1603393554688,-1638.2898559570312,5.209104353504973
218750.0,1999.5142822265625,1999.5142822265625,895.8644409179688,-1103.6498413085938,5.209931707682612
219000.0,2271.857421875,2271.857421875,938.279052734375,-1333.578369140625,5.210750282693448
219250.0,37.753318786621094,37.753318786621094,953.0133056640625,915.2599868774414,5.211681660748531
219500.0,1667.7449951171875,1667.7449951171875,945.1240844726562,-722.6209106445312,5.212569814099969
219750.0,2027.07275390625,2027.07275390625,945.8497314453125,-1081.2230224609375,5.213347832050967
220000.0,2669.603759765625,2669.603759765625,957.901611328125,-1711.7021484375,5.183727800030755
220250.0,1191.187255859375,1191.187255859375,957.635986328125,-233.55126953125,5.184509834437379
220500.0,2436.38623046875,2436.38623046875,947.4991455078125,-1488.8870849609375,5.185441888383784
220750.0,2791.48828125,2791.48828125,896.018798828125,-1895.469482421875,5.1862745165060256
221000.0,2251.748046875,2251.748046875,941.5330810546875,-1310.2149658203125,5.187155075974663
221250.0,2282.691162109375,2282.691162109375,944.0506591796875,-1338.6405029296875,5.188167831805361
221500.0,198.64913940429688,198.64913940429688,935.522705078125,736.8735656738281,5.189237275895822
221750.0,2487.41357421875,2487.41357421875,927.1964111328125,-1560.2171630859375,5.190326497098842
222000.0,1966.98388671875,1966.98388671875,948.0238037109375,-1018.9600830078125,5.191359557455446
222250.0,2063.498046875,2063.498046875,923.6922607421875,-1139.8057861328125,5.1924329475444
222500.0,1033.3126220703125,1033.3126220703125,953.5655517578125,-79.7470703125,5.193238060889423
222750.0,17.47739601135254,17.47739601135254,535.0032958984375,517.525899887085,5.194060282312477
223000.0,2435.945556640625,2435.945556640625,947.4031372070312,-1488.5424194335938,5.194836912277562
223250.0,2273.5263671875,2273.5263671875,944.8992919921875,-1328.6270751953125,5.195582598074203
223500.0,2654.16650390625,2654.16650390625,615.20361328125,-2038.962890625,5.19639082714318
223750.0,2950.076416015625,2950.076416015625,911.3890991210938,-2038.6873168945312,5.197215308747327
224000.0,2881.207275390625,2881.207275390625,928.3870849609375,-1952.8201904296875,5.197951685174203
224250.0,394.1887512207031,394.1887512207031,943.878662109375,549.6899108886719,5.198738240179912
224500.0,476.9149475097656,476.9149475097656,547.9073486328125,70.99240112304688,5.199465010931281
224750.0,3202.237060546875,3202.237060546875,897.236572265625,-2305.00048828125,5.200258012133414
225000.0,3248.109130859375,3248.109130859375,946.1859130859375,-2301.9232177734375,5.20101042671421
225250.0,3032.732666015625,3032.732666015625,941.8424072265625,-2090.8902587890625,5.201889576746465
225500.0,1481.3037109375,1481.3037109375,956.0529174804688,-525.2507934570312,5.202702412213623
225750.0,9.458024978637695,9.458024978637695,921.59814453125,912.1401195526123,5.203556687908908
226000.0,1850.7366943359375,1850.7366943359375,946.5504150390625,-904.186279296875,5.2044258275672455
226250.0,2889.6650390625,2889.6650390625,899.7598876953125,-1989.9051513671875,5.20530828658658
226500.0,2275.452880859375,2275.452880859375,900.94091796875,-1374.511962890625,5.206104575992426
226750.0,2341.31298828125,2341.31298828125,594.2797241210938,-1747.0332641601562,5.206934406051141
227000.0,2074.199462890625,2074.199462890625,933.8062744140625,-1140.3931884765625,5.207689310422314
227250.0,1711.252685546875,1711.252685546875,920.8558349609375,-790.3968505859375,5.208570402119034
227500.0,2357.742919921875,2357.742919921875,946.99853515625,-1410.744384765625,5.209401378939347
227750.0,1603.343017578125,1603.343017578125,834.18310546875,-769.159912109375,5.2102025118796735
228000.0,3436.91796875,3436.91796875,947.0235595703125,-2489.8944091796875,5.21099717751443
228250.0,1702.8675537109375,1702.8675537109375,965.3016357421875,-737.56591796875,5.211852058168457
228500.0,2688.83984375,2688.83984375,934.5048828125,-1754.3349609375,5.212598523200719
228750.0,1975.059326171875,1975.059326171875,936.258544921875,-1038.80078125,5.2134422903018915
229000.0,3359.981689453125,3359.981689453125,945.0283203125,-2414.953369140625,5.214279559550734
229250.0,2802.261474609375,2802.261474609375,914.43359375,-1887.827880859375,5.215092856423699
229500.0,445.1935729980469,445.1935729980469,591.1234741210938,145.92990112304688,5.215851802489783
229750.0,1743.877685546875,1743.877685546875,958.1676025390625,-785.7100830078125,5.216602603597126
230000.0,1566.351806640625,1566.351806640625,944.9095458984375,-621.4422607421875,5.188638384680172
230250.0,2034.443115234375,2034.443115234375,938.2918090820312,-1096.1513061523438,5.1894495545587676
230500.0,1283.7264404296875,1283.7264404296875,935.43359375,-348.2928466796875,5.190247607888031
230750.0,1759.8046875,1759.8046875,956.3189697265625,-803.4857177734375,5.191062505140788
231000.0,3365.965576171875,3365.965576171875,924.428466796875,-2441.537109375,5.191867290574051
231250.0,1927.6524658203125,1927.6524658203125,877.4190673828125,-1050.2333984375,5.192684991785409
231500.0,274.8835754394531,274.8835754394531,948.2958984375,673.4123229980469,5.193556222543156
231750.0,2641.516357421875,2641.516357421875,917.4957275390625,-1724.0206298828125,5.1942834938935825
232000.0,2456.4208984375,2456.4208984375,935.585205078125,-1520.835693359375,5.194937350179546
232250.0,411.7564697265625,411.7564697265625,891.60888671875,479.8524169921875,5.195734465608461
232500.0,1841.527587890625,1841.527587890625,947.9320678710938,-893.5955200195312,5.196441009991324
232750.0,1618.180908203125,1618.180908203125,952.5057983398438,-665.6751098632812,5.197304613133717
233000.0,3199.846435546875,3199.846435546875,739.7105712890625,-2460.1358642578125,5.198226822485474
233250.0,3118.59326171875,3118.59326171875,953.720703125,-2164.87255859375,5.199096848551245
233500.0,2493.7978515625,2493.7978515625,929.5961303710938,-1564.2017211914062,5.200012687725335
233750.0,1739.8536376953125,1739.8536376953125,880.6591186523438,-859.1945190429688,5.200764926225391
234000.0,1798.9305419921875,1798.9305419921875,920.1386108398438,-878.7919311523438,5.20162837337188
234250.0,1811.3409423828125,1811.3409423828125,905.736083984375,-905.6048583984375,5.2025073378202356
234500.0,2035.77099609375,2035.77099609375,851.230712890625,-1184.540283203125,5.203291538404736
234750.0,3045.13916015625,3045.13916015625,947.8680419921875,-2097.2711181640625,5.20420254421071
235000.0,3079.291015625,3079.291015625,943.17431640625,-2136.11669921875,5.205104445235914
235250.0,1254.4310302734375,1254.4310302734375,950.3465576171875,-304.08447265625,5.205942587775205
235500.0,38.171730041503906,38.171730041503906,800.8216552734375,762.6499252319336,5.206817983528689
235750.0,2303.299072265625,2303.299072265625,920.994873046875,-1382.30419921875,5.207785206650595
236000.0,1620.6529541015625,1620.6529541015625,948.741943359375,-671.9110107421875,5.208764466903792
236250.0,2688.033447265625,2688.033447265625,925.8382568359375,-1762.1951904296875,5.209707885455644
236500.0,2182.6640625,2182.6640625,957.0467529296875,-1225.6173095703125,5.210703681959498
236750.0,1938.662841796875,1938.662841796875,945.2491455078125,-993.4136962890625,5.211748144897061
237000.0,2519.24609375,2519.24609375,936.757080078125,-1582.489013671875,5.212788662654453
237250.0,2162.60400390625,2162.60400390625,916.965087890625,-1245.638916015625,5.213828437024562
237500.0,2640.58447265625,2640.58447265625,953.2954711914062,-1687.2890014648438,5.214919228641243
237750.0,1233.26220703125,1233.26220703125,953.7110595703125,-279.5511474609375,5.215984144877757
238000.0,1477.3441162109375,1477.3441162109375,958.4100341796875,-518.93408203125,5.217076036925184
238250.0,2689.431884765625,2689.431884765625,931.835693359375,-1757.59619140625,5.2181715506846515
238500.0,2702.027099609375,2702.027099609375,927.6695556640625,-1774.3575439453125,5.219254679984497
238750.0,1760.22412109375,1760.22412109375,931.8939208984375,-828.3302001953125,5.220276365439527
239000.0,1324.8675537109375,1324.8675537109375,970.0899658203125,-354.777587890625,5.2212336081219535
239250.0,2408.1708984375,2408.1708984375,941.8234252929688,-1466.3474731445312,5.222293682750618
239500.0,559.2479858398438,559.2479858398438,910.175537109375,350.92755126953125,5.223349962997114
239750.0,2319.76220703125,2319.76220703125,930.970947265625,-1388.791259765625,5.224416292647072
240000.0,1867.4169921875,1867.4169921875,940.6021118164062,-926.8148803710938,5.197586621500118
240250.0,2505.78662109375,2505.78662109375,958.0096435546875,-1547.7769775390625,5.198360858361252
240500.0,2051.936279296875,2051.936279296875,923.882080078125,-1128.05419921875,5.1991588497599635
240750.0,3549.16064453125,3549.16064453125,940.567626953125,-2608.593017578125,5.2000073314585515
241000.0,2739.28515625,2739.28515625,953.4777221679688,-1785.8074340820312,5.200795377689147
241250.0,787.7413940429688,787.7413940429688,923.3826904296875,135.64129638671875,5.20163565988566
241500.0,1580.093505859375,1580.093505859375,934.947021484375,-645.146484375,5.202367360556553
241750.0,6.345025062561035,6.345025062561035,953.6021118164062,947.2570867538452,5.203000370463407
242000.0,1144.36962890625,1144.36962890625,899.3025512695312,-245.06707763671875,5.203743422064191
242250.0,2268.5546875,2268.5546875,871.4051513671875,-1397.1495361328125,5.204533349306333
242500.0,1880.5599365234375,1880.5599365234375,950.763427734375,-929.7965087890625,5.2052298475369385
242750.0,2986.227783203125,2986.227783203125,952.0806884765625,-2034.1470947265625,5.206013018429622
243000.0,1047.78271484375,1047.78271484375,932.6962890625,-115.08642578125,5.206660429518125
243250.0,221.72999572753906,221.72999572753906,918.74462890625,697.0146331787109,5.207368439633148
243500.0,2050.506591796875,2050.506591796875,671.8851318359375,-1378.6214599609375,5.208158717400237
243750.0,1699.6485595703125,1699.6485595703125,932.1239013671875,-767.524658203125,5.208958820046903
244000.0,3356.893798828125,3356.893798828125,935.218994140625,-2421.6748046875,5.209666911105283
244250.0,129.2975311279297,129.2975311279297,834.086669921875,704.7891387939453,5.210454112958613
244500.0,2697.09521484375,2697.09521484375,949.0805053710938,-1748.0147094726562,5.211231050000104
244750.0,1991.6953125,1991.6953125,949.1475830078125,-1042.5477294921875,5.212021685588594
245000.0,2555.34521484375,2555.34521484375,934.0504150390625,-1621.2947998046875,5.212819314831385
245250.0,3094.103759765625,3094.103759765625,957.35595703125,-2136.747802734375,5.213566498196474
245500.0,783.2584228515625,783.2584228515625,948.774169921875,165.5157470703125,5.214115461823229
245750.0,2727.2744140625,2727.2744140625,943.382080078125,-1783.892333984375,5.214852581907349
246000.0,1150.5908203125,1150.5908203125,942.3555908203125,-208.2352294921875,5.215462065457803
246250.0,2414.13818359375,2414.13818359375,936.743408203125,-1477.394775390625,5.216230658535728
246500.0,2554.573486328125,2554.573486328125,936.6409912109375,-1617.9324951171875,5.217005891734996
246750.0,1098.27490234375,1098.27490234375,599.5048217773438,-498.77008056640625,5.2176095748325055
247000.0,2531.47900390625,2531.47900390625,938.40771484375,-1593.0712890625,5.218223707728758
247250.0,1312.842529296875,1312.842529296875,953.4515991210938,-359.39093017578125,5.21845325098432
247500.0,1229.975341796875,1229.975341796875,953.8770751953125,-276.0982666015625,5.218540626417292
247750.0,597.9142456054688,597.9142456054688,944.695556640625,346.78131103515625,5.218372424817626
248000.0,1775.854248046875,1775.854248046875,937.0728149414062,-838.7814331054688,5.2182520888077955
248250.0,2443.3271484375,2443.3271484375,943.4673461914062,-1499.8598022460938,5.218073271129906
248500.0,2520.64208984375,2520.64208984375,946.2606201171875,-1574.3814697265625,5.217867846043125
248750.0,2289.682861328125,2289.682861328125,959.17236328125,-1330.510498046875,5.217777430442921
249000.0,481.9326171875,481.9326171875,917.1641235351562,435.23150634765625,5.217690979839537
249250.0,1328.33740234375,1328.33740234375,758.314208984375,-570.023193359375,5.217502673602241
249500.0,893.8919677734375,893.8919677734375,930.201904296875,36.3099365234375,5.217429552626313
249750.0,1698.3663330078125,1698.3663330078125,889.5247802734375,-808.841552734375,5.217385505369972
250000.0,1184.2445068359375,1184.2445068359375,943.746826171875,-240.4976806640625,5.1861567130703525
250250.0,2542.49072265625,2542.49072265625,943.3244018554688,-1599.1663208007812,5.185859732184059
250500.0,2916.251708984375,2916.251708984375,885.9501342773438,-2030.3015747070312,5.1858476580455
250750.0,779.1529541015625,779.1529541015625,914.1966552734375,135.043701171875,5.185847814789534
251000.0,3200.66552734375,3200.66552734375,875.6664428710938,-2324.9990844726562,5.185889655430322
251250.0,3562.85595703125,3562.85595703125,941.0283813476562,-2621.8275756835938,5.185776126413816
251500.0,1770.95654296875,1770.95654296875,899.5667114257812,-871.3898315429688,5.185745818656779
251750.0,2802.319580078125,2802.319580078125,911.2938232421875,-1891.0257568359375,5.185788518272614
252000.0,394.783447265625,394.783447265625,922.31884765625,527.535400390625,5.185779362373675
252250.0,3606.076171875,3606.076171875,899.1787109375,-2706.8974609375,5.1860686844339785
252500.0,1229.6849365234375,1229.6849365234375,917.0226440429688,-312.66229248046875,5.186427068291045
252750.0,2114.822265625,2114.822265625,934.5113525390625,-1180.3109130859375,5.186638885681843
253000.0,1845.693359375,1845.693359375,966.3671264648438,-879.3262329101562,5.186763279420781
253250.0,227.5485382080078,227.5485382080078,931.7139892578125,704.1654510498047,5.18676295307046
253500.0,1551.9925537109375,1551.9925537109375,922.1993408203125,-629.793212890625,5.186933060541232
253750.0,31.489002227783203,31.489002227783203,946.380126953125,914.8911247253418,5.1868985321480094
254000.0,1281.3734130859375,1281.3734130859375,955.5628662109375,-325.810546875,5.1871346575789214
254250.0,1546.4410400390625,1546.4410400390625,722.377685546875,-824.0633544921875,5.187229986033205
254500.0,2470.803955078125,2470.803955078125,853.718505859375,-1617.08544921875,5.187729487559148
254750.0,1494.111083984375,1494.111083984375,922.5216674804688,-571.5894165039062,5.188293161703689
255000.0,589.2808227539062,589.2808227539062,938.3955078125,349.11468505859375,5.1888952015777114
255250.0,975.8480224609375,975.8480224609375,926.79638671875,-49.0516357421875,5.189561737794664
255500.0,1593.1627197265625,1593.1627197265625,926.61328125,-666.5494384765625,5.190305667733995
255750.0,4114.35009765625,4114.35009765625,942.8438720703125,-3171.5062255859375,5.191032789256057
256000.0,917.37841796875,917.37841796875,926.3671875,8.98876953125,5.191807963172256
256250.0,1561.822509765625,1561.822509765625,904.1710815429688,-657.6514282226562,5.192604284930526
256500.0,2301.345703125,2301.345703125,890.4680786132812,-1410.8776245117188,5.1933853301366995
256750.0,1261.77001953125,1261.77001953125,922.0625,-339.70751953125,5.194257540228791
257000.0,3154.271484375,3154.271484375,930.7242431640625,-2223.5472412109375,5.195143134010561
257250.0,1981.3226318359375,1981.3226318359375,926.49365234375,-1054.8289794921875,5.196097086048089
257500.0,785.493408203125,785.493408203125,814.3212890625,28.827880859375,5.1970580156376425
257750.0,2430.66845703125,2430.66845703125,904.8173828125,-1525.85107421875,5.1979944143557635
258000.0,2179.40869140625,2179.40869140625,968.55322265625,-1210.85546875,5.198941520321715
258250.0,2686.534423828125,2686.534423828125,940.1146850585938,-1746.4197387695312,5.199892476713269
258500.0,1607.9884033203125,1607.9884033203125,942.3692016601562,-665.6192016601562,5.200839172399044
258750.0,289.40966796875,289.40966796875,964.133056640625,674.723388671875,5.20178573084275
259000.0,2526.9462890625,2526.9462890625,891.8660888671875,-1635.0802001953125,5.202723175342683
259250.0,1399.947021484375,1399.947021484375,907.598876953125,-492.34814453125,5.203665683979797
259500.0,1913.592529296875,1913.592529296875,939.739501953125,-973.85302734375,5.204452429136132
259750.0,2911.9970703125,2911.9970703125,940.3086547851562,-1971.6884155273438,5.2051002138548625
260000.0,2407.84375,2407.84375,917.846435546875,-1489.997314453125,5.1804776352911714
260250.0,2173.152099609375,2173.152099609375,888.051025390625,-1285.10107421875,5.181159631711185
260500.0,1434.9351806640625,1434.9351806640625,677.6625366210938,-757.2726440429688,5.181757217113808
260750.0,1798.244873046875,1798.244873046875,940.5264892578125,-857.7183837890625,5.182510490570224
261000.0,2592.922119140625,2592.922119140625,944.2135009765625,-1648.7086181640625,5.183266900657678
261250.0,2611.435546875,2611.435546875,946.4120483398438,-1665.0234985351562,5.184023188218247
261500.0,2127.3154296875,2127.3154296875,940.1095581054688,-1187.2058715820312,5.184791096510672
261750.0,2332.85107421875,2332.85107421875,936.134765625,-1396.71630859375,5.185562396443138
262000.0,3350.40380859375,3350.40380859375,937.2379150390625,-2413.1658935546875,5.186292284075331
262250.0,2396.9208984375,2396.9208984375,889.7390747070312,-1507.1818237304688,5.18673498425085
262500.0,2589.3671875,2589.3671875,948.8286743164062,-1640.5385131835938,5.186943123770526
262750.0,1712.704833984375,1712.704833984375,964.4471435546875,-748.2576904296875,5.187692480920429
263000.0,2908.01611328125,2908.01611328125,920.9750366210938,-1987.0410766601562,5.188443353522685
263250.0,1374.783447265625,1374.783447265625,922.0342407226562,-452.74920654296875,5.189191258510179
263500.0,2267.800048828125,2267.800048828125,960.1856079101562,-1307.6144409179688,5.189950215591029
263750.0,1091.328369140625,1091.328369140625,952.8837890625,-138.444580078125,5.190694017341381
264000.0,2726.15771484375,2726.15771484375,925.24951171875,-1800.908203125,5.191442134630714
264250.0,2470.39404296875,2470.39404296875,939.0640869140625,-1531.3299560546875,5.192184247599807
264500.0,2064.87353515625,2064.87353515625,939.7418823242188,-1125.1316528320312,5.1927972250999
264750.0,1240.6513671875,1240.6513671875,951.2937622070312,-289.35760498046875,5.1935295552730105
265000.0,2700.897705078125,2700.897705078125,908.127685546875,-1792.77001953125,5.194212394745261
265250.0,2324.767578125,2324.767578125,978.486572265625,-1346.281005859375,5.194953467742855
265500.0,1696.84521484375,1696.84521484375,960.9544067382812,-735.8908081054688,5.195645903278818
265750.0,2582.630615234375,2582.630615234375,971.831298828125,-1610.79931640625,5.195981261009753
266000.0,1182.546875,1182.546875,961.2620239257812,-221.28485107421875,5.1955894445181885
266250.0,2105.73046875,2105.73046875,943.7236938476562,-1162.0067749023438,5.19518648780135
266500.0,1086.80224609375,1086.80224609375,942.9993896484375,-143.8028564453125,5.1948175051924235
266750.0,1516.0128173828125,1516.0128173828125,954.2012939453125,-561.8115234375,5.1951755654845675
267000.0,837.0643310546875,837.0643310546875,925.7794799804688,88.71514892578125,5.195921238081362
267250.0,1220.626708984375,1220.626708984375,922.9595336914062,-297.66717529296875,5.196567288347155
267500.0,630.2716064453125,630.2716064453125,941.2098388671875,310.938232421875,5.197312191735358
267750.0,1739.60302734375,1739.60302734375,951.4234619140625,-788.1795654296875,5.197978904579965
268000.0,2562.1103515625,2562.1103515625,957.5331420898438,-1604.5772094726562,5.198223016390579
268250.0,2190.5791015625,2190.5791015625,871.4302978515625,-1319.1488037109375,5.198930793692922
268500.0,2008.8018798828125,2008.8018798828125,948.8494873046875,-1059.952392578125,5.19967851132084
268750.0,423.3359069824219,423.3359069824219,591.3018798828125,167.96597290039062,5.200337752210806
269000.0,2472.22119140625,2472.22119140625,951.6516723632812,-1520.5695190429688,5.201029988952588
269250.0,2431.0302734375,2431.0302734375,947.8734130859375,-1483.1568603515625,5.201673111972305
269500.0,2199.561767578125,2199.561767578125,967.1903686523438,-1232.3713989257812,5.202286441100637
269750.0,3418.95361328125,3418.95361328125,955.3638916015625,-2463.5897216796875,5.202991699111759
270000.0,2906.268798828125,2906.268798828125,915.885986328125,-1990.3828125,5.178781720096719
270250.0,2338.78955078125,2338.78955078125,950.56689453125,-1388.22265625,5.179480761419762
270500.0,2778.9892578125,2778.9892578125,959.5540161132812,-1819.4352416992188,5.1801230587419695
270750.0,1986.266357421875,1986.266357421875,946.8128051757812,-1039.4535522460938,5.180775163717146
271000.0,2547.09619140625,2547.09619140625,936.6358642578125,-1610.4603271484375,5.181493463777017
271250.0,2700.224609375,2700.224609375,958.6646728515625,-1741.5599365234375,5.182205009548376
271500.0,2609.56298828125,2609.56298828125,959.009765625,-1650.55322265625,5.182859285384863
271750.0,462.5506896972656,462.5506896972656,916.2005615234375,453.6498718261719,5.183583580298994
272000.0,2373.69384765625,2373.69384765625,952.6510009765625,-1421.0428466796875,5.184284397616085
272250.0,11.320435523986816,11.320435523986816,770.21630859375,758.8958730697632,5.185019607515665
272500.0,1691.283203125,1691.283203125,974.2840576171875,-716.9991455078125,5.185749866842378
272750.0,1126.8480224609375,1126.8480224609375,936.983154296875,-189.8648681640625,5.186383568969078
273000.0,819.3283081054688,819.3283081054688,947.8969116210938,128.568603515625,5.187203922122383
273250.0,1930.2730712890625,1930.2730712890625,912.9251708984375,-1017.347900390625,5.187927981332359
273500.0,1950.8126220703125,1950.8126220703125,936.3743896484375,-1014.438232421875,5.1886969603739965
273750.0,3561.64013671875,3561.64013671875,939.4812622070312,-2622.1588745117188,5.189408738131404
274000.0,1801.078857421875,1801.078857421875,931.9146728515625,-869.1641845703125,5.190296751138137
274250.0,3070.0458984375,3070.0458984375,920.0465087890625,-2149.9993896484375,5.191036166315645
274500.0,159.70106506347656,159.70106506347656,883.634033203125,723.9329681396484,5.1918683273051185
274750.0,2717.54638671875,2717.54638671875,895.2954711914062,-1822.2509155273438,5.192578631189302
275000.0,624.4710693359375,624.4710693359375,936.2261352539062,311.75506591796875,5.193350719559334
275250.0,1751.844482421875,1751.844482421875,939.7572631835938,-812.0872192382812,5.194298806329952
275500.0,1439.490234375,1439.490234375,954.8502807617188,-484.63995361328125,5.195249136229423
275750.0,3178.87841796875,3178.87841796875,937.6922607421875,-2241.1861572265625,5.19620177908924
276000.0,2519.291259765625,2519.291259765625,956.9122314453125,-1562.3790283203125,5.1971531882888
276250.0,2222.232421875,2222.232421875,962.3271484375,-1259.9052734375,5.198105594919187
276500.0,1309.21728515625,1309.21728515625,949.598388671875,-359.618896484375,5.19901504776235
276750.0,1610.6064453125,1610.6064453125,942.687744140625,-667.918701171875,5.1999564160232365
277000.0,3354.281494140625,3354.281494140625,964.4569091796875,-2389.8245849609375,5.200905415971663
277250.0,2233.10791015625,2233.10791015625,955.2020874023438,-1277.9058227539062,5.201685466046266
277500.0,2634.303466796875,2634.303466796875,940.9920654296875,-1693.3114013671875,5.202283858887354
277750.0,1596.984619140625,1596.984619140625,922.3734741210938,-674.6111450195312,5.202953063427263
278000.0,1589.0758056640625,1589.0758056640625,889.392333984375,-699.6834716796875,5.203629078644797
278250.0,2654.159423828125,2654.159423828125,807.1177368164062,-1847.0416870117188,5.204302149368895
278500.0,3164.425048828125,3164.425048828125,955.376708984375,-2209.04833984375,5.2049523489503144
278750.0,1901.4609375,1901.4609375,921.2598876953125,-980.2010498046875,5.205608033948846
279000.0,1915.498046875,1915.498046875,936.9080810546875,-978.5899658203125,5.206280316216133
279250.0,1098.115234375,1098.115234375,950.3052978515625,-147.8099365234375,5.206968768895563
279500.0,1833.03076171875,1833.03076171875,960.10498046875,-872.92578125,5.207622778957598
279750.0,1741.4012451171875,1741.4012451171875,923.588623046875,-817.8126220703125,5.20824260353315
280000.0,3713.96728515625,3713.96728515625,948.3365478515625,-2765.6307373046875,5.185304232401457
280250.0,1595.6474609375,1595.6474609375,954.266357421875,-641.381103515625,5.185936000521322
280500.0,868.8696899414062,868.8696899414062,936.3132934570312,67.443603515625,5.186659589558607
280750.0,2368.833740234375,2368.833740234375,924.8958129882812,-1443.9379272460938,5.187371032095139
281000.0,2034.383056640625,2034.383056640625,895.585693359375,-1138.79736328125,5.188085193389119
281250.0,1554.6707763671875,1554.6707763671875,897.147216796875,-657.5235595703125,5.188760293076168
281500.0,1406.214599609375,1406.214599609375,953.9422607421875,-452.2723388671875,5.189476322950565
281750.0,1445.586181640625,1445.586181640625,957.4010009765625,-488.1851806640625,5.190146085466642
282000.0,2033.215576171875,2033.215576171875,904.1466674804688,-1129.0689086914062,5.19079886220403
282250.0,2097.87744140625,2097.87744140625,965.43408203125,-1132.443359375,5.191468058833356
282500.0,2534.1826171875,2534.1826171875,959.8582763671875,-1574.3243408203125,5.192126992511891
282750.0,2145.840087890625,2145.840087890625,939.8955688476562,-1205.9445190429688,5.192838795744518
283000.0,2154.5791015625,2154.5791015625,832.4320678710938,-1322.1470336914062,5.193537552715354
283250.0,1661.6270751953125,1661.6270751953125,945.0293579101562,-716.5977172851562,5.194241115467031
283500.0,2519.55810546875,2519.55810546875,946.59912109375,-1572.958984375,5.194935512670838
283750.0,1201.6475830078125,1201.6475830078125,941.71435546875,-259.9332275390625,5.195631992003603
284000.0,2205.428955078125,2205.428955078125,971.0521240234375,-1234.3768310546875,5.196231669724102
284250.0,2398.017578125,2398.017578125,959.8672485351562,-1438.1503295898438,5.196925154144522
284500.0,877.572998046875,877.572998046875,939.1666259765625,61.5936279296875,5.1975301396671
284750.0,550.056396484375,550.056396484375,974.8292236328125,424.7728271484375,5.198173818619824
285000.0,2390.031494140625,2390.031494140625,971.0987548828125,-1418.9327392578125,5.198900778368905
285250.0,2222.75244140625,2222.75244140625,907.23681640625,-1315.515625,5.199620783573643
285500.0,1123.805419921875,1123.805419921875,953.1378173828125,-170.6676025390625,5.200324279763317
285750.0,2659.04541015625,2659.04541015625,876.0823974609375,-1782.9630126953125,5.201030690412719
286000.0,2557.802734375,2557.802734375,991.04541015625,-1566.75732421875,5.2017202271368275
286250.0,951.6873779296875,951.6873779296875,943.4765014648438,-8.21087646484375,5.202346854495028
286500.0,2296.526123046875,2296.526123046875,926.7718505859375,-1369.7542724609375,5.203001794847774
286750.0,1563.65087890625,1563.65087890625,902.5716552734375,-661.0792236328125,5.203531544988969
287000.0,2364.994140625,2364.994140625,968.1244506835938,-1396.8696899414062,5.2042020652296666
287250.0,1437.68798828125,1437.68798828125,955.9635009765625,-481.7244873046875,5.204903895038105
287500.0,3068.818115234375,3068.818115234375,946.2215576171875,-2122.5965576171875,5.205568707774284
287750.0,2066.30810546875,2066.30810546875,940.2237548828125,-1126.0843505859375,5.206244507138361
288000.0,2225.336669921875,2225.336669921875,961.2739868164062,-1264.0626831054688,5.206923616986275
288250.0,3131.518798828125,3131.518798828125,956.2753295898438,-2175.2434692382812,5.207617230004128
288500.0,2263.9130859375,2263.9130859375,977.33203125,-1286.5810546875,5.208307749886195
288750.0,366.5791931152344,366.5791931152344,941.1142578125,574.5350646972656,5.209007960489075
289000.0,2078.066162109375,2078.066162109375,925.791748046875,-1152.2744140625,5.209705843316364
289250.0,2603.532958984375,2603.532958984375,884.6752319335938,-1718.8577270507812,5.21025569300103
289500.0,1736.561279296875,1736.561279296875,923.36083984375,-813.200439453125,5.211047125135318
289750.0,2820.900390625,2820.900390625,959.5844116210938,-1861.3159790039062,5.211915803735622
290000.0,2861.864990234375,2861.864990234375,936.5714111328125,-1925.2935791015625,5.190716832988752
290250.0,219.2003173828125,219.2003173828125,961.8578491210938,742.6575317382812,5.1916036336676905
290500.0,2034.3154296875,2034.3154296875,897.60107421875,-1136.71435546875,5.192485441270511
290750.0,2744.39111328125,2744.39111328125,937.639892578125,-1806.751220703125,5.193358841728603
291000.0,1429.8465576171875,1429.8465576171875,927.073486328125,-502.7730712890625,5.1942357329793225
291250.0,1190.1695556640625,1190.1695556640625,952.8904418945312,-237.27911376953125,5.195110450045743
291500.0,2925.5,2925.5,974.0382080078125,-1951.4617919921875,5.195945090473865
291750.0,1110.8330078125,1110.8330078125,959.1541748046875,-151.6788330078125,5.196844763225857
292000.0,141.65252685546875,141.65252685546875,953.3199462890625,811.6674194335938,5.197737856141962
292250.0,115.93440246582031,115.93440246582031,927.3143310546875,811.3799285888672,5.198630677205387
292500.0,2180.07470703125,2180.07470703125,961.5677490234375,-1218.5069580078125,5.19951778973629
292750.0,2335.5478515625,2335.5478515625,980.8983764648438,-1354.6494750976562,5.200382084424335
293000.0,1941.568115234375,1941.568115234375,936.330322265625,-1005.23779296875,5.201269987726385
293250.0,928.6714477539062,928.6714477539062,913.632080078125,-15.03936767578125,5.202139909007362
293500.0,2416.3017578125,2416.3017578125,951.784423828125,-1464.517333984375,5.203024748437228
293750.0,1174.3193359375,1174.3193359375,945.9818115234375,-228.3375244140625,5.2039127194786285
294000.0,2538.69482421875,2538.69482421875,970.780029296875,-1567.914794921875,5.204813291917788
294250.0,2494.68017578125,2494.68017578125,954.0631103515625,-1540.6170654296875,5.205708447519595
294500.0,2069.30908203125,2069.30908203125,967.8043212890625,-1101.5047607421875,5.206604569110066
294750.0,2552.65771484375,2552.65771484375,948.1773681640625,-1604.4803466796875,5.207497658659973
295000.0,2351.268798828125,2351.268798828125,940.188720703125,-1411.080078125,5.208183825383491
295250.0,1623.6964111328125,1623.6964111328125,960.3472900390625,-663.34912109375,5.208866954829828
295500.0,1019.3558349609375,1019.3558349609375,952.3544921875,-67.0013427734375,5.20951611785524
295750.0,560.8011474609375,560.8011474609375,941.1964111328125,380.395263671875,5.210201124240292
296000.0,1937.94482421875,1937.94482421875,950.4592895507812,-987.4855346679688,5.210881629291175
296250.0,2049.7490234375,2049.7490234375,959.5646362304688,-1090.1843872070312,5.211558600495316
296500.0,2599.34619140625,2599.34619140625,970.6357421875,-1628.71044921875,5.2122456347215085
296750.0,1674.9833984375,1674.9833984375,950.5375366210938,-724.4458618164062,5.212938290436159
297000.0,1478.2548828125,1478.2548828125,935.70947265625,-542.54541015625,5.213619910960285
297250.0,2845.885498046875,2845.885498046875,925.26318359375,-1920.622314453125,5.214284795631746
297500.0,3565.022705078125,3565.022705078125,940.154296875,-2624.868408203125,5.214857204581411
297750.0,2090.107177734375,2090.107177734375,957.6951904296875,-1132.4119873046875,5.2154808708576335
298000.0,2943.4814453125,2943.4814453125,946.976318359375,-1996.505126953125,5.216058430438894
298250.0,1386.30029296875,1386.30029296875,902.6981811523438,-483.60211181640625,5.216670076084284
298500.0,1815.913818359375,1815.913818359375,946.2964477539062,-869.6173706054688,5.217272133232735
298750.0,2301.230224609375,2301.230224609375,950.6451416015625,-1350.5850830078125,5.21789543167361
299000.0,1471.1029052734375,1471.1029052734375,951.559814453125,-519.5430908203125,5.217573205879217
299250.0,3061.224609375,3061.224609375,955.867919921875,-2105.356689453125,5.217865074892
299500.0,1587.8551025390625,1587.8551025390625,937.6682739257812,-650.1868286132812,5.218515433745489
299750.0,2447.8623046875,2447.8623046875,942.1783447265625,-1505.6839599609375,5.21888938029438
300000.0,2198.2880859375,2198.2880859375,914.6873779296875,-1283.6007080078125,5.197298161680892
300250.0,2183.0146484375,2183.0146484375,879.3763427734375,-1303.6383056640625,5.197965401129064
300500.0,638.8827514648438,638.8827514648438,950.8323974609375,311.94964599609375,5.1986442048326715
300750.0,2139.0986328125,2139.0986328125,917.6590576171875,-1221.4395751953125,5.1993208584227215
301000.0,2096.82666015625,2096.82666015625,932.7830200195312,-1164.0436401367188,5.199907308970513
301250.0,2500.88232421875,2500.88232421875,909.5731201171875,-1591.3092041015625,5.200532162026828
301500.0,2640.8505859375,2640.8505859375,969.602294921875,-1671.248291015625,5.201138846907966
301750.0,2030.9456787109375,2030.9456787109375,934.8619384765625,-1096.083740234375,5.20178297621318
302000.0,2559.423583984375,2559.423583984375,845.1038208007812,-1714.3197631835938,5.202435761609149
302250.0,270.8304748535156,270.8304748535156,950.5780029296875,679.7475280761719,5.203046856997858
302500.0,2075.094482421875,2075.094482421875,871.8386840820312,-1203.2557983398438,5.203697726731305
302750.0,1554.685302734375,1554.685302734375,889.7147216796875,-664.9705810546875,5.204311889531715
303000.0,945.5956420898438,945.5956420898438,947.4166870117188,1.821044921875,5.204966198504516
303250.0,3209.30859375,3209.30859375,953.8165893554688,-2255.4920043945312,5.20561367772506
303500.0,2257.124267578125,2257.124267578125,862.9300537109375,-1394.1942138671875,5.206264119897815
303750.0,2315.518310546875,2315.518310546875,926.5101318359375,-1389.0081787109375,5.206837561200099
304000.0,1943.405517578125,1943.405517578125,943.659912109375,-999.74560546875,5.207369157604197
304250.0,2586.4580078125,2586.4580078125,935.9761962890625,-1650.4818115234375,5.207982235552694
304500.0,2178.2373046875,2178.2373046875,958.22509765625,-1220.01220703125,5.208640083469861
304750.0,3737.9892578125,3737.9892578125,939.26025390625,-2798.72900390625,5.209273550888203
305000.0,3768.733642578125,3768.733642578125,991.4517822265625,-2777.2818603515625,5.209874378641138
305250.0,2959.145263671875,2959.145263671875,915.03173828125,-2044.113525390625,5.210553304671165
305500.0,2380.044677734375,2380.044677734375,956.5209350585938,-1423.5237426757812,5.211346243777255
305750.0,241.31517028808594,241.31517028808594,952.3890380859375,711.0738677978516,5.211962121925649
306000.0,2150.98974609375,2150.98974609375,904.6556396484375,-1246.3341064453125,5.212653408527124
306250.0,3744.59521484375,3744.59521484375,925.9627075195312,-2818.6325073242188,5.213377509695437
306500.0,1864.2291259765625,1864.2291259765625,951.7098999023438,-912.5192260742188,5.214087234656696
306750.0,2284.07373046875,2284.07373046875,942.1416015625,-1341.93212890625,5.21474085645925
307000.0,621.768798828125,621.768798828125,938.6749267578125,316.9061279296875,5.215259506681145
307250.0,2440.466064453125,2440.466064453125,959.7740478515625,-1480.6920166015625,5.2154020190028545
307500.0,2569.54638671875,2569.54638671875,930.9429931640625,-1638.6033935546875,5.216124694925959
307750.0,325.9334716796875,325.9334716796875,951.3045654296875,625.37109375,5.216743382048749
308000.0,2095.653076171875,2095.653076171875,947.935546875,-1147.717529296875,5.217460700631674
308250.0,3755.271728515625,3755.271728515625,993.1730346679688,-2762.0986938476562,5.2175296317287865
308500.0,3646.09375,3646.09375,961.3233032226562,-2684.7704467773438,5.217269554770041
308750.0,2033.351806640625,2033.351806640625,960.7528076171875,-1072.5989990234375,5.217006532497816
309000.0,4117.38720703125,4117.38720703125,973.61962890625,-3143.767578125,5.217007906573743
309250.0,654.7305908203125,654.7305908203125,967.5519409179688,312.82135009765625,5.217719793920471
309500.0,420.2589111328125,420.2589111328125,948.7662963867188,528.5073852539062,5.2184067935477465
309750.0,3103.178466796875,3103.178466796875,929.68115234375,-2173.497314453125,5.219018565274905
310000.0,2444.008056640625,2444.008056640625,949.0341186523438,-1494.9739379882812,5.198657553365189
310250.0,3138.37109375,3138.37109375,958.3275146484375,-2180.0435791015625,5.199294313673673
310500.0,2331.01708984375,2331.01708984375,959.1912841796875,-1371.8258056640625,5.199748025591394
310750.0,2053.494140625,2053.494140625,944.6665649414062,-1108.8275756835938,5.2003780468319
311000.0,1406.951904296875,1406.951904296875,951.5528564453125,-455.3990478515625,5.200998999186402
311250.0,1726.9051513671875,1726.9051513671875,895.37451171875,-831.5306396484375,5.201619971231478
311500.0,2258.365234375,2258.365234375,891.1756591796875,-1367.1895751953125,5.2022519344058695
311750.0,3109.340087890625,3109.340087890625,944.687255859375,-2164.65283203125,5.202886565701518
312000.0,453.791015625,453.791015625,938.1505126953125,484.3594970703125,5.203379612263388
312250.0,1822.6920166015625,1822.6920166015625,941.042236328125,-881.6497802734375,5.203977420468909
312500.0,306.9382629394531,306.9382629394531,835.7430419921875,528.8047790527344,5.204629695132858
312750.0,2487.33203125,2487.33203125,954.2605590820312,-1533.0714721679688,5.205229979654687
313000.0,1246.726318359375,1246.726318359375,904.6177978515625,-342.1085205078125,5.2058442652011125
313250.0,1011.51806640625,1011.51806640625,980.0311279296875,-31.4869384765625,5.206427362720572
313500.0,1638.39501953125,1638.39501953125,969.8521728515625,-668.5428466796875,5.207040495788946
313750.0,2907.12939453125,2907.12939453125,958.056396484375,-1949.072998046875,5.207623945255095
314000.0,3380.318115234375,3380.318115234375,901.2994995117188,-2479.0186157226562,5.208245399787837
314250.0,2998.896484375,2998.896484375,905.7340698242188,-2093.1624145507812,5.208803853813961
314500.0,2390.39794921875,2390.39794921875,955.8533935546875,-1434.5445556640625,5.209388250853915
314750.0,3282.159423828125,3282.159423828125,947.4908447265625,-2334.6685791015625,5.2099726968750995
315000.0,2080.60205078125,2080.60205078125,889.618896484375,-1190.983154296875,5.210597975053298
315250.0,1583.861572265625,1583.861572265625,953.595458984375,-630.26611328125,5.211207986686817
315500.0,2454.870361328125,2454.870361328125,936.4390869140625,-1518.4312744140625,5.21184537435243
315750.0,148.11996459960938,148.11996459960938,955.9984741210938,807.8785095214844,5.212454782000849
316000.0,2326.30322265625,2326.30322265625,889.8148193359375,-1436.4884033203125,5.2130700993332
316250.0,3081.3623046875,3081.3623046875,948.851318359375,-2132.510986328125,5.213675298267411
316500.0,372.51397705078125,372.51397705078125,962.7821044921875,590.2681274414062,5.214239381057527
316750.0,2981.24951171875,2981.24951171875,959.6141967773438,-2021.6353149414062,5.214821570735517
317000.0,2115.94482421875,2115.94482421875,954.7854614257812,-1161.1593627929688,5.215406975256841
317250.0,2041.5380859375,2041.5380859375,946.278564453125,-1095.259521484375,5.215975503288498
317500.0,2540.136474609375,2540.136474609375,964.1568603515625,-1575.9796142578125,5.216617101950083
317750.0,2447.82861328125,2447.82861328125,928.1742553710938,-1519.6543579101562,5.217237066183905
318000.0,2367.79931640625,2367.79931640625,918.3756103515625,-1449.4237060546875,5.217871732305751
318250.0,1984.134033203125,1984.134033203125,959.0965576171875,-1025.0374755859375,5.218474319139118
318500.0,3673.438232421875,3673.438232421875,961.5972290039062,-2711.8410034179688,5.219090624070728
318750.0,2082.07958984375,2082.07958984375,971.7661743164062,-1110.3134155273438,5.219713511447623
319000.0,135.6546630859375,135.6546630859375,943.9688720703125,808.314208984375,5.220340016036639
319250.0,2161.89013671875,2161.89013671875,948.7271728515625,-1213.1629638671875,5.220120775217955
319500.0,2778.231201171875,2778.231201171875,938.1273193359375,-1840.1038818359375,5.220580028824773
319750.0,2933.1162109375,2933.1162109375,944.259521484375,-1988.856689453125,5.221156937620529
320000.0,2523.169189453125,2523.169189453125,955.5322875976562,-1567.6369018554688,5.200732620532412
320250.0,2131.518798828125,2131.518798828125,981.248046875,-1150.270751953125,5.2013295504906525
320500.0,3110.1630859375,3110.1630859375,938.0906982421875,-2172.0723876953125,5.201876939535627
320750.0,1091.458984375,1091.458984375,947.4518432617188,-144.00714111328125,5.202466412446763
321000.0,2771.481201171875,2771.481201171875,947.906494140625,-1823.57470703125,5.203053876711172
321250.0,1965.57275390625,1965.57275390625,944.1862182617188,-1021.3865356445312,5.203725134977896
321500.0,2216.6259765625,2216.6259765625,960.0955200195312,-1256.5304565429688,5.204421791580167
321750.0,2768.21337890625,2768.21337890625,928.2274169921875,-1839.9859619140625,5.205135916896363
322000.0,3029.97998046875,3029.97998046875,967.969970703125,-2062.010009765625,5.205762101743181
322250.0,2487.74853515625,2487.74853515625,953.2071533203125,-1534.5413818359375,5.206398698181594
322500.0,2384.6513671875,2384.6513671875,953.8145141601562,-1430.8368530273438,5.207121715935052
322750.0,2962.1640625,2962.1640625,936.5584716796875,-2025.6055908203125,5.207761199963209
323000.0,2450.799072265625,2450.799072265625,956.0862426757812,-1494.7128295898438,5.208530167864791
323250.0,2593.529296875,2593.529296875,901.155029296875,-1692.374267578125,5.209276014853331
323500.0,1611.848388671875,1611.848388671875,977.835693359375,-634.0126953125,5.210000545942936
323750.0,2663.146240234375,2663.146240234375,947.418212890625,-1715.72802734375,5.210765836168276
324000.0,2868.0576171875,2868.0576171875,963.4981689453125,-1904.5594482421875,5.211526955783335
324250.0,1815.6087646484375,1815.6087646484375,932.6542358398438,-882.9545288085938,5.212289058676163
324500.0,2091.543212890625,2091.543212890625,890.0,-1201.543212890625,5.213050227555204
324750.0,2968.410888671875,2968.410888671875,880.9134521484375,-2087.4974365234375,5.213812150687738
325000.0,2282.000244140625,2282.000244140625,928.7896728515625,-1353.2105712890625,5.214405951772913
325250.0,4337.69189453125,4337.69189453125,941.661376953125,-3396.030517578125,5.2149660973288725
325500.0,922.4243774414062,922.4243774414062,959.0438842773438,36.6195068359375,5.215561677258904
325750.0,1923.21875,1923.21875,968.672119140625,-954.546630859375,5.2161652713922315
326000.0,1658.634033203125,1658.634033203125,635.7173461914062,-1022.9166870117188,5.216777956012677
326250.0,3058.600830078125,3058.600830078125,934.9659423828125,-2123.6348876953125,5.217391245504859
326500.0,2350.3291015625,2350.3291015625,956.949951171875,-1393.379150390625,5.217999599156732
326750.0,1418.8599853515625,1418.8599853515625,953.9081420898438,-464.95184326171875,5.218601074491502
327000.0,1525.0054931640625,1525.0054931640625,923.5390014648438,-601.4664916992188,5.219185558124276
327250.0,2091.70703125,2091.70703125,974.6055908203125,-1117.1014404296875,5.219655619844223
327500.0,3308.684814453125,3308.684814453125,947.6082763671875,-2361.0765380859375,5.220226137375462
327750.0,1735.9058837890625,1735.9058837890625,903.6329345703125,-832.27294921875,5.220795068325842
328000.0,2697.974365234375,2697.974365234375,786.7057495117188,-1911.2686157226562,5.221361822611806
328250.0,2193.695556640625,2193.695556640625,961.3387451171875,-1232.3568115234375,5.221930985799433
328500.0,2378.979736328125,2378.979736328125,968.7312622070312,-1410.2484741210938,5.222477460696445
328750.0,524.5791015625,524.5791015625,933.5810546875,409.001953125,5.223048727429777
329000.0,2300.302490234375,2300.302490234375,946.406005859375,-1353.896484375,5.22361356668896
329250.0,2418.66650390625,2418.66650390625,959.09814453125,-1459.568359375,5.2241344409052015
329500.0,24.074399948120117,24.074399948120117,944.1030883789062,920.0286884307861,5.224681870460323
329750.0,3419.928466796875,3419.928466796875,944.8419799804688,-2475.0864868164062,5.225286331695374
330000.0,770.3629150390625,770.3629150390625,935.8275756835938,165.46466064453125,5.205570965778492
330250.0,1501.050048828125,1501.050048828125,952.2344970703125,-548.8155517578125,5.205989473298133
330500.0,667.7081909179688,667.7081909179688,952.9156494140625,285.20745849609375,5.206546800167154
330750.0,2901.3916015625,2901.3916015625,949.4969482421875,-1951.8946533203125,5.207090786763862
331000.0,3793.02978515625,3793.02978515625,989.9478149414062,-2803.0819702148438,5.207671176033629
331250.0,1783.723388671875,1783.723388671875,886.961669921875,-896.76171875,5.208241492879754
331500.0,4145.69677734375,4145.69677734375,965.2738037109375,-3180.4229736328125,5.208840620351637
331750.0,3471.2900390625,3471.2900390625,589.3245239257812,-2881.9655151367188,5.209420824579277
332000.0,1119.4326171875,1119.4326171875,968.4036865234375,-151.0289306640625,5.210024434512335
332250.0,1876.7470703125,1876.7470703125,930.56201171875,-946.18505859375,5.2106190113857425
332500.0,2838.356201171875,2838.356201171875,912.5328979492188,-1925.8233032226562,5.211121683417662
332750.0,2044.69677734375,2044.69677734375,963.7634887695312,-1080.9332885742188,5.211724838097831
333000.0,2911.482177734375,2911.482177734375,956.55615234375,-1954.926025390625,5.212268861099036
333250.0,3780.3349609375,3780.3349609375,941.2889404296875,-2839.0460205078125,5.212781800262765
333500.0,1481.372802734375,1481.372802734375,948.38818359375,-532.984619140625,5.213352015540731
333750.0,3013.509765625,3013.509765625,957.12744140625,-2056.38232421875,5.213904358872573
334000.0,3052.60498046875,3052.60498046875,970.6847534179688,-2081.9202270507812,5.214588838877114
334250.0,2997.58203125,2997.58203125,950.264892578125,-2047.317138671875,5.214806842845469
334500.0,2453.72119140625,2453.72119140625,964.912841796875,-1488.808349609375,5.214581674156512
334750.0,3202.708251953125,3202.708251953125,980.9060668945312,-2221.8021850585938,5.214368566428823
335000.0,2565.938232421875,2565.938232421875,959.7175903320312,-1606.2206420898438,5.214706928072894
335250.0,2715.01416015625,2715.01416015625,966.8342895507812,-1748.1798706054688,5.215308201507178
335500.0,1714.1114501953125,1714.1114501953125,914.2074584960938,-799.9039916992188,5.215909180485952
335750.0,1760.977783203125,1760.977783203125,978.220703125,-782.757080078125,5.216481722407959
336000.0,2947.197998046875,2947.197998046875,957.611328125,-1989.586669921875,5.217062786595482
336250.0,2259.9599609375,2259.9599609375,990.8369750976562,-1269.1229858398438,5.217654784484767
336500.0,325.6479797363281,325.6479797363281,942.54052734375,616.8925476074219,5.218227310759804
336750.0,1448.49365234375,1448.49365234375,949.6455688476562,-498.84808349609375,5.218875859619197
337000.0,1545.7459716796875,1545.7459716796875,942.71044921875,-603.0355224609375,5.219539256241967
337250.0,3039.876220703125,3039.876220703125,1011.2335205078125,-2028.6427001953125,5.220181217522491
337500.0,1903.774658203125,1903.774658203125,990.9720458984375,-912.8026123046875,5.220842404647618
337750.0,1941.226806640625,1941.226806640625,972.8577880859375,-968.3690185546875,5.2214699009733
338000.0,1175.9906005859375,1175.9906005859375,936.0775146484375,-239.9130859375,5.22201780676799
338250.0,2777.8369140625,2777.8369140625,960.891845703125,-1816.945068359375,5.222609149318266
338500.0,2262.24169921875,2262.24169921875,969.6491088867188,-1292.5925903320312,5.223204779007762
338750.0,2146.336669921875,2146.336669921875,970.507568359375,-1175.8291015625,5.223769669071596
339000.0,1881.8997802734375,1881.8997802734375,946.3119506835938,-935.5878295898438,5.224367220198092
339250.0,2414.8017578125,2414.8017578125,976.8623657226562,-1437.9393920898438,5.22491887274937
339500.0,2170.95458984375,2170.95458984375,954.09619140625,-1216.8583984375,5.225664797618886
339750.0,2674.586669921875,2674.586669921875,895.69921875,-1778.887451171875,5.226413134809752
340000.0,1574.5526123046875,1574.5526123046875,908.615478515625,-665.9371337890625,5.208302815901304
340250.0,1669.3582763671875,1669.3582763671875,978.587646484375,-690.7706298828125,5.209024217652782
340500.0,1594.91796875,1594.91796875,970.5956420898438,-624.3223266601562,5.209740705399993
340750.0,3676.921875,3676.921875,1004.1573486328125,-2672.7645263671875,5.210435536753637
341000.0,2293.8701171875,2293.8701171875,872.2484130859375,-1421.6217041015625,5.211152102299983
341250.0,2237.64404296875,2237.64404296875,995.158203125,-1242.48583984375,5.211859396981295
341500.0,2573.322998046875,2573.322998046875,958.614990234375,-1614.7080078125,5.212597419982241
341750.0,2661.819580078125,2661.819580078125,944.291015625,-1717.528564453125,5.213302722122518
342000.0,1946.5115966796875,1946.5115966796875,983.20703125,-963.3045654296875,5.213807812875891
342250.0,2445.191162109375,2445.191162109375,977.2662963867188,-1467.9248657226562,5.214349499564076
342500.0,3658.170166015625,3658.170166015625,972.321533203125,-2685.8486328125,5.214916100785368
342750.0,2177.071533203125,2177.071533203125,977.7056274414062,-1199.3659057617188,5.215426233663051
343000.0,2401.4150390625,2401.4150390625,968.3641967773438,-1433.0508422851562,5.216008298940769
343250.0,2929.610595703125,2929.610595703125,1005.2376708984375,-1924.3729248046875,5.216592806227519
343500.0,2658.879150390625,2658.879150390625,1009.4647216796875,-1649.4144287109375,5.217180138533322
343750.0,1716.5535888671875,1716.5535888671875,931.76025390625,-784.7933349609375,5.217755956578568
344000.0,1456.329833984375,1456.329833984375,950.3978881835938,-505.93194580078125,5.218304449011146
344250.0,2087.446044921875,2087.446044921875,979.7693481445312,-1107.6766967773438,5.2188533327749775
344500.0,2070.229736328125,2070.229736328125,504.49713134765625,-1565.7326049804688,5.219323085445285
344750.0,4226.484375,4226.484375,931.2219848632812,-3295.2623901367188,5.219856125644195
345000.0,128.7085418701172,128.7085418701172,1022.3641357421875,893.6555938720703,5.220324054202834
345250.0,3544.698486328125,3544.698486328125,974.2828369140625,-2570.4156494140625,5.220847958010558
345500.0,1122.71630859375,1122.71630859375,986.3029174804688,-136.41339111328125,5.221395143056682
345750.0,1745.503173828125,1745.503173828125,909.8243408203125,-835.6788330078125,5.221926544875641
346000.0,2968.370361328125,2968.370361328125,976.2186889648438,-1992.1516723632812,5.2224623251968785
346250.0,3228.91552734375,3228.91552734375,969.7203979492188,-2259.1951293945312,5.222997724621746
346500.0,2157.41552734375,2157.41552734375,963.0523071289062,-1194.3632202148438,5.223527306985182
346750.0,1724.42138671875,1724.42138671875,958.007568359375,-766.413818359375,5.223973556819972
347000.0,1689.2528076171875,1689.2528076171875,992.2213745117188,-697.0314331054688,5.224525311969889
347250.0,2800.561279296875,2800.561279296875,974.513916015625,-1826.04736328125,5.225109357913594
347500.0,3073.186279296875,3073.186279296875,945.1940307617188,-2127.9922485351562,5.2256132218908355
347750.0,3590.14794921875,3590.14794921875,981.341064453125,-2608.806884765625,5.226218131290339
348000.0,2109.002685546875,2109.002685546875,903.9466552734375,-1205.0560302734375,5.22684722935674
348250.0,2415.42724609375,2415.42724609375,954.30615234375,-1461.12109375,5.227471297704888
348500.0,2028.261474609375,2028.261474609375,999.453369140625,-1028.80810546875,5.2281154095247935
348750.0,1195.827392578125,1195.827392578125,1009.203369140625,-186.6240234375,5.2287663564255125
349000.0,1333.12548828125,1333.12548828125,902.1541748046875,-430.9713134765625,5.229101934548987
349250.0,1368.2218017578125,1368.2218017578125,991.0027465820312,-377.21905517578125,5.229463595752588
349500.0,225.332763671875,225.332763671875,976.9520263671875,751.6192626953125,5.2301131988064125
349750.0,1568.78125,1568.78125,981.07568359375,-587.70556640625,5.230668286705331
350000.0,54.084293365478516,54.084293365478516,971.4259033203125,917.341609954834,5.213187893527903
350250.0,1810.093994140625,1810.093994140625,999.6724853515625,-810.4215087890625,5.21385887741844
350500.0,1648.8670654296875,1648.8670654296875,1001.185791015625,-647.6812744140625,5.214474594661193
350750.0,3015.755859375,3015.755859375,1008.6787109375,-2007.0771484375,5.215116837051454
351000.0,1148.8367919921875,1148.8367919921875,996.8890380859375,-151.94775390625,5.215703820703499
351250.0,2045.9732666015625,2045.9732666015625,981.094970703125,-1064.8782958984375,5.216339219364708
351500.0,2112.22705078125,2112.22705078125,943.6351318359375,-1168.5919189453125,5.216976013584713
351750.0,2078.17822265625,2078.17822265625,1015.072998046875,-1063.105224609375,5.21763034525917
352000.0,1811.4744873046875,1811.4744873046875,949.9822998046875,-861.4921875,5.218281380477521
352250.0,997.32080078125,997.32080078125,1000.0822143554688,2.76141357421875,5.218939839809424
352500.0,2536.7685546875,2536.7685546875,1018.2210693359375,-1518.5474853515625,5.219597596523417
352750.0,2778.331298828125,2778.331298828125,964.7216796875,-1813.609619140625,5.220210438801782
353000.0,2359.7734375,2359.7734375,879.34814453125,-1480.42529296875,5.220798149564786
353250.0,203.12600708007812,203.12600708007812,1017.1017456054688,813.9757385253906,5.2214436919696485
353500.0,2744.25927734375,2744.25927734375,1000.8403930664062,-1743.4188842773438,5.222089129471528
353750.0,3343.6796875,3343.6796875,1011.8634643554688,-2331.8162231445312,5.222702479344992
354000.0,4260.9580078125,4260.9580078125,983.1554565429688,-3277.8025512695312,5.223302993907141
354250.0,2534.966796875,2534.966796875,1005.1396484375,-1529.8271484375,5.2239921109897365
354500.0,2776.148681640625,2776.148681640625,999.7681274414062,-1776.3805541992188,5.224682174473588
354750.0,1136.805908203125,1136.805908203125,1007.2162475585938,-129.58966064453125,5.22528973173953
355000.0,1466.7471923828125,1466.7471923828125,1017.321533203125,-449.4256591796875,5.2258360796862116
355250.0,1951.9345703125,1951.9345703125,1023.3119506835938,-928.6226196289062,5.226336023974172
355500.0,1399.337646484375,1399.337646484375,1005.8593139648438,-393.47833251953125,5.226391599980748
355750.0,2431.30810546875,2431.30810546875,1004.50244140625,-1426.8056640625,5.226735454462451
356000.0,1836.526123046875,1836.526123046875,1011.1735229492188,-825.3526000976562,5.227004173546695
356250.0,1928.76171875,1928.76171875,998.6347045898438,-930.1270141601562,5.227342533621484
356500.0,2263.492919921875,2263.492919921875,897.2064208984375,-1366.2864990234375,5.227677444764415
356750.0,1661.2392578125,1661.2392578125,907.5338134765625,-753.7054443359375,5.227974909335362
357000.0,2544.66796875,2544.66796875,992.3443603515625,-1552.3236083984375,5.2283416632516015
357250.0,2379.468017578125,2379.468017578125,982.1163330078125,-1397.3516845703125,5.228649845401591
357500.0,2705.29541015625,2705.29541015625,999.1334228515625,-1706.1619873046875,5.229001729582941
357750.0,2012.89599609375,2012.89599609375,1012.8763427734375,-1000.0196533203125,5.229395525172405
358000.0,2418.504150390625,2418.504150390625,991.5610961914062,-1426.9430541992188,5.2296685597890615
358250.0,2548.798828125,2548.798828125,996.0408935546875,-1552.7579345703125,5.229998967931462
358500.0,2500.833740234375,2500.833740234375,940.229736328125,-1560.60400390625,5.23039276122771
358750.0,1869.4154052734375,1869.4154052734375,1005.4710693359375,-863.9443359375,5.230730427918932
359000.0,2614.688232421875,2614.688232421875,1014.8917846679688,-1599.7964477539062,5.231039292647825
359250.0,3043.816162109375,3043.816162109375,992.1529541015625,-2051.6632080078125,5.231267573956385
359500.0,3930.643310546875,3930.643310546875,1009.2782592773438,-2921.3650512695312,5.231589695963125
359750.0,2675.708251953125,2675.708251953125,955.5183715820312,-1720.1898803710938,5.231966650144917
360000.0,2148.05419921875,2148.05419921875,998.6470947265625,-1149.4071044921875,5.212958056112315
360250.0,2310.478271484375,2310.478271484375,1010.879150390625,-1299.59912109375,5.213073125256876
360500.0,2539.525634765625,2539.525634765625,998.9262084960938,-1540.5994262695312,5.213471726339405
360750.0,2716.230712890625,2716.230712890625,1011.5775756835938,-1704.6531372070312,5.213797912435213
361000.0,4008.429443359375,4008.429443359375,1013.6853637695312,-2994.7440795898438,5.214201680635731
361250.0,1409.452880859375,1409.452880859375,999.9808349609375,-409.4720458984375,5.2144287700463385
361500.0,2300.442626953125,2300.442626953125,974.80859375,-1325.634033203125,5.214815924621181
361750.0,2680.746337890625,2680.746337890625,914.9357299804688,-1765.8106079101562,5.215214307516242
362000.0,1817.7186279296875,1817.7186279296875,917.6798095703125,-900.038818359375,5.215572042242033
362250.0,2337.781982421875,2337.781982421875,943.2922973632812,-1394.4896850585938,5.215824498683832
362500.0,2100.172607421875,2100.172607421875,998.4068603515625,-1101.7657470703125,5.216073155990505
362750.0,1978.504638671875,1978.504638671875,1005.0118408203125,-973.4927978515625,5.21643079859462
363000.0,1404.972412109375,1404.972412109375,956.845703125,-448.126708984375,5.216813313022093
363250.0,186.0213623046875,186.0213623046875,874.1640625,688.1427001953125,5.217211250754329
363500.0,2537.782958984375,2537.782958984375,1003.27197265625,-1534.510986328125,5.2176268108270705
363750.0,2381.685791015625,2381.685791015625,986.5552978515625,-1395.1304931640625,5.218010619134331
364000.0,1386.011474609375,1386.011474609375,1026.2554931640625,-359.7559814453125,5.218351957742498
364250.0,1483.552978515625,1483.552978515625,892.0167236328125,-591.5362548828125,5.218761124633174
364500.0,2644.600341796875,2644.600341796875,981.65625,-1662.944091796875,5.2191467545476815
364750.0,2246.112060546875,2246.112060546875,983.7210693359375,-1262.3909912109375,5.219484658036617
365000.0,2981.909423828125,2981.909423828125,1009.7218017578125,-1972.1876220703125,5.21985861098329
365250.0,1283.51416015625,1283.51416015625,766.0869140625,-517.42724609375,5.220256344842276
365500.0,2349.9267578125,2349.9267578125,981.2351684570312,-1368.6915893554688,5.2206476918490345
365750.0,2034.0689697265625,2034.0689697265625,994.9835815429688,-1039.0853881835938,5.22096173628931
366000.0,1594.1407470703125,1594.1407470703125,972.9903564453125,-621.150390625,5.2213449874754065
366250.0,3144.294677734375,3144.294677734375,977.6116943359375,-2166.6829833984375,5.221729340130042
366500.0,2022.6258544921875,2022.6258544921875,1003.260986328125,-1019.3648681640625,5.222094346375392
366750.0,2901.741943359375,2901.741943359375,964.1043701171875,-1937.6375732421875,5.222288262726768
367000.0,2525.424072265625,2525.424072265625,1000.5750122070312,-1524.8490600585938,5.222499158576424
367250.0,3656.623046875,3656.623046875,995.091796875,-2661.53125,5.222812545126619
367500.0,2276.281982421875,2276.281982421875,979.580078125,-1296.701904296875,5.223074139902678
367750.0,2119.654052734375,2119.654052734375,1000.9508666992188,-1118.7031860351562,5.223414369256227
368000.0,4081.173583984375,4081.173583984375,887.5966796875,-3193.576904296875,5.223777429064929
368250.0,2962.662841796875,2962.662841796875,996.291259765625,-1966.37158203125,5.224141264222474
368500.0,2351.175048828125,2351.175048828125,988.759521484375,-1362.41552734375,5.2245083460696495
368750.0,1900.7135009765625,1900.7135009765625,992.0777587890625,-908.6357421875,5.224947908445104
369000.0,1805.3387451171875,1805.3387451171875,1004.2974853515625,-801.041259765625,5.225428668640478
369250.0,2149.974365234375,2149.974365234375,1009.5885009765625,-1140.3858642578125,5.225799347725094
369500.0,2736.248046875,2736.248046875,1000.12451171875,-1736.12353515625,5.2261526462416485
369750.0,2747.552490234375,2747.552490234375,931.8740234375,-1815.678466796875,5.226470247147509
370000.0,2381.56494140625,2381.56494140625,1007.01318359375,-1374.5517578125,5.2087708102270485
370250.0,1262.8358154296875,1262.8358154296875,768.9081420898438,-493.92767333984375,5.2093348524140515
370500.0,3225.5947265625,3225.5947265625,990.6072998046875,-2234.9874267578125,5.20946915359577
370750.0,2265.447265625,2265.447265625,952.37939453125,-1313.06787109375,5.209768630837073
371000.0,2220.0078125,2220.0078125,998.7855224609375,-1221.2222900390625,5.2102177829527925
371250.0,2133.702880859375,2133.702880859375,1011.971435546875,-1121.7314453125,5.210699859966052
371500.0,264.0853271484375,264.0853271484375,972.6697998046875,708.58447265625,5.211108983393467
371750.0,891.5422973632812,891.5422973632812,986.6568603515625,95.11456298828125,5.211447096243232
372000.0,28.828643798828125,28.828643798828125,317.9215393066406,289.0928955078125,5.211908090637261
372250.0,2494.407470703125,2494.407470703125,991.62353515625,-1502.783935546875,5.212157096603812
372500.0,2611.459716796875,2611.459716796875,963.2538452148438,-1648.2058715820312,5.212600646060961
372750.0,2931.147705078125,2931.147705078125,946.626220703125,-1984.521484375,5.213053446700751
373000.0,1806.1322021484375,1806.1322021484375,738.8240966796875,-1067.30810546875,5.213518277819564
373250.0,2078.104248046875,2078.104248046875,997.5888671875,-1080.515380859375,5.2139085266649765
373500.0,2227.51611328125,2227.51611328125,1004.1405639648438,-1223.3755493164062,5.214250564408149
373750.0,3558.055419921875,3558.055419921875,984.6502075195312,-2573.4052124023438,5.214563038066044
374000.0,1138.25732421875,1138.25732421875,1003.14013671875,-135.1171875,5.214897518245618
374250.0,264.5441589355469,264.5441589355469,1005.102294921875,740.5581359863281,5.215366934379081
374500.0,3152.0048828125,3152.0048828125,965.21630859375,-2186.78857421875,5.215823572557367
374750.0,2436.6591796875,2436.6591796875,924.1519165039062,-1512.5072631835938,5.215885506231967
375000.0,2985.987548828125,2985.987548828125,982.703125,-2003.284423828125,5.21612726366684
375250.0,2895.931884765625,2895.931884765625,984.2701416015625,-1911.6617431640625,5.216528563454213
375500.0,1908.858154296875,1908.858154296875,958.4161376953125,-950.4420166015625,5.216852671987762
375750.0,2642.03857421875,2642.03857421875,1007.7489624023438,-1634.2896118164062,5.2171620196272475
376000.0,787.329833984375,787.329833984375,959.0360107421875,171.7061767578125,5.217517208793495
376250.0,2240.853271484375,2240.853271484375,882.8757934570312,-1357.9774780273438,5.217823059224026
376500.0,3179.353515625,3179.353515625,938.320068359375,-2241.033447265625,5.218104648425168
376750.0,121.11642456054688,121.11642456054688,953.4391479492188,832.3227233886719,5.218427260479642
377000.0,2410.81787109375,2410.81787109375,993.95556640625,-1416.8623046875,5.218774671240896
377250.0,2005.780517578125,2005.780517578125,995.78125,-1009.999267578125,5.219119131940926
377500.0,3090.728515625,3090.728515625,980.5247802734375,-2110.2037353515625,5.219445679797374
377750.0,2778.70751953125,2778.70751953125,759.91796875,-2018.78955078125,5.2194821007164975
378000.0,905.532470703125,905.532470703125,937.0570678710938,31.52459716796875,5.219877194800623
378250.0,410.54364013671875,410.54364013671875,996.9447021484375,586.4010620117188,5.220268534915283
378500.0,2846.98974609375,2846.98974609375,682.1580810546875,-2164.8316650390625,5.220692893187232
378750.0,3234.413330078125,3234.413330078125,1002.448486328125,-2231.96484375,5.221071617815198
379000.0,3542.418701171875,3542.418701171875,1005.4187622070312,-2536.9999389648438,5.221517457042689
379250.0,3850.6416015625,3850.6416015625,930.161865234375,-2920.479736328125,5.221936719305946
379500.0,2710.595458984375,2710.595458984375,763.6882934570312,-1946.9071655273438,5.222169424818978
379750.0,2477.008544921875,2477.008544921875,989.061767578125,-1487.94677734375,5.222613109328334
380000.0,2236.72509765625,2236.72509765625,975.166015625,-1261.55908203125,5.204501647453075
380250.0,1500.382568359375,1500.382568359375,964.1026611328125,-536.2799072265625,5.20486798421688
380500.0,2407.3857421875,2407.3857421875,984.0576782226562,-1423.3280639648438,5.205223759520085
380750.0,1892.322265625,1892.322265625,956.0126342773438,-936.3096313476562,5.205614082123544
381000.0,2987.764892578125,2987.764892578125,977.1648559570312,-2010.6000366210938,5.20606344330992
381250.0,3696.503173828125,3696.503173828125,959.3208618164062,-2737.1823120117188,5.2065263645807445
381500.0,2243.9169921875,2243.9169921875,987.4063720703125,-1256.5106201171875,5.206991518356482
381750.0,4377.21875,4377.21875,1017.634521484375,-3359.584228515625,5.207492538321159
382000.0,1887.481689453125,1887.481689453125,996.8763427734375,-890.6053466796875,5.207902505049197
382250.0,2693.280029296875,2693.280029296875,1001.5711059570312,-1691.7089233398438,5.208379695418283
382500.0,1781.695556640625,1781.695556640625,904.0042724609375,-877.6912841796875,5.2087560937621245
382750.0,2353.086181640625,2353.086181640625,951.8801879882812,-1401.2059936523438,5.209137894215161
383000.0,2293.474365234375,2293.474365234375,1018.13525390625,-1275.339111328125,5.209439031279453
383250.0,2601.43359375,2601.43359375,989.1656494140625,-1612.2679443359375,5.209879734113448
383500.0,2433.219970703125,2433.219970703125,998.159423828125,-1435.060546875,5.210163714765616
383750.0,3043.2177734375,3043.2177734375,993.7283935546875,-2049.4893798828125,5.210528471752414
384000.0,1826.4053955078125,1826.4053955078125,1008.402099609375,-818.0032958984375,5.210832483107407
384250.0,3285.06005859375,3285.06005859375,957.979248046875,-2327.080810546875,5.211218250118095
384500.0,1395.0252685546875,1395.0252685546875,976.4720458984375,-418.55322265625,5.21158058200911
384750.0,1942.7999267578125,1942.7999267578125,1007.9192504882812,-934.8806762695312,5.21184190383911
385000.0,2330.989501953125,2330.989501953125,996.7440185546875,-1334.2454833984375,5.212010572369734
385250.0,2339.56884765625,2339.56884765625,1001.27587890625,-1338.29296875,5.212318214673871
385500.0,2330.75146484375,2330.75146484375,950.1493530273438,-1380.6021118164062,5.21275665957172
385750.0,1782.84619140625,1782.84619140625,983.7518920898438,-799.0942993164062,5.2132480657272
386000.0,2625.9267578125,2625.9267578125,990.071044921875,-1635.855712890625,5.213719118960806
386250.0,708.3253173828125,708.3253173828125,769.4713134765625,61.14599609375,5.2140780856800175
386500.0,3760.86572265625,3760.86572265625,1001.6680908203125,-2759.1976318359375,5.214576421097568
386750.0,2438.856689453125,2438.856689453125,969.5906982421875,-1469.2659912109375,5.214650733095532
387000.0,2597.562255859375,2597.562255859375,856.1063232421875,-1741.4559326171875,5.215078339918569
387250.0,2470.591796875,2470.591796875,1005.4615478515625,-1465.1302490234375,5.215407527520301
387500.0,1272.7923583984375,1272.7923583984375,863.6378173828125,-409.154541015625,5.215852208722816
387750.0,280.6099853515625,280.6099853515625,976.20556640625,695.5955810546875,5.216294426870641
388000.0,1615.6982421875,1615.6982421875,993.262939453125,-622.435302734375,5.216751707411585
388250.0,59.61412048339844,59.61412048339844,1008.504638671875,948.8905181884766,5.217216405737052
388500.0,3006.439453125,3006.439453125,991.186279296875,-2015.253173828125,5.217604356897186
388750.0,2729.98193359375,2729.98193359375,789.3055419921875,-1940.6763916015625,5.217958730137639
389000.0,2778.170166015625,2778.170166015625,998.4022216796875,-1779.7679443359375,5.218349692070549
389250.0,2318.557373046875,2318.557373046875,939.351318359375,-1379.2060546875,5.218626967360489
389500.0,2983.088623046875,2983.088623046875,1027.9781494140625,-1955.1104736328125,5.219034523884735
389750.0,791.2694702148438,791.2694702148438,983.9290771484375,192.65960693359375,5.219464216907303
390000.0,2390.930908203125,2390.930908203125,968.18896484375,-1422.741943359375,5.202323347494493
390250.0,2481.166748046875,2481.166748046875,1006.18310546875,-1474.983642578125,5.20275381144034
390500.0,2366.84814453125,2366.84814453125,958.763916015625,-1408.084228515625,5.203117879227935
390750.0,2607.830322265625,2607.830322265625,996.94580078125,-1610.884521484375,5.203498230905761
391000.0,2656.854248046875,2656.854248046875,1016.369873046875,-1640.484375,5.203839318926828
391250.0,1955.313232421875,1955.313232421875,1003.326171875,-951.987060546875,5.204301736202445
391500.0,1854.099853515625,1854.099853515625,982.0956420898438,-872.0042114257812,5.204754196000166
391750.0,2159.302001953125,2159.302001953125,998.13671875,-1161.165283203125,5.2051292599972525
392000.0,2916.0517578125,2916.0517578125,1010.2762451171875,-1905.7755126953125,5.205493394861795
392250.0,2293.125732421875,2293.125732421875,1014.0614013671875,-1279.0643310546875,5.205896525437525
392500.0,3038.903564453125,3038.903564453125,986.58935546875,-2052.314208984375,5.206342115486551
392750.0,2393.701416015625,2393.701416015625,1000.3756713867188,-1393.3257446289062,5.2067100830359525
393000.0,2999.171630859375,2999.171630859375,1017.0721435546875,-1982.0994873046875,5.207123262638889
393250.0,810.9443359375,810.9443359375,1029.2470703125,218.302734375,5.207361533047785
393500.0,1831.917236328125,1831.917236328125,1004.2103271484375,-827.7069091796875,5.207714908521141
393750.0,1674.7069091796875,1674.7069091796875,1028.20849609375,-646.4984130859375,5.208148386596263
394000.0,2666.20361328125,2666.20361328125,952.5130004882812,-1713.6906127929688,5.208536929726287
394250.0,2650.3427734375,2650.3427734375,948.094970703125,-1702.247802734375,5.208815122493982
394500.0,3295.37451171875,3295.37451171875,981.037109375,-2314.33740234375,5.209212738159049
394750.0,1916.1522216796875,1916.1522216796875,1025.345458984375,-890.8067626953125,5.209566616544171
395000.0,1889.7005615234375,1889.7005615234375,823.7435302734375,-1065.95703125,5.209982892084675
395250.0,3014.8955078125,3014.8955078125,1001.3578491210938,-2013.5376586914062,5.210295095158518
395500.0,2450.110107421875,2450.110107421875,971.0999755859375,-1479.0101318359375,5.210724324627398
395750.0,967.989013671875,967.989013671875,1001.8758544921875,33.8868408203125,5.211033393406992
396000.0,2672.1904296875,2672.1904296875,1005.1769409179688,-1667.0134887695312,5.211337740659582
396250.0,1982.3397216796875,1982.3397216796875,1028.7850341796875,-953.5546875,5.2116433328278955
396500.0,2056.201416015625,2056.201416015625,989.9097900390625,-1066.2916259765625,5.211979824125982
396750.0,2432.182373046875,2432.182373046875,1004.3860473632812,-1427.7963256835938,5.212372204051318
397000.0,2393.305419921875,2393.305419921875,976.9591064453125,-1416.3463134765625,5.212796331904662
397250.0,2223.520751953125,2223.520751953125,1015.753662109375,-1207.76708984375,5.21312836523945
397500.0,2423.617919921875,2423.617919921875,991.7900390625,-1431.827880859375,5.213491634025895
397750.0,2742.34814453125,2742.34814453125,978.4024658203125,-1763.9456787109375,5.213860790662548
398000.0,2326.526123046875,2326.526123046875,1014.8267822265625,-1311.6993408203125,5.214161425895482
398250.0,1156.6512451171875,1156.6512451171875,1029.444091796875,-127.2071533203125,5.21444890660635
398500.0,2257.705810546875,2257.705810546875,1028.686767578125,-1229.01904296875,5.21486053854116
398750.0,1653.453369140625,1653.453369140625,980.679443359375,-672.77392578125,5.215259637190271
399000.0,4035.536865234375,4035.536865234375,995.4811401367188,-3040.0557250976562,5.215636099426394
399250.0,2433.437744140625,2433.437744140625,1017.7930908203125,-1415.6446533203125,5.216044513327483
399500.0,2459.01318359375,2459.01318359375,1028.509765625,-1430.50341796875,5.216389720099695
399750.0,2629.261474609375,2629.261474609375,1029.39404296875,-1599.867431640625,5.216694381756999
400000.0,2702.848876953125,2702.848876953125,1045.0643310546875,-1657.7845458984375,5.199478637836732
400250.0,3010.47314453125,3010.47314453125,928.9342651367188,-2081.5388793945312,5.199852427022237
400500.0,2647.4052734375,2647.4052734375,1023.966796875,-1623.4384765625,5.200189851436712
400750.0,2253.0791015625,2253.0791015625,928.9110717773438,-1324.1680297851562,5.200622499762332
401000.0,2702.4150390625,2702.4150390625,1012.2398071289062,-1690.1752319335938,5.201085293057859
401250.0,1865.8262939453125,1865.8262939453125,1007.3244018554688,-858.5018920898438,5.201582321624063
401500.0,1999.1470947265625,1999.1470947265625,824.027099609375,-1175.1199951171875,5.202090604655573
401750.0,2050.49072265625,2050.49072265625,1010.8909912109375,-1039.5997314453125,5.202635338154764
402000.0,2221.511474609375,2221.511474609375,993.9678955078125,-1227.5435791015625,5.20308851712119
402250.0,1531.564208984375,1531.564208984375,1027.59228515625,-503.971923828125,5.203596005898739
402500.0,2084.6044921875,2084.6044921875,992.1197509765625,-1092.4847412109375,5.203705760232215
402750.0,52.555274963378906,52.555274963378906,1036.197998046875,983.6427230834961,5.204034504228852
403000.0,1988.5411376953125,1988.5411376953125,1040.6331787109375,-947.907958984375,5.204375323002861
403250.0,1984.661376953125,1984.661376953125,1035.777099609375,-948.88427734375,5.20477519630567
403500.0,2432.89111328125,2432.89111328125,987.19384765625,-1445.697265625,5.20519983534149
403750.0,2836.6474609375,2836.6474609375,959.255615234375,-1877.391845703125,5.205347647535751
404000.0,2310.450439453125,2310.450439453125,1026.638916015625,-1283.8115234375,5.205759596879537
404250.0,2567.28564453125,2567.28564453125,1026.0723876953125,-1541.2132568359375,5.205909240578009
404500.0,1656.0413818359375,1656.0413818359375,1021.0384521484375,-635.0029296875,5.206260700796473
404750.0,3267.565185546875,3267.565185546875,1000.6084594726562,-2266.9567260742188,5.206659294392819
405000.0,1183.38623046875,1183.38623046875,1028.15380859375,-155.232421875,5.207087347301138
405250.0,2665.120849609375,2665.120849609375,1022.0806274414062,-1643.0402221679688,5.207321846970766
405500.0,1195.430419921875,1195.430419921875,999.2230224609375,-196.2073974609375,5.20773666860564
405750.0,1728.8013916015625,1728.8013916015625,1024.528076171875,-704.2733154296875,5.208154719558077
406000.0,673.09228515625,673.09228515625,1021.4608154296875,348.3685302734375,5.20840424977225
406250.0,3790.788330078125,3790.788330078125,1006.9367065429688,-2783.8516235351562,5.208682538648303
406500.0,2391.73876953125,2391.73876953125,730.4386596679688,-1661.3001098632812,5.2090599451955795
406750.0,13.70772647857666,13.70772647857666,918.5048217773438,904.7970952987671,5.209388066681373
407000.0,2455.843994140625,2455.843994140625,1010.8919677734375,-1444.9520263671875,5.209787694494154
407250.0,273.2533264160156,273.2533264160156,939.9998168945312,666.7464904785156,5.2102086328228685
407500.0,2221.30126953125,2221.30126953125,1026.3111572265625,-1194.9901123046875,5.210601454021548
407750.0,1334.716796875,1334.716796875,1018.5067138671875,-316.2100830078125,5.210998631081384
408000.0,539.96923828125,539.96923828125,1029.41845703125,489.44921875,5.211362775640078
408250.0,1925.93798828125,1925.93798828125,996.29345703125,-929.64453125,5.211732928054125
408500.0,2554.19287109375,2554.19287109375,1006.8904418945312,-1547.3024291992188,5.212095515568804
408750.0,2396.314208984375,2396.314208984375,934.64794921875,-1461.666259765625,5.21243765944234
409000.0,1912.573486328125,1912.573486328125,947.5604858398438,-965.0130004882812,5.212778459512464
409250.0,1315.0328369140625,1315.0328369140625,1022.976806640625,-292.0560302734375,5.2131428368401735
409500.0,2119.390380859375,2119.390380859375,1028.411865234375,-1090.978515625,5.213431121723455
409750.0,2133.64306640625,2133.64306640625,1020.6282958984375,-1113.0147705078125,5.213758069382609
410000.0,1799.3292236328125,1799.3292236328125,1000.81787109375,-798.5113525390625,5.1972992817006745
410250.0,1888.0914306640625,1888.0914306640625,964.2700805664062,-923.8213500976562,5.197623074025445
410500.0,2035.674560546875,2035.674560546875,982.5567016601562,-1053.1178588867188,5.19787985986471
410750.0,2557.880859375,2557.880859375,1010.4400634765625,-1547.4407958984375,5.198211118334595
411000.0,2677.143310546875,2677.143310546875,933.2137451171875,-1743.9295654296875,5.198524853558664
411250.0,2301.112548828125,2301.112548828125,986.6383666992188,-1314.4741821289062,5.1988670215223864
411500.0,3018.0234375,3018.0234375,1013.6453247070312,-2004.3781127929688,5.199248434673571
411750.0,2197.074951171875,2197.074951171875,955.7395629882812,-1241.3353881835938,5.199575385665436
412000.0,2016.346435546875,2016.346435546875,1003.468994140625,-1012.87744140625,5.199949500147334
412250.0,1503.341552734375,1503.341552734375,1013.6190185546875,-489.7225341796875,5.200353320685821
412500.0,2594.419677734375,2594.419677734375,988.9725341796875,-1605.4471435546875,5.200615045015547
412750.0,1870.994873046875,1870.994873046875,964.6085815429688,-906.3862915039062,5.200992667039486
413000.0,3459.92236328125,3459.92236328125,1037.617431640625,-2422.304931640625,5.201386664004005
413250.0,1781.43798828125,1781.43798828125,1025.4459228515625,-755.9920654296875,5.201604978985627
413500.0,2205.8876953125,2205.8876953125,1011.97900390625,-1193.90869140625,5.201991345196675
413750.0,3163.5458984375,3163.5458984375,979.70361328125,-2183.84228515625,5.202359783232311
414000.0,545.4015502929688,545.4015502929688,1007.347412109375,461.94586181640625,5.202651374871711
414250.0,1446.76171875,1446.76171875,1013.7808837890625,-432.9808349609375,5.20289375928776
414500.0,3465.71142578125,3465.71142578125,1009.8753051757812,-2455.8361206054688,5.203219864387336
414750.0,3394.404052734375,3394.404052734375,1023.185791015625,-2371.21826171875,5.203593276433055
415000.0,2971.403076171875,2971.403076171875,1018.6500244140625,-1952.7530517578125,5.203870129257077
415250.0,2315.1884765625,2315.1884765625,813.0628662109375,-1502.1256103515625,5.20408840016214
415500.0,2883.6025390625,2883.6025390625,1004.1174926757812,-1879.4850463867188,5.204430684225608
415750.0,2084.011962890625,2084.011962890625,959.412109375,-1124.599853515625,5.20478044544246
416000.0,1704.4034423828125,1704.4034423828125,964.9694213867188,-739.4340209960938,5.20508233346268
416250.0,2697.061767578125,2697.061767578125,1017.8115844726562,-1679.2501831054688,5.205319847538596
416500.0,1402.876708984375,1402.876708984375,1029.9088134765625,-372.9678955078125,5.20553895386509
416750.0,2976.864501953125,2976.864501953125,1017.2061767578125,-1959.6583251953125,5.205797270398266
417000.0,1882.1837158203125,1882.1837158203125,1026.158203125,-856.0255126953125,5.2059663419421405
417250.0,1508.961181640625,1508.961181640625,971.7139892578125,-537.2471923828125,5.206144187484212
417500.0,1345.6951904296875,1345.6951904296875,1000.6953125,-344.9998779296875,5.206339992214992
417750.0,1864.8758544921875,1864.8758544921875,999.6675415039062,-865.2083129882812,5.206530844608199
418000.0,1951.1153564453125,1951.1153564453125,969.798583984375,-981.3167724609375,5.206631564375332
418250.0,2833.535400390625,2833.535400390625,1013.0667724609375,-1820.4686279296875,5.206752979773598
418500.0,2931.59814453125,2931.59814453125,986.3002319335938,-1945.2979125976562,5.2068743627081675
418750.0,1410.0748291015625,1410.0748291015625,968.3585205078125,-441.71630859375,5.207259067158717
419000.0,2048.495849609375,2048.495849609375,1018.3333129882812,-1030.1625366210938,5.207621771287608
419250.0,3795.16796875,3795.16796875,991.685302734375,-2803.482666015625,5.207949859047687
419500.0,2008.0609130859375,2008.0609130859375,962.4749755859375,-1045.5859375,5.208244266235323
419750.0,180.6138153076172,180.6138153076172,998.5050048828125,817.8911895751953,5.208510777838611
420000.0,2222.010986328125,2222.010986328125,959.8154296875,-1262.195556640625,5.190255807342096
420250.0,1397.3572998046875,1397.3572998046875,1016.0194091796875,-381.337890625,5.190370382036514
420500.0,1851.9075927734375,1851.9075927734375,976.906005859375,-875.0015869140625,5.190370029599216
420750.0,1979.7781982421875,1979.7781982421875,752.5469970703125,-1227.231201171875,5.19050648170301
421000.0,3122.37841796875,3122.37841796875,793.458740234375,-2328.919677734375,5.190575833804759
421250.0,2439.039794921875,2439.039794921875,989.24072265625,-1449.799072265625,5.1906357163709655
421500.0,1864.701416015625,1864.701416015625,1001.1885375976562,-863.5128784179688,5.190729150341045
421750.0,980.8826293945312,980.8826293945312,1016.2156372070312,35.3330078125,5.190859477494498
422000.0,1639.477294921875,1639.477294921875,994.4360961914062,-645.0411987304688,5.190927817286504
422250.0,801.2945556640625,801.2945556640625,1001.264404296875,199.9698486328125,5.191065191514438
422500.0,1410.4508056640625,1410.4508056640625,1010.7433471679688,-399.70745849609375,5.191181424558846
422750.0,2397.244873046875,2397.244873046875,839.478759765625,-1557.76611328125,5.19130090985087
423000.0,2158.556640625,2158.556640625,926.1044921875,-1232.4521484375,5.191458745957467
423250.0,1909.32373046875,1909.32373046875,1006.38037109375,-902.943359375,5.191627391015685
423500.0,2628.431884765625,2628.431884765625,1009.0247802734375,-1619.4071044921875,5.191711679626531
423750.0,1603.102294921875,1603.102294921875,1010.870361328125,-592.23193359375,5.191834590190622
424000.0,2035.1468505859375,2035.1468505859375,998.08251953125,-1037.0643310546875,5.191973969285242
424250.0,2799.4140625,2799.4140625,912.4630126953125,-1886.9510498046875,5.192077160776764
424500.0,2609.76904296875,2609.76904296875,1009.1167602539062,-1600.6522827148438,5.192139904002233
424750.0,2527.3466796875,2527.3466796875,1007.2142333984375,-1520.1324462890625,5.192270270044424
425000.0,2346.71826171875,2346.71826171875,997.7630615234375,-1348.9552001953125,5.192397887964686
425250.0,2622.947265625,2622.947265625,1011.9246826171875,-1611.0225830078125,5.192376842557119
425500.0,1912.2021484375,1912.2021484375,837.6934814453125,-1074.5086669921875,5.192483934520528
425750.0,18.962194442749023,18.962194442749023,974.2138671875,955.251672744751,5.192599167445374
426000.0,1535.738525390625,1535.738525390625,990.60302734375,-545.135498046875,5.192658741278017
426250.0,1980.6231689453125,1980.6231689453125,997.498291015625,-983.1248779296875,5.192746270773545
426500.0,2830.84326171875,2830.84326171875,952.5716552734375,-1878.2716064453125,5.192853380613898
426750.0,2604.640625,2604.640625,1011.9169921875,-1592.7236328125,5.192947008511697
427000.0,2224.496337890625,2224.496337890625,1014.6493530273438,-1209.8469848632812,5.193026726145829
427250.0,1734.7808837890625,1734.7808837890625,1016.37109375,-718.4097900390625,5.1930775854949145
427500.0,3470.73046875,3470.73046875,999.710205078125,-2471.020263671875,5.193185286158052
427750.0,1330.3006591796875,1330.3006591796875,993.8204345703125,-336.480224609375,5.193231506030703
428000.0,2844.588623046875,2844.588623046875,993.466552734375,-1851.1220703125,5.193321368579354
428250.0,1989.7994384765625,1989.7994384765625,988.32373046875,-1001.4757080078125,5.193395127203262
428500.0,3751.347412109375,3751.347412109375,1019.140869140625,-2732.20654296875,5.193400769199834
428750.0,1948.440673828125,1948.440673828125,990.861083984375,-957.57958984375,5.1931467329830285
429000.0,3041.8623046875,3041.8623046875,1003.4136352539062,-2038.4486694335938,5.193062196407905
429250.0,1883.950927734375,1883.950927734375,996.29931640625,-887.651611328125,5.192934560678119
429500.0,2580.405029296875,2580.405029296875,986.298583984375,-1594.1064453125,5.192908694538848
429750.0,3003.40380859375,3003.40380859375,1019.113037109375,-1984.290771484375,5.19289326532933
430000.0,2698.537109375,2698.537109375,967.101318359375,-1731.435791015625,5.175112492119226
430250.0,2726.132568359375,2726.132568359375,997.0615844726562,-1729.0709838867188,5.175059795319625
430500.0,1407.278076171875,1407.278076171875,1008.414794921875,-398.86328125,5.175023204158883
430750.0,3242.802734375,3242.802734375,999.8031005859375,-2242.9996337890625,5.175085706140362
431000.0,1126.77587890625,1126.77587890625,1029.6610107421875,-97.1148681640625,5.175119218975844
431250.0,2154.296875,2154.296875,903.2902221679688,-1251.0066528320312,5.175162157887556
431500.0,118.523193359375,118.523193359375,1008.7904052734375,890.2672119140625,5.17518335033083
431750.0,2053.349365234375,2053.349365234375,996.1055908203125,-1057.2437744140625,5.175284587450375
432000.0,1615.3994140625,1615.3994140625,1005.5355224609375,-609.8638916015625,5.175372415541142
432250.0,2266.197265625,2266.197265625,996.467041015625,-1269.730224609375,5.175515585480604
432500.0,2207.211181640625,2207.211181640625,936.9695434570312,-1270.2416381835938,5.175599730423747
432750.0,1120.8499755859375,1120.8499755859375,973.27197265625,-147.5780029296875,5.175662014419625
433000.0,2404.39208984375,2404.39208984375,1019.95068359375,-1384.44140625,5.175791315673035
433250.0,2137.775390625,2137.775390625,972.643310546875,-1165.132080078125,5.17579731566964
433500.0,3692.669677734375,3692.669677734375,994.77197265625,-2697.897705078125,5.175908356131438
433750.0,1454.43798828125,1454.43798828125,978.6694946289062,-475.76849365234375,5.176093883562725
434000.0,2042.9522705078125,2042.9522705078125,1021.6914672851562,-1021.2608032226562,5.176293745170737
434250.0,2423.39111328125,2423.39111328125,852.0611572265625,-1571.3299560546875,5.176526739136367
434500.0,2459.58935546875,2459.58935546875,993.5823364257812,-1466.0070190429688,5.176750002821412
434750.0,2525.235595703125,2525.235595703125,1008.2702026367188,-1516.9653930664062,5.1770232687154625
435000.0,1617.08154296875,1617.08154296875,1006.5634155273438,-610.5181274414062,5.177282857757649
435250.0,894.5272827148438,894.5272827148438,1003.83740234375,109.31011962890625,5.177507816294521
435500.0,1134.3203125,1134.3203125,997.5099487304688,-136.81036376953125,5.177770280889655
435750.0,3017.815673828125,3017.815673828125,1009.6611328125,-2008.154541015625,5.178047651653322
436000.0,2060.968994140625,2060.968994140625,953.564453125,-1107.404541015625,5.178303124981536
436250.0,2719.8759765625,2719.8759765625,990.16015625,-1729.7158203125,5.178526081747662
436500.0,1163.08203125,1163.08203125,1014.4600219726562,-148.62200927734375,5.178752705598988
436750.0,2735.76318359375,2735.76318359375,1001.5423583984375,-1734.2208251953125,5.179010639245219
437000.0,4312.32421875,4312.32421875,1021.500732421875,-3290.823486328125,5.179287800367294
437250.0,2280.2099609375,2280.2099609375,1014.2228393554688,-1265.9871215820312,5.179491635090389
437500.0,1940.4014892578125,1940.4014892578125,999.5177612304688,-940.8837280273438,5.179703207688292
437750.0,2033.329345703125,2033.329345703125,1018.3078002929688,-1015.0215454101562,5.179951617263374
438000.0,2196.55859375,2196.55859375,1017.19921875,-1179.359375,5.180167434022366
438250.0,4266.580078125,4266.580078125,1008.741943359375,-3257.838134765625,5.180378362369243
438500.0,3594.59375,3594.59375,995.765869140625,-2598.827880859375,5.180262124160329
438750.0,3070.64599609375,3070.64599609375,1011.661376953125,-2058.984619140625,5.180412058851783
439000.0,1878.424560546875,1878.424560546875,1020.106689453125,-858.31787109375,5.180503393382235
439250.0,2663.54345703125,2663.54345703125,1002.5126953125,-1661.03076171875,5.180580773949973
439500.0,1918.322021484375,1918.322021484375,966.7822265625,-951.539794921875,5.180676548554958
439750.0,2562.544189453125,2562.544189453125,970.3003540039062,-1592.2438354492188,5.180710900654045
440000.0,2882.6630859375,2882.6630859375,1054.126708984375,-1828.536376953125,5.163979047962995
440250.0,2170.959228515625,2170.959228515625,756.6915283203125,-1414.2677001953125,5.164049115729946
440500.0,2376.878662109375,2376.878662109375,979.6158447265625,-1397.2628173828125,5.164151517337897
440750.0,1188.8658447265625,1188.8658447265625,987.8129272460938,-201.05291748046875,5.164241782636372
441000.0,1815.0335693359375,1815.0335693359375,982.1524047851562,-832.8811645507812,5.164342090199155
441250.0,2719.31494140625,2719.31494140625,1012.2506103515625,-1707.0643310546875,5.164342255138381
441500.0,3694.99755859375,3694.99755859375,1014.38818359375,-2680.609375,5.164296210292721
441750.0,4240.7392578125,4240.7392578125,1016.8814086914062,-3223.8578491210938,5.164262941099267
442000.0,2431.879638671875,2431.879638671875,1011.1427001953125,-1420.7369384765625,5.164318736810886
442250.0,2212.928466796875,2212.928466796875,1025.423583984375,-1187.5048828125,5.164454391003279
442500.0,1389.3394775390625,1389.3394775390625,1010.544677734375,-378.7947998046875,5.164580050584515
442750.0,2994.787109375,2994.787109375,940.9606323242188,-2053.8264770507812,5.164659103152138
443000.0,2271.323486328125,2271.323486328125,1012.1903686523438,-1259.1331176757812,5.164772708511589
443250.0,3092.319580078125,3092.319580078125,1009.2666625976562,-2083.0529174804688,5.164859203768359
443500.0,1898.9180908203125,1898.9180908203125,958.072998046875,-940.8450927734375,5.164815952417703
443750.0,2837.158203125,2837.158203125,921.2376708984375,-1915.9205322265625,5.164771783177499
444000.0,2601.54638671875,2601.54638671875,1012.5159912109375,-1589.0303955078125,5.1648179602801045
444250.0,3656.873291015625,3656.873291015625,1012.7450561523438,-2644.1282348632812,5.164820531999135
444500.0,2342.528076171875,2342.528076171875,1014.02880859375,-1328.499267578125,5.16482532363543
444750.0,2738.78076171875,2738.78076171875,1006.6860961914062,-1732.0946655273438,5.164816204476614
445000.0,2490.8779296875,2490.8779296875,977.0286254882812,-1513.8493041992188,5.164843293391485
445250.0,3141.0341796875,3141.0341796875,980.427001953125,-2160.607177734375,5.1648452164810355
445500.0,153.64089965820312,153.64089965820312,1001.7037353515625,848.0628356933594,5.164802267625462
445750.0,2777.97119140625,2777.97119140625,1000.019775390625,-1777.951416015625,5.164821344759986
446000.0,1394.566162109375,1394.566162109375,1011.626708984375,-382.939453125,5.164850030176976
446250.0,1925.220458984375,1925.220458984375,986.9263305664062,-938.2941284179688,5.164883767866528
446500.0,1114.1314697265625,1114.1314697265625,945.03662109375,-169.0948486328125,5.1648752867685435
446750.0,1737.5941162109375,1737.5941162109375,1019.672119140625,-717.9219970703125,5.164932961762896
447000.0,2318.5712890625,2318.5712890625,980.9110717773438,-1337.6602172851562,5.164979017147796
447250.0,1737.224609375,1737.224609375,998.76611328125,-738.45849609375,5.165016098765632
447500.0,2438.1923828125,2438.1923828125,1031.5635986328125,-1406.6287841796875,5.165044693238298
447750.0,77.3741455078125,77.3741455078125,1011.4630126953125,934.0888671875,5.165104552306028
448000.0,1110.208984375,1110.208984375,1016.190185546875,-94.018798828125,5.165142647590973
448250.0,1605.635009765625,1605.635009765625,1022.9954833984375,-582.6395263671875,5.165128187410298
448500.0,2128.14208984375,2128.14208984375,977.4279174804688,-1150.7141723632812,5.165142638336309
448750.0,2087.853759765625,2087.853759765625,1034.48828125,-1053.365478515625,5.165120493921428
449000.0,2256.68408203125,2256.68408203125,876.5038452148438,-1380.1802368164062,5.165137480172458
449250.0,1621.5224609375,1621.5224609375,1029.603271484375,-591.919189453125,5.165160386325283
449500.0,2657.72900390625,2657.72900390625,955.4766845703125,-1702.2523193359375,5.1651793763065985
449750.0,1835.7960205078125,1835.7960205078125,987.8174438476562,-847.9785766601562,5.165232783436028
450000.0,1062.8544921875,1062.8544921875,1004.49951171875,-58.35498046875,5.148580708140849
450250.0,1537.712890625,1537.712890625,978.9560546875,-558.7568359375,5.148658237837717
450500.0,2646.8662109375,2646.8662109375,995.6342163085938,-1651.2319946289062,5.148738722877287
450750.0,1666.2039794921875,1666.2039794921875,993.197998046875,-673.0059814453125,5.148797568385572
451000.0,2010.5433349609375,2010.5433349609375,1009.7653198242188,-1000.7780151367188,5.1488505388477
451250.0,1379.887451171875,1379.887451171875,1011.6573486328125,-368.2301025390625,5.148940004695403
451500.0,1421.025634765625,1421.025634765625,1005.65869140625,-415.366943359375,5.148938111284512
451750.0,3450.925537109375,3450.925537109375,991.5662231445312,-2459.3593139648438,5.149008168027492
452000.0,1929.47314453125,1929.47314453125,960.212890625,-969.26025390625,5.149134948129884
452250.0,567.50439453125,567.50439453125,1019.1719970703125,451.6676025390625,5.149289020663725
452500.0,2331.6708984375,2331.6708984375,992.338134765625,-1339.332763671875,5.149494663123206
452750.0,2404.80029296875,2404.80029296875,1006.076904296875,-1398.723388671875,5.1497216107760995
453000.0,2157.541259765625,2157.541259765625,976.5657958984375,-1180.9754638671875,5.149976441012435
453250.0,2150.584228515625,2150.584228515625,1016.2514038085938,-1134.3328247070312,5.15014591283876
453500.0,2480.44189453125,2480.44189453125,987.4217529296875,-1493.0201416015625,5.150404941603275
453750.0,2952.7734375,2952.7734375,967.3264770507812,-1985.4469604492188,5.150608028541803
454000.0,1024.2640380859375,1024.2640380859375,1002.3245849609375,-21.939453125,5.150859745690222
454250.0,2015.0927734375,2015.0927734375,992.3794555664062,-1022.7133178710938,5.151106684367834
454500.0,2450.042724609375,2450.042724609375,998.0386962890625,-1452.0040283203125,5.1513385578863335
454750.0,1699.7242431640625,1699.7242431640625,999.3179931640625,-700.40625,5.151564070409226
455000.0,733.2103271484375,733.2103271484375,1001.7598876953125,268.549560546875,5.1517642023396615
455250.0,2508.228515625,2508.228515625,991.2020263671875,-1517.0264892578125,5.152006112642296
455500.0,2356.26123046875,2356.26123046875,991.6668701171875,-1364.5943603515625,5.152196975079448
455750.0,3043.207763671875,3043.207763671875,1004.035888671875,-2039.171875,5.15242201479032
456000.0,1835.2930908203125,1835.2930908203125,999.418701171875,-835.8743896484375,5.152651575139
456250.0,2563.107666015625,2563.107666015625,989.1461181640625,-1573.9615478515625,5.152897085162432
456500.0,2674.94482421875,2674.94482421875,974.4393310546875,-1700.5054931640625,5.153068765632007
456750.0,2092.68359375,2092.68359375,992.6026611328125,-1100.0809326171875,5.153261437063992
457000.0,4383.71728515625,4383.71728515625,1028.625244140625,-3355.092041015625,5.1533985915274325
457250.0,2659.772705078125,2659.772705078125,1022.1154174804688,-1637.6572875976562,5.153604494523295
457500.0,2143.68017578125,2143.68017578125,1014.5520629882812,-1129.1281127929688,5.153795680327745
457750.0,1819.26318359375,1819.26318359375,936.5034790039062,-882.7597045898438,5.15402562821469
458000.0,1835.2591552734375,1835.2591552734375,977.310791015625,-857.9483642578125,5.154264403089685
458250.0,2908.4765625,2908.4765625,935.9243774414062,-1972.5521850585938,5.154455601780207
458500.0,2309.251708984375,2309.251708984375,1019.0344848632812,-1290.2172241210938,5.154652228613993
458750.0,3472.412353515625,3472.412353515625,1008.0748291015625,-2464.3375244140625,5.154803344436268
459000.0,1845.74658203125,1845.74658203125,989.2154541015625,-856.5311279296875,5.1549347491006685
459250.0,2898.32763671875,2898.32763671875,979.2279052734375,-1919.0997314453125,5.154797476660183
459500.0,1970.3453369140625,1970.3453369140625,989.7494506835938,-980.5958862304688,5.154850526259391
459750.0,2685.79736328125,2685.79736328125,983.162353515625,-1702.635009765625,5.154967508875008
460000.0,1953.0362548828125,1953.0362548828125,958.992919921875,-994.0433349609375,5.138867118947812
460250.0,1481.7393798828125,1481.7393798828125,1023.2760620117188,-458.46331787109375,5.1389494494674395
460500.0,1991.912841796875,1991.912841796875,1016.0360717773438,-975.8767700195312,5.13900357382196
460750.0,2425.027099609375,2425.027099609375,1018.2183837890625,-1406.8087158203125,5.1390946819650365
461000.0,331.8814392089844,331.8814392089844,999.2515258789062,667.3700866699219,5.139175870659663
461250.0,1660.83447265625,1660.83447265625,1015.9888916015625,-644.8455810546875,5.139257819704293
461500.0,1803.95703125,1803.95703125,1015.3860473632812,-788.5709838867188,5.139387377836066
461750.0,2858.420654296875,2858.420654296875,987.920654296875,-1870.5,5.139464138281349
462000.0,2323.7255859375,2323.7255859375,963.034912109375,-1360.690673828125,5.139582379233393
462250.0,3619.29931640625,3619.29931640625,1004.6956787109375,-2614.6036376953125,5.139656019207984
462500.0,1975.283447265625,1975.283447265625,1003.1575927734375,-972.1258544921875,5.1397739419306125
462750.0,2641.422119140625,2641.422119140625,998.3369750976562,-1643.0851440429688,5.13985606565506
463000.0,2723.7783203125,2723.7783203125,1014.2452392578125,-1709.5330810546875,5.1399664444053395
463250.0,2842.04296875,2842.04296875,1016.44287109375,-1825.60009765625,5.140082710301174
463500.0,2302.333740234375,2302.333740234375,977.7583618164062,-1324.5753784179688,5.140170084637751
463750.0,3550.978515625,3550.978515625,1010.9527587890625,-2540.0257568359375,5.1402756201667295
464000.0,1974.2083740234375,1974.2083740234375,1008.4642333984375,-965.744140625,5.140390471798902
464250.0,2038.61572265625,2038.61572265625,1015.72802734375,-1022.8876953125,5.14051159709222
464500.0,3257.355224609375,3257.355224609375,1026.111328125,-2231.243896484375,5.140612294670994
464750.0,3599.445556640625,3599.445556640625,1020.49072265625,-2578.954833984375,5.140758991349961
465000.0,13.66305923461914,13.66305923461914,1017.853759765625,1004.1907005310059,5.14086660461502
465250.0,4220.3115234375,4220.3115234375,996.0755615234375,-3224.2359619140625,5.140983505294051
465500.0,3329.303955078125,3329.303955078125,1001.6141967773438,-2327.6897583007812,5.141029714870905
465750.0,1969.118896484375,1969.118896484375,1016.7386474609375,-952.3802490234375,5.141148470835879
466000.0,2090.353515625,2090.353515625,968.4060668945312,-1121.9474487304688,5.141276868721736
466250.0,4251.9169921875,4251.9169921875,1021.855712890625,-3230.061279296875,5.141351530984597
466500.0,2350.336669921875,2350.336669921875,1000.2716064453125,-1350.0650634765625,5.141467214840503
466750.0,1465.89794921875,1465.89794921875,1033.190185546875,-432.707763671875,5.141606681269563
467000.0,2650.1083984375,2650.1083984375,825.1774291992188,-1824.9309692382812,5.141740114804716
467250.0,3634.763916015625,3634.763916015625,1016.267333984375,-2618.49658203125,5.141776767550822
467500.0,2550.83935546875,2550.83935546875,998.9866943359375,-1551.8526611328125,5.1418891398154365
467750.0,2771.681640625,2771.681640625,1013.5299072265625,-1758.1517333984375,5.1419937399628015
468000.0,427.78057861328125,427.78057861328125,1014.4898681640625,586.7092895507812,5.142095600821787
468250.0,2656.35986328125,2656.35986328125,1012.0931396484375,-1644.2667236328125,5.14221094594768
468500.0,2744.91015625,2744.91015625,1013.7495727539062,-1731.1605834960938,5.1423238485436835
468750.0,2012.5904541015625,2012.5904541015625,966.0545654296875,-1046.535888671875,5.142420051770043
469000.0,2252.340576171875,2252.340576171875,975.52001953125,-1276.820556640625,5.142525658988945
469250.0,2013.7862548828125,2013.7862548828125,1020.861083984375,-992.9251708984375,5.142605265030755
469500.0,3402.73828125,3402.73828125,641.57373046875,-2761.16455078125,5.142677254016833
469750.0,2016.086669921875,2016.086669921875,945.33447265625,-1070.752197265625,5.142793824808141
470000.0,3011.88134765625,3011.88134765625,992.996337890625,-2018.885009765625,5.127580853844099
470250.0,3034.968017578125,3034.968017578125,996.2806396484375,-2038.6873779296875,5.127697135686837
470500.0,1721.675537109375,1721.675537109375,1000.6646728515625,-721.0108642578125,5.127817051472318
470750.0,1682.2298583984375,1682.2298583984375,1024.724609375,-657.5052490234375,5.127886032368519
471000.0,2454.6533203125,2454.6533203125,1001.0952758789062,-1453.5580444335938,5.127985407458
471250.0,2206.626220703125,2206.626220703125,1016.24267578125,-1190.383544921875,5.1280959248267415
471500.0,2191.40478515625,2191.40478515625,1002.8046875,-1188.60009765625,5.128176844632915
471750.0,2086.4765625,2086.4765625,963.6153564453125,-1122.8612060546875,5.128289723454797
472000.0,1970.8857421875,1970.8857421875,1007.4395141601562,-963.4462280273438,5.128391093655873
472250.0,1386.8526611328125,1386.8526611328125,1007.473876953125,-379.3787841796875,5.128535349505545
472500.0,2294.019287109375,2294.019287109375,1003.5617065429688,-1290.4575805664062,5.128620795248567
472750.0,3655.17919921875,3655.17919921875,1020.6590576171875,-2634.5201416015625,5.128716122678213
473000.0,977.8614501953125,977.8614501953125,956.039306640625,-21.8221435546875,5.1288945915202415
473250.0,56.31328582763672,56.31328582763672,1033.254638671875,976.9413528442383,5.12904630241697
473500.0,2343.61767578125,2343.61767578125,879.2730102539062,-1464.3446655273438,5.129183753823523
473750.0,3481.719970703125,3481.719970703125,996.7071533203125,-2485.0128173828125,5.129299753749127
474000.0,1833.1888427734375,1833.1888427734375,1046.4505615234375,-786.73828125,5.129225689091546
474250.0,1956.806640625,1956.806640625,1012.5933837890625,-944.2132568359375,5.12935337456352
474500.0,2697.70947265625,2697.70947265625,1024.61474609375,-1673.0947265625,5.1294614503176605
474750.0,1619.6964111328125,1619.6964111328125,970.8990478515625,-648.79736328125,5.129583195695586
475000.0,3967.10107421875,3967.10107421875,992.313720703125,-2974.787353515625,5.129692396935016
475250.0,2367.7431640625,2367.7431640625,983.200927734375,-1384.542236328125,5.1297737178694645
475500.0,3285.277587890625,3285.277587890625,1012.1928100585938,-2273.0847778320312,5.129831489478777
475750.0,2547.6240234375,2547.6240234375,1010.9097290039062,-1536.7142944335938,5.129892017695308
476000.0,3326.87890625,3326.87890625,1034.1322021484375,-2292.7467041015625,5.1300134795763235
476250.0,262.16497802734375,262.16497802734375,990.5408325195312,728.3758544921875,5.130138812254723
476500.0,1823.83837890625,1823.83837890625,1019.6326293945312,-804.2057495117188,5.130248399837844
476750.0,2317.990478515625,2317.990478515625,1017.693115234375,-1300.29736328125,5.13037297442086
477000.0,2807.5185546875,2807.5185546875,993.2255859375,-1814.29296875,5.130464224753983
477250.0,3675.33203125,3675.33203125,1013.786376953125,-2661.545654296875,5.1304929078914
477500.0,1708.1461181640625,1708.1461181640625,1030.102783203125,-678.0433349609375,5.130579072376832
477750.0,1749.6353759765625,1749.6353759765625,990.281494140625,-759.3538818359375,5.1307058973443445
478000.0,2509.91259765625,2509.91259765625,959.21435546875,-1550.6982421875,5.130819258186514
478250.0,2768.807373046875,2768.807373046875,1014.2636108398438,-1754.5437622070312,5.1309391714837025
478500.0,3207.138916015625,3207.138916015625,771.0678100585938,-2436.0711059570312,5.131059829285917
478750.0,2463.20068359375,2463.20068359375,1021.204345703125,-1441.996337890625,5.131164413834281
479000.0,2015.302734375,2015.302734375,1009.6119384765625,-1005.6907958984375,5.131190501205068
479250.0,2980.37890625,2980.37890625,976.818603515625,-2003.560302734375,5.13127118764138
479500.0,1940.8739013671875,1940.8739013671875,890.1156005859375,-1050.75830078125,5.131382814961597
479750.0,1935.074462890625,1935.074462890625,1010.6282958984375,-924.4461669921875,5.131511490610501
480000.0,1328.70556640625,1328.70556640625,1021.3876953125,-307.31787109375,5.116551425341708
480250.0,1034.936279296875,1034.936279296875,991.4983520507812,-43.43792724609375,5.11663019132111
480500.0,2127.560302734375,2127.560302734375,942.1513061523438,-1185.4089965820312,5.116722485453819
480750.0,3017.871337890625,3017.871337890625,1015.81201171875,-2002.059326171875,5.116797155954802
481000.0,1984.27587890625,1984.27587890625,1001.467529296875,-982.808349609375,5.116816799621496
481250.0,2451.2763671875,2451.2763671875,930.9328002929688,-1520.3435668945312,5.11690408210688
481500.0,1630.409423828125,1630.409423828125,1002.26123046875,-628.148193359375,5.116969382541723
481750.0,1935.78125,1935.78125,936.925537109375,-998.855712890625,5.117056461081869
482000.0,2779.305419921875,2779.305419921875,989.9287109375,-1789.376708984375,5.117161497929164
482250.0,1092.4283447265625,1092.4283447265625,977.8827514648438,-114.54559326171875,5.117206811615733
482500.0,1534.341552734375,1534.341552734375,1012.6246337890625,-521.7169189453125,5.1172409294516275
482750.0,2569.644287109375,2569.644287109375,1003.703125,-1565.941162109375,5.1173229685769925
483000.0,4050.57421875,4050.57421875,884.5570068359375,-3166.0172119140625,5.1174490208005095
483250.0,3619.526123046875,3619.526123046875,1020.520263671875,-2599.005859375,5.117493213055019
483500.0,2353.48486328125,2353.48486328125,1004.643310546875,-1348.841552734375,5.117531667951564
483750.0,2341.37451171875,2341.37451171875,1010.021484375,-1331.35302734375,5.117627420776461
484000.0,2452.31103515625,2452.31103515625,1018.7622680664062,-1433.5487670898438,5.117722079769584
484250.0,4076.431396484375,4076.431396484375,1003.526611328125,-3072.90478515625,5.117751301895401
484500.0,3075.373779296875,3075.373779296875,1017.2816162109375,-2058.0921630859375,5.117855282227157
484750.0,2919.304443359375,2919.304443359375,1014.2884521484375,-1905.0159912109375,5.117972066140697
485000.0,2818.4716796875,2818.4716796875,1012.41064453125,-1806.06103515625,5.118083701902008
485250.0,1851.8756103515625,1851.8756103515625,1029.5369873046875,-822.338623046875,5.118160885747861
485500.0,2495.006591796875,2495.006591796875,1029.741455078125,-1465.26513671875,5.118209223846475
485750.0,2473.467529296875,2473.467529296875,980.6695556640625,-1492.7979736328125,5.118296198679551
486000.0,2867.422119140625,2867.422119140625,1011.3953857421875,-1856.0267333984375,5.118356255249949
486250.0,2847.802490234375,2847.802490234375,1002.4047241210938,-1845.3977661132812,5.118450531641943
486500.0,3311.254638671875,3311.254638671875,1003.5886840820312,-2307.6659545898438,5.1185584010681735
486750.0,163.46791076660156,163.46791076660156,982.4456176757812,818.9777069091797,5.118666265010421
487000.0,2441.961181640625,2441.961181640625,975.0894165039062,-1466.8717651367188,5.118684594541082
487250.0,3007.809814453125,3007.809814453125,959.30224609375,-2048.507568359375,5.11875014259728
487500.0,2555.977294921875,2555.977294921875,725.7452392578125,-1830.2320556640625,5.118800059685383
487750.0,3891.76318359375,3891.76318359375,1007.2425537109375,-2884.5206298828125,5.118911663311829
488000.0,2918.409912109375,2918.409912109375,976.0826416015625,-1942.3272705078125,5.118969965753798
488250.0,1691.9122314453125,1691.9122314453125,984.7623291015625,-707.14990234375,5.119065141886179
488500.0,2026.101318359375,2026.101318359375,1023.109619140625,-1002.99169921875,5.1191310439584825
488750.0,2256.83154296875,2256.83154296875,994.6588134765625,-1262.1727294921875,5.119284322698935
489000.0,2134.386474609375,2134.386474609375,1003.3452758789062,-1131.0411987304688,5.119415015784012
489250.0,1687.361083984375,1687.361083984375,976.8180541992188,-710.5430297851562,5.119591074308183
489500.0,2165.80810546875,2165.80810546875,1008.312744140625,-1157.495361328125,5.119808152592302
489750.0,1694.1634521484375,1694.1634521484375,1001.9403686523438,-692.2230834960938,5.119959885153503
490000.0,2480.52294921875,2480.52294921875,1023.00927734375,-1457.513671875,5.105061958702821
490250.0,3192.428955078125,3192.428955078125,1015.0708618164062,-2177.3580932617188,5.105154724708825
490500.0,847.84228515625,847.84228515625,1007.4849853515625,159.6427001953125,5.105252853736507
490750.0,149.22377014160156,149.22377014160156,1002.6142578125,853.3904876708984,5.105352479334902
491000.0,2721.82373046875,2721.82373046875,995.897216796875,-1725.926513671875,5.1054326531416105
491250.0,2269.032958984375,2269.032958984375,1007.1556396484375,-1261.8773193359375,5.105466326635269
491500.0,2770.973876953125,2770.973876953125,979.7520141601562,-1791.2218627929688,5.105510341274866
491750.0,3315.3974609375,3315.3974609375,1037.6329345703125,-2277.7645263671875,5.105576316752825
492000.0,3065.72216796875,3065.72216796875,1041.0078125,-2024.71435546875,5.105613920438546
492250.0,2373.86865234375,2373.86865234375,981.0401611328125,-1392.8284912109375,5.105723698152478
492500.0,2947.004638671875,2947.004638671875,1004.0938720703125,-1942.9107666015625,5.105816069938595
492750.0,2505.509521484375,2505.509521484375,1021.192138671875,-1484.3173828125,5.105801934585838
493000.0,2749.71826171875,2749.71826171875,1004.7593994140625,-1744.9588623046875,5.105826996487888
493250.0,1186.32275390625,1186.32275390625,1024.14013671875,-162.1826171875,5.105771301784158
493500.0,2025.7667236328125,2025.7667236328125,1022.9097900390625,-1002.85693359375,5.1057972363088355
493750.0,2378.44775390625,2378.44775390625,1001.8310546875,-1376.61669921875,5.105830350482821
494000.0,3096.611328125,3096.611328125,974.1079711914062,-2122.5033569335938,5.105827480692556
494250.0,2619.22607421875,2619.22607421875,998.89306640625,-1620.3330078125,5.105740276616433
494500.0,2386.53076171875,2386.53076171875,1003.159423828125,-1383.371337890625,5.105656604073466
494750.0,3585.334716796875,3585.334716796875,1000.6669921875,-2584.667724609375,5.105659287004096
495000.0,1696.250732421875,1696.250732421875,1004.0264892578125,-692.2242431640625,5.105619063054727
495250.0,2069.92236328125,2069.92236328125,987.5841674804688,-1082.3381958007812,5.105592664697138
495500.0,2172.49267578125,2172.49267578125,993.6890258789062,-1178.8036499023438,5.105594874279293
495750.0,3433.897216796875,3433.897216796875,992.3280639648438,-2441.5691528320312,5.105590509384023
496000.0,3149.044677734375,3149.044677734375,1005.8067626953125,-2143.2379150390625,5.105582677398451
496250.0,1998.93505859375,1998.93505859375,1017.2416381835938,-981.6934204101562,5.105557637218252
496500.0,3233.372802734375,3233.372802734375,1022.6243286132812,-2210.7484741210938,5.105574275281426
496750.0,3004.652587890625,3004.652587890625,1010.095947265625,-1994.556640625,5.105530311371553
497000.0,1549.542236328125,1549.542236328125,1001.187744140625,-548.3544921875,5.105526678072937
497250.0,2074.299560546875,2074.299560546875,1010.4677124023438,-1063.8318481445312,5.1055292396622045
497500.0,3084.757080078125,3084.757080078125,1020.1573486328125,-2064.5997314453125,5.105496791442772
497750.0,2253.767578125,2253.767578125,921.0203857421875,-1332.7471923828125,5.105447590822345
498000.0,2560.18212890625,2560.18212890625,1008.6905517578125,-1551.4915771484375,5.1054507283662485
498250.0,1807.572265625,1807.572265625,975.8902587890625,-831.6820068359375,5.105445111040413
498500.0,1444.882080078125,1444.882080078125,1016.5985107421875,-428.2835693359375,5.105391802920758
498750.0,2753.483642578125,2753.483642578125,1014.570556640625,-1738.9130859375,5.105383738857173
499000.0,1931.2706298828125,1931.2706298828125,1016.535400390625,-914.7352294921875,5.105376163981914
499250.0,2100.591796875,2100.591796875,989.6259765625,-1110.9658203125,5.10533986240092
499500.0,2454.30029296875,2454.30029296875,995.6243896484375,-1458.6759033203125,5.105325188608395
499750.0,1466.667236328125,1466.667236328125,1017.096923828125,-449.5703125,5.10527860866033
500000.0,1927.257568359375,1927.257568359375,965.126708984375,-962.130859375,5.0909588525043885
