step,episode_reward,replay_return,imagined_return,imagination_gap,steps_per_second
250.0,5.487017631530762,5.487017631530762,,,2.2372230734871397
500.0,12.444616317749023,12.444616317749023,,,4.456508592362012
750.0,2.448646068572998,2.448646068572998,,,6.658845635572914
1000.0,4.623258590698242,4.623258590698242,,,8.844162515340763
1250.0,2.4064807891845703,2.4064807891845703,,,11.01253098434851
1500.0,12.351619720458984,12.351619720458984,,,13.163976394740219
1750.0,6.211991786956787,6.211991786956787,,,15.297249362106962
2000.0,7.103444576263428,7.103444576263428,,,17.41643580333028
2250.0,6.5869927406311035,6.5869927406311035,,,19.51908574442877
2500.0,7.34844970703125,7.34844970703125,,,21.60682010262708
2750.0,4.555013179779053,4.555013179779053,,,12.455831559688015
3000.0,5.937624931335449,5.937624931335449,3.1567459106445312,-2.780879020690918,12.487596585370012
3250.0,13.543285369873047,13.543285369873047,3.1309027671813965,-10.41238260269165,12.52289780784678
3500.0,4.364523887634277,4.364523887634277,3.0529563426971436,-1.3115675449371338,12.546257863894764
3750.0,2.9223387241363525,2.9223387241363525,3.053781032562256,0.13144230842590332,12.55945779532607
4000.0,6.255009651184082,6.255009651184082,3.178659200668335,-3.076350450515747,12.575978221831415
4250.0,3.4106616973876953,3.4106616973876953,3.9553451538085938,0.5446834564208984,12.577133242296009
4500.0,4.458801746368408,4.458801746368408,3.8537869453430176,-0.6050148010253906,12.596273833369382
4750.0,23.090940475463867,23.090940475463867,4.022349834442139,-19.06859064102173,12.615509001236564
5000.0,9.452831268310547,9.452831268310547,3.8845739364624023,-5.5682573318481445,12.63072062906813
5250.0,6.414516448974609,6.414516448974609,3.96710205078125,-2.4474143981933594,12.642205083250962
5500.0,5.597456932067871,5.597456932067871,4.270778656005859,-1.3266782760620117,12.66243567374476
5750.0,9.560652732849121,9.560652732849121,4.302137851715088,-5.258514881134033,12.675496940107271
6000.0,13.047935485839844,13.047935485839844,4.81178092956543,-8.236154556274414,12.683721060772402
6250.0,7.682544708251953,7.682544708251953,5.325268268585205,-2.357276439666748,12.69379115477637
6500.0,13.863073348999023,13.863073348999023,3.9758996963500977,-9.887173652648926,12.702334717593954
6750.0,9.527673721313477,9.527673721313477,5.331009864807129,-4.196663856506348,12.707764989015914
7000.0,20.912803649902344,20.912803649902344,4.080104827880859,-16.832698822021484,12.715139079960341
7250.0,7.74961519241333,7.74961519241333,5.073797225952148,-2.6758179664611816,12.727235387486067
7500.0,11.770827293395996,11.770827293395996,5.004267692565918,-6.766559600830078,12.739103678819896
7750.0,14.07622241973877,14.07622241973877,5.199127197265625,-8.877095222473145,12.749528235850768
8000.0,18.380451202392578,18.380451202392578,5.242498397827148,-13.13795280456543,12.760279026722822
8250.0,7.208060264587402,7.208060264587402,5.42827033996582,-1.779789924621582,12.763966431718137
8500.0,15.160027503967285,15.160027503967285,5.815192222595215,-9.34483528137207,12.770161251526483
8750.0,19.642898559570312,19.642898559570312,6.0592546463012695,-13.583643913269043,12.77670385156814
9000.0,7.242208957672119,7.242208957672119,5.881589412689209,-1.3606195449829102,12.783809480764823
9250.0,7.314831733703613,7.314831733703613,6.243655204772949,-1.071176528930664,12.78674727453631
9500.0,11.13305377960205,11.13305377960205,6.488039970397949,-4.645013809204102,12.788888075907401
9750.0,9.68381118774414,9.68381118774414,6.4536824226379395,-3.230128765106201,12.790560160010964
10000.0,8.326324462890625,8.326324462890625,6.382171154022217,-1.9441533088684082,11.243582063431063
10250.0,15.12394905090332,15.12394905090332,6.646225929260254,-8.477723121643066,11.278241224902525
10500.0,10.427679061889648,10.427679061889648,6.757905006408691,-3.669774055480957,11.310062811908885
10750.0,23.436302185058594,23.436302185058594,6.95103120803833,-16.485270977020264,11.339709098570818
11000.0,12.28345775604248,12.28345775604248,6.947014808654785,-5.336442947387695,11.370831989696528
11250.0,18.219707489013672,18.219707489013672,7.038028240203857,-11.181679248809814,11.399681380998544
11500.0,8.92823600769043,8.92823600769043,7.146924018859863,-1.7813119888305664,11.42716203419101
11750.0,14.335894584655762,14.335894584655762,7.255193710327148,-7.080700874328613,11.452183181833085
12000.0,12.590344429016113,12.590344429016113,7.470189094543457,-5.120155334472656,11.480114213483542
12250.0,9.409299850463867,9.409299850463867,7.630672454833984,-1.7786273956298828,11.50794053506176
12500.0,33.72699737548828,33.72699737548828,7.345069885253906,-26.381927490234375,11.535523873800852
12750.0,27.112924575805664,27.112924575805664,6.971975803375244,-20.14094877243042,11.56194230477678
13000.0,16.716468811035156,16.716468811035156,7.501140117645264,-9.215328693389893,11.584075090563902
13250.0,31.55793571472168,31.55793571472168,7.599827766418457,-23.958107948303223,11.605008398230115
13500.0,11.9957275390625,11.9957275390625,7.770511627197266,-4.225215911865234,11.626453966934967
13750.0,21.443058013916016,21.443058013916016,7.931201934814453,-13.511856079101562,11.647392507903382
14000.0,19.032699584960938,19.032699584960938,7.86783504486084,-11.164864540100098,11.66581405407296
14250.0,23.969459533691406,23.969459533691406,7.705972671508789,-16.263486862182617,11.683775057399393
14500.0,12.855463027954102,12.855463027954102,7.824907302856445,-5.030555725097656,11.703650312445061
14750.0,28.882328033447266,28.882328033447266,8.043169021606445,-20.83915901184082,11.723010968809936
15000.0,26.724227905273438,26.724227905273438,8.337617874145508,-18.38661003112793,11.74187294698884
15250.0,17.625497817993164,17.625497817993164,8.401880264282227,-9.223617553710938,11.758056863481446
15500.0,23.64876365661621,23.64876365661621,8.242961883544922,-15.405801773071289,11.775642479749832
15750.0,12.594257354736328,12.594257354736328,8.919660568237305,-3.6745967864990234,11.78939585518783
16000.0,7.374035835266113,7.374035835266113,8.191736221313477,0.8177003860473633,11.808196736948759
16250.0,15.307760238647461,15.307760238647461,8.927505493164062,-6.380254745483398,11.826386989758173
16500.0,17.31236457824707,17.31236457824707,8.658390045166016,-8.653974533081055,11.8440744454443
16750.0,10.584035873413086,10.584035873413086,9.051021575927734,-1.5330142974853516,11.861250253926437
17000.0,9.15870189666748,9.15870189666748,8.761857986450195,-0.39684391021728516,11.877637441416
17250.0,13.693288803100586,13.693288803100586,8.881919860839844,-4.811368942260742,11.892567751423357
17500.0,13.92152214050293,13.92152214050293,8.81496524810791,-5.1065568923950195,11.905535683969482
17750.0,12.012351036071777,12.012351036071777,9.253599166870117,-2.75875186920166,11.918256321800756
18000.0,29.218046188354492,29.218046188354492,9.02606201171875,-20.191984176635742,11.929693027164692
18250.0,20.62645721435547,20.62645721435547,9.46019172668457,-11.166265487670898,11.941970252132366
18500.0,8.682435989379883,8.682435989379883,9.60489273071289,0.9224567413330078,11.954402808561948
18750.0,14.994115829467773,14.994115829467773,9.448151588439941,-5.545964241027832,11.967725194869606
19000.0,22.45332145690918,22.45332145690918,9.750728607177734,-12.702592849731445,11.98127055736547
19250.0,11.385129928588867,11.385129928588867,9.378629684448242,-2.006500244140625,11.994832325494349
19500.0,13.640435218811035,13.640435218811035,9.658464431762695,-3.98197078704834,12.008042671033643
19750.0,13.989476203918457,13.989476203918457,9.648968696594238,-4.340507507324219,12.020214224418062
20000.0,19.726205825805664,19.726205825805664,9.621929168701172,-10.104276657104492,11.312366719193145
20250.0,11.158717155456543,11.158717155456543,9.54442310333252,-1.6142940521240234,11.33242820085946
20500.0,66.6044692993164,66.6044692993164,9.74510669708252,-56.85936260223389,11.351841868749528
20750.0,16.760766983032227,16.760766983032227,9.8223876953125,-6.938379287719727,11.37108454217481
21000.0,67.98722076416016,67.98722076416016,9.959709167480469,-58.02751159667969,11.388295265883412
21250.0,48.965152740478516,48.965152740478516,9.975194931030273,-38.98995780944824,11.405217800589531
21500.0,38.15571212768555,38.15571212768555,10.62546157836914,-27.530250549316406,11.423092708167562
21750.0,31.443588256835938,31.443588256835938,10.946370124816895,-20.497218132019043,11.440559401358222
22000.0,38.136539459228516,38.136539459228516,10.20355224609375,-27.932987213134766,11.457214026579848
22250.0,24.74370002746582,24.74370002746582,10.010536193847656,-14.733163833618164,11.472945195442643
22500.0,41.51899337768555,41.51899337768555,10.54591178894043,-30.973081588745117,11.487387726923966
22750.0,6.223050594329834,6.223050594329834,10.63336181640625,4.410311222076416,11.501401969406704
23000.0,9.440977096557617,9.440977096557617,9.923140525817871,0.4821634292602539,11.515336338898319
23250.0,52.175567626953125,52.175567626953125,11.928524017333984,-40.24704360961914,11.529074709979284
23500.0,14.811832427978516,14.811832427978516,11.075772285461426,-3.73606014251709,11.544020621535763
23750.0,17.288543701171875,17.288543701171875,10.229864120483398,-7.058679580688477,11.55893559057176
24000.0,18.348297119140625,18.348297119140625,11.74202823638916,-6.606268882751465,11.573634728574865
24250.0,28.372901916503906,28.372901916503906,11.472248077392578,-16.900653839111328,11.587394401224113
24500.0,11.4716796875,11.4716796875,11.111798286437988,-0.3598814010620117,11.602234030455953
24750.0,8.011122703552246,8.011122703552246,11.10302734375,3.091904640197754,11.616979643665692
25000.0,32.057960510253906,32.057960510253906,12.693134307861328,-19.364826202392578,11.630403701087952
25250.0,15.78569221496582,15.78569221496582,12.093301773071289,-3.6923904418945312,11.643742458376067
25500.0,28.657501220703125,28.657501220703125,12.933732032775879,-15.723769187927246,11.656848550633436
25750.0,78.33263397216797,78.33263397216797,11.313139915466309,-67.01949405670166,11.669819426059995
26000.0,13.067428588867188,13.067428588867188,11.06623649597168,-2.001192092895508,11.68245964153898
26250.0,99.02494812011719,99.02494812011719,13.321249008178711,-85.70369911193848,11.690037734156073
26500.0,9.941951751708984,9.941951751708984,14.527180671691895,4.58522891998291,11.703362849730112
26750.0,34.378814697265625,34.378814697265625,15.064143180847168,-19.314671516418457,11.716372429159092
27000.0,31.83447265625,31.83447265625,10.484786987304688,-21.349685668945312,11.72931257172674
27250.0,15.060527801513672,15.060527801513672,14.81885051727295,-0.24167728424072266,11.742264931324126
27500.0,9.798609733581543,9.798609733581543,14.898064613342285,5.099454879760742,11.755504859573493
27750.0,34.287506103515625,34.287506103515625,12.003913879394531,-22.283592224121094,11.768172369046894
28000.0,22.681602478027344,22.681602478027344,12.204124450683594,-10.47747802734375,11.780157573802256
28250.0,26.055421829223633,26.055421829223633,11.711160659790039,-14.344261169433594,11.792967461380298
28500.0,40.196998596191406,40.196998596191406,14.29145622253418,-25.905542373657227,11.805723871694536
28750.0,20.98739242553711,20.98739242553711,13.995549201965332,-6.991843223571777,11.817809517376423
29000.0,9.640544891357422,9.640544891357422,14.208574295043945,4.568029403686523,11.829654144889778
29250.0,15.822505950927734,15.822505950927734,15.141752243041992,-0.6807537078857422,11.841459824996315
29500.0,23.331445693969727,23.331445693969727,16.946048736572266,-6.385396957397461,11.852077455911033
29750.0,16.391582489013672,16.391582489013672,12.173348426818848,-4.218234062194824,11.863789780582653
30000.0,31.59353256225586,31.59353256225586,14.229560852050781,-17.363971710205078,11.401962407948018
30250.0,19.656526565551758,19.656526565551758,15.389947891235352,-4.266578674316406,11.416208429287634
30500.0,216.9561309814453,216.9561309814453,16.39542007446289,-200.56071090698242,11.430668712008059
30750.0,21.868154525756836,21.868154525756836,14.787422180175781,-7.080732345581055,11.44536281746562
31000.0,37.647422790527344,37.647422790527344,17.29598617553711,-20.351436614990234,11.45876281035093
31250.0,76.93839263916016,76.93839263916016,15.766550064086914,-61.17184257507324,11.47237404059736
31500.0,34.33293533325195,34.33293533325195,15.922140121459961,-18.410795211791992,11.485279089404324
31750.0,28.466638565063477,28.466638565063477,15.588404655456543,-12.878233909606934,11.498648796763284
32000.0,25.451622009277344,25.451622009277344,15.286266326904297,-10.165355682373047,11.512073873746512
32250.0,17.939910888671875,17.939910888671875,17.365537643432617,-0.5743732452392578,11.524921960857077
32500.0,174.48585510253906,174.48585510253906,16.966915130615234,-157.51893997192383,11.537489559149938
32750.0,17.9243221282959,17.9243221282959,16.38664436340332,-1.5376777648925781,11.550817854501783
33000.0,28.1347599029541,28.1347599029541,12.85340690612793,-15.281352996826172,11.563314974945415
33250.0,64.56937408447266,64.56937408447266,16.910537719726562,-47.658836364746094,11.575333138756035
33500.0,15.656049728393555,15.656049728393555,17.555692672729492,1.8996429443359375,11.58716161271302
33750.0,166.7624053955078,166.7624053955078,16.35950469970703,-150.40290069580078,11.598515477531864
34000.0,21.572179794311523,21.572179794311523,16.77528190612793,-4.796897888183594,11.609535994811319
34250.0,64.34652709960938,64.34652709960938,17.987442016601562,-46.35908508300781,11.620055509966564
34500.0,22.665990829467773,22.665990829467773,14.31527328491211,-8.350717544555664,11.631422762033628
34750.0,384.9527282714844,384.9527282714844,17.512048721313477,-367.4406795501709,11.642098568697714
35000.0,11.988164901733398,11.988164901733398,14.846957206726074,2.858792304992676,11.653577007552222
35250.0,24.222915649414062,24.222915649414062,18.188690185546875,-6.0342254638671875,11.664320889739582
35500.0,102.67730712890625,102.67730712890625,16.273252487182617,-86.40405464172363,11.674747138118112
35750.0,16.501243591308594,16.501243591308594,18.14287567138672,1.641632080078125,11.684868320543739
36000.0,16.975318908691406,16.975318908691406,18.710163116455078,1.7348442077636719,11.694852044550046
36250.0,38.34988784790039,38.34988784790039,18.875938415527344,-19.473949432373047,11.705114934476438
36500.0,12.780499458312988,12.780499458312988,16.361122131347656,3.580622673034668,11.715350822628007
36750.0,51.795318603515625,51.795318603515625,21.475547790527344,-30.31977081298828,11.724724116527451
37000.0,84.54782104492188,84.54782104492188,16.147188186645508,-68.40063285827637,11.734221357901523
37250.0,11.758047103881836,11.758047103881836,26.33185577392578,14.573808670043945,11.743833262576793
37500.0,161.3818817138672,161.3818817138672,27.106704711914062,-134.27517700195312,11.753384340475506
37750.0,26.517894744873047,26.517894744873047,29.3702392578125,2.852344512939453,11.763521771398036
38000.0,110.08916473388672,110.08916473388672,32.62612533569336,-77.46303939819336,11.773776921951828
38250.0,12.419380187988281,12.419380187988281,32.28938293457031,19.87000274658203,11.783884872635475
38500.0,72.79682922363281,72.79682922363281,19.277252197265625,-53.51957702636719,11.79406060565707
38750.0,21.307065963745117,21.307065963745117,29.445262908935547,8.13819694519043,11.804089009351392
39000.0,6.841050624847412,6.841050624847412,33.51096725463867,26.66991662979126,11.813851311886552
39250.0,18.99687957763672,18.99687957763672,33.8271484375,14.830268859863281,11.823594202199066
39500.0,15.467784881591797,15.467784881591797,18.57600212097168,3.108217239379883,11.832718266989115
39750.0,17.47304916381836,17.47304916381836,22.224231719970703,4.751182556152344,11.841482137751553
40000.0,47.26277160644531,47.26277160644531,14.85442066192627,-32.40835094451904,11.490734114521484
40250.0,55.409278869628906,55.409278869628906,33.256099700927734,-22.153179168701172,11.500449609214096
40500.0,157.12704467773438,157.12704467773438,30.960845947265625,-126.16619873046875,11.51000514556095
40750.0,577.5850219726562,577.5850219726562,30.210493087768555,-547.3745288848877,11.519421375393122
41000.0,79.85136413574219,79.85136413574219,26.59647560119629,-53.2548885345459,11.52883633403753
41250.0,26.499162673950195,26.499162673950195,22.658687591552734,-3.840475082397461,11.538121638479382
41500.0,11.476994514465332,11.476994514465332,22.540584564208984,11.063590049743652,11.547351668386629
41750.0,27.284482955932617,27.284482955932617,34.475433349609375,7.190950393676758,11.556468825502666
42000.0,9.20186996459961,9.20186996459961,18.1779727935791,8.976102828979492,11.565585389809431
42250.0,55.576446533203125,55.576446533203125,23.346527099609375,-32.22991943359375,11.574574160137635
42500.0,13.873035430908203,13.873035430908203,50.118446350097656,36.24541091918945,11.583166543059292
42750.0,25.801923751831055,25.801923751831055,27.608694076538086,1.8067703247070312,11.591945282382751
43000.0,26.38671112060547,26.38671112060547,16.635631561279297,-9.751079559326172,11.601509849704176
43250.0,7.439430236816406,7.439430236816406,23.642845153808594,16.203414916992188,11.611098583118542
43500.0,29.71584701538086,29.71584701538086,22.559982299804688,-7.155864715576172,11.620611685988049
43750.0,76.18620300292969,76.18620300292969,46.250579833984375,-29.935623168945312,11.628772347876854
44000.0,29.418685913085938,29.418685913085938,27.360368728637695,-2.058317184448242,11.636421710939723
44250.0,136.5607452392578,136.5607452392578,66.94599914550781,-69.61474609375,11.644489416466309
44500.0,10.683950424194336,10.683950424194336,62.797325134277344,52.11337471008301,11.652281020131046
44750.0,16.301881790161133,16.301881790161133,68.41381072998047,52.111928939819336,11.660092478514976
45000.0,95.64097595214844,95.64097595214844,34.15318298339844,-61.48779296875,11.668843328431189
45250.0,213.91201782226562,213.91201782226562,70.34719848632812,-143.5648193359375,11.67742961116346
45500.0,42.99224853515625,42.99224853515625,23.94733238220215,-19.0449161529541,11.685667188333317
45750.0,11.458868980407715,11.458868980407715,21.769458770751953,10.310589790344238,11.693596310655508
46000.0,129.6654815673828,129.6654815673828,75.97949981689453,-53.68598175048828,11.70092249840348
46250.0,253.822021484375,253.822021484375,57.357521057128906,-196.4645004272461,11.707839446565275
46500.0,296.8485412597656,296.8485412597656,88.04875946044922,-208.7997817993164,11.714443522212463
46750.0,15.586432456970215,15.586432456970215,53.36894226074219,37.78250980377197,11.721804949584435
47000.0,50.619049072265625,50.619049072265625,75.22859191894531,24.609542846679688,11.729735650913115
47250.0,1.420268177986145,1.420268177986145,35.74745178222656,34.32718360424042,11.737529444692898
47500.0,341.0584716796875,341.0584716796875,72.91471099853516,-268.14376068115234,11.745255902243494
47750.0,3.4970784187316895,3.4970784187316895,23.10822296142578,19.611144542694092,11.752863181664585
48000.0,1037.8890380859375,1037.8890380859375,117.49700927734375,-920.3920288085938,11.760303349449726
48250.0,172.98028564453125,172.98028564453125,94.39956665039062,-78.58071899414062,11.767889270812965
48500.0,58.91654586791992,58.91654586791992,91.01081848144531,32.09427261352539,11.7753515598369
48750.0,27.75973129272461,27.75973129272461,27.554283142089844,-0.20544815063476562,11.782863061566381
49000.0,41.20496368408203,41.20496368408203,27.719532012939453,-13.485431671142578,11.790200643203997
49250.0,826.1148681640625,826.1148681640625,62.476295471191406,-763.6385726928711,11.797439269100037
49500.0,367.792724609375,367.792724609375,28.798505783081055,-338.99421882629395,11.804160015211497
49750.0,1379.1741943359375,1379.1741943359375,112.29197692871094,-1266.8822174072266,11.81148077556343
50000.0,3.1593947410583496,3.1593947410583496,47.03237533569336,43.87298059463501,11.534192844288249
50250.0,66.60697937011719,66.60697937011719,84.07530212402344,17.46832275390625,11.541398095537081
50500.0,23.948673248291016,23.948673248291016,98.77629089355469,74.82761764526367,11.54865445652772
50750.0,42.073787689208984,42.073787689208984,110.1651611328125,68.09137344360352,11.555413041225577
51000.0,737.71923828125,737.71923828125,20.68610382080078,-717.0331344604492,11.562468352459947
51250.0,24.080944061279297,24.080944061279297,57.95665740966797,33.87571334838867,11.569886168916014
51500.0,45.613685607910156,45.613685607910156,104.48260498046875,58.868919372558594,11.577408889899356
51750.0,11.656816482543945,11.656816482543945,87.5940170288086,75.93720054626465,11.585020568862193
52000.0,840.02587890625,840.02587890625,110.20046997070312,-729.8254089355469,11.592375067065994
52250.0,45.41981506347656,45.41981506347656,153.37838745117188,107.95857238769531,11.59997038464236
52500.0,1524.4437255859375,1524.4437255859375,96.55224609375,-1427.8914794921875,11.60747768381227
52750.0,192.32122802734375,192.32122802734375,137.95074462890625,-54.3704833984375,11.615012043602372
53000.0,1245.0355224609375,1245.0355224609375,149.77047729492188,-1095.2650451660156,11.62221484566697
53250.0,666.9096069335938,666.9096069335938,132.865966796875,-534.0436401367188,11.629909101088348
53500.0,2801.455810546875,2801.455810546875,116.98782348632812,-2684.467987060547,11.63753177818484
53750.0,2021.6768798828125,2021.6768798828125,134.36874389648438,-1887.3081359863281,11.645051461637463
54000.0,22.60099983215332,22.60099983215332,52.574012756347656,29.973012924194336,11.652320740735165
54250.0,14.515054702758789,14.515054702758789,50.934879302978516,36.41982460021973,11.659879778420494
54500.0,217.2060089111328,217.2060089111328,162.6175079345703,-54.5885009765625,11.66733760458321
54750.0,10.052935600280762,10.052935600280762,74.97586059570312,64.92292499542236,11.674694038370816
55000.0,38.149085998535156,38.149085998535156,158.9142303466797,120.76514434814453,11.682014705832938
55250.0,77.028076171875,77.028076171875,180.66064453125,103.632568359375,11.689336773391535
55500.0,18.53676414489746,18.53676414489746,141.55023193359375,123.01346778869629,11.69580979477528
55750.0,105.83038330078125,105.83038330078125,211.93984985351562,106.10946655273438,11.702956823105824
56000.0,41.20994186401367,41.20994186401367,211.29835510253906,170.0884132385254,11.710083041950108
56250.0,15.48151683807373,15.48151683807373,48.18797302246094,32.70645618438721,11.717126036923968
56500.0,3027.56494140625,3027.56494140625,229.6285858154297,-2797.9363555908203,11.723937418741302
56750.0,202.0615234375,202.0615234375,38.75364685058594,-163.30787658691406,11.730468905406047
57000.0,1296.8248291015625,1296.8248291015625,157.2662811279297,-1139.5585479736328,11.737005955018695
57250.0,14.174456596374512,14.174456596374512,181.98548889160156,167.81103229522705,11.743560347403049
57500.0,1869.4271240234375,1869.4271240234375,108.143310546875,-1761.2838134765625,11.750231765262193
57750.0,4.387454509735107,4.387454509735107,143.42469787597656,139.03724336624146,11.75695567216803
58000.0,420.32293701171875,420.32293701171875,93.24784851074219,-327.07508850097656,11.76295354296246
58250.0,1460.561767578125,1460.561767578125,168.65756225585938,-1291.9042053222656,11.768657504213442
58500.0,26.217561721801758,26.217561721801758,137.54486083984375,111.32729911804199,11.774414411143413
58750.0,21.536317825317383,21.536317825317383,94.4461898803711,72.90987205505371,11.780095623549187
59000.0,1619.7708740234375,1619.7708740234375,150.7178955078125,-1469.052978515625,11.785865188801354
59250.0,47.56497573852539,47.56497573852539,166.7754669189453,119.21049118041992,11.791888221747625
59500.0,417.4571838378906,417.4571838378906,116.64869689941406,-300.80848693847656,11.798309214446085
59750.0,3.5808653831481934,3.5808653831481934,94.35594177246094,90.77507638931274,11.804645306065506
60000.0,40.02638244628906,40.02638244628906,94.66952514648438,54.64314270019531,11.573764464975584
60250.0,46.23113250732422,46.23113250732422,127.78128814697266,81.55015563964844,11.580374659615828
60500.0,77.66686248779297,77.66686248779297,139.7646484375,62.09778594970703,11.586940882778531
60750.0,50.53213882446289,50.53213882446289,136.29156494140625,85.75942611694336,11.59345446044102
61000.0,581.673828125,581.673828125,121.38688659667969,-460.2869415283203,11.599953266812351
61250.0,10.794857025146484,10.794857025146484,169.2401885986328,158.44533157348633,11.606380730948691
61500.0,1692.860107421875,1692.860107421875,247.0662841796875,-1445.7938232421875,11.612443432538587
61750.0,27.697101593017578,27.697101593017578,73.69978332519531,46.002681732177734,11.618626780024936
62000.0,2426.464111328125,2426.464111328125,70.90953063964844,-2355.5545806884766,11.624821583423994
62250.0,1718.83447265625,1718.83447265625,114.8827133178711,-1603.951759338379,11.631138584345305
62500.0,1574.3651123046875,1574.3651123046875,208.1181640625,-1366.2469482421875,11.637409153331161
62750.0,76.20967102050781,76.20967102050781,65.35478210449219,-10.854888916015625,11.643898547632109
63000.0,45.76798629760742,45.76798629760742,205.03390502929688,159.26591873168945,11.650078344949511
63250.0,2396.153564453125,2396.153564453125,168.5707550048828,-2227.582809448242,11.656136119848831
63500.0,104.43360900878906,104.43360900878906,145.2195281982422,40.785919189453125,11.662199938727934
63750.0,1181.463623046875,1181.463623046875,227.60675048828125,-953.8568725585938,11.668052866562084
64000.0,42.318939208984375,42.318939208984375,114.42474365234375,72.10580444335938,11.6736418514827
64250.0,1740.6109619140625,1740.6109619140625,176.4204864501953,-1564.1904754638672,11.679602982917546
64500.0,2023.8729248046875,2023.8729248046875,165.35498046875,-1858.5179443359375,11.68549328477307
64750.0,423.7953186035156,423.7953186035156,189.8484344482422,-233.94688415527344,11.69136538975738
65000.0,276.8659362792969,276.8659362792969,253.48965454101562,-23.37628173828125,11.697261585853512
65250.0,12.97839069366455,12.97839069366455,170.0850830078125,157.10669231414795,11.703175681263652
65500.0,23.412260055541992,23.412260055541992,85.61833190917969,62.206071853637695,11.709013367420448
65750.0,7.294346809387207,7.294346809387207,249.81387329101562,242.51952648162842,11.714753990859156
66000.0,3554.952880859375,3554.952880859375,144.88259887695312,-3410.070281982422,11.720352225157727
66250.0,2379.986083984375,2379.986083984375,61.05267333984375,-2318.9334106445312,11.725873932604626
66500.0,1149.19091796875,1149.19091796875,214.98587036132812,-934.2050476074219,11.73136325496385
66750.0,1278.918212890625,1278.918212890625,198.6224365234375,-1080.2957763671875,11.737134955564468
67000.0,1546.7113037109375,1546.7113037109375,104.81353759765625,-1441.8977661132812,11.742989980877587
67250.0,15.80449390411377,15.80449390411377,163.8867950439453,148.08230113983154,11.748804012712577
67500.0,25.95743179321289,25.95743179321289,148.3408660888672,122.3834342956543,11.754445673235244
67750.0,12.328954696655273,12.328954696655273,205.33184814453125,193.00289344787598,11.759696490657502
68000.0,13.869160652160645,13.869160652160645,215.512939453125,201.64377880096436,11.765204240512492
68250.0,136.32215881347656,136.32215881347656,247.71690368652344,111.39474487304688,11.77060270941594
68500.0,21.48970603942871,21.48970603942871,247.0001220703125,225.5104160308838,11.77585269439741
68750.0,6.176242351531982,6.176242351531982,196.774169921875,190.59792757034302,11.781211451371703
69000.0,5.895664215087891,5.895664215087891,184.79180908203125,178.89614486694336,11.786642434552551
69250.0,3019.6181640625,3019.6181640625,256.3690185546875,-2763.2491455078125,11.791833995269569
69500.0,2001.7691650390625,2001.7691650390625,250.0573272705078,-1751.7118377685547,11.797185166452614
69750.0,8.75101375579834,8.75101375579834,173.4781951904297,164.72718143463135,11.802282530339237
70000.0,2156.493408203125,2156.493408203125,190.10264587402344,-1966.3907623291016,11.60427071177103
70250.0,4376.06591796875,4376.06591796875,255.1878662109375,-4120.8780517578125,11.6101417765096
70500.0,26.986980438232422,26.986980438232422,140.46682739257812,113.4798469543457,11.615971204991542
70750.0,2644.60400390625,2644.60400390625,331.9564208984375,-2312.6475830078125,11.621746580628992
71000.0,528.4957885742188,528.4957885742188,141.74557495117188,-386.7502136230469,11.627576851599562
71250.0,1373.900390625,1373.900390625,327.35833740234375,-1046.5420532226562,11.633464185015939
71500.0,64.28643798828125,64.28643798828125,351.5226745605469,287.2362365722656,11.639117165262366
71750.0,11.720613479614258,11.720613479614258,199.06866455078125,187.348051071167,11.644369286578643
72000.0,1436.6158447265625,1436.6158447265625,264.15277099609375,-1172.4630737304688,11.6499021111896
72250.0,3642.150390625,3642.150390625,363.09600830078125,-3279.0543823242188,11.655526970623514
72500.0,309.38336181640625,309.38336181640625,159.16647338867188,-150.21688842773438,11.660833784827389
72750.0,2856.1552734375,2856.1552734375,324.02337646484375,-2532.1318969726562,11.665765908694697
73000.0,2815.427978515625,2815.427978515625,312.6579895019531,-2502.769989013672,11.670912308146328
73250.0,1865.280029296875,1865.280029296875,164.01364135742188,-1701.2663879394531,11.676108164987763
73500.0,110.48333740234375,110.48333740234375,369.5250549316406,259.0417175292969,11.681404870995708
73750.0,58.12245559692383,58.12245559692383,255.07192993164062,196.9494743347168,11.686864120741333
74000.0,3264.35205078125,3264.35205078125,373.5892028808594,-2890.7628479003906,11.691877165037662
74250.0,1863.462158203125,1863.462158203125,222.30575561523438,-1641.1564025878906,11.697235988700553
74500.0,1074.2730712890625,1074.2730712890625,400.944091796875,-673.3289794921875,11.702356376339056
74750.0,2843.90185546875,2843.90185546875,414.105224609375,-2429.796630859375,11.707274716283905
75000.0,2004.59228515625,2004.59228515625,391.74713134765625,-1612.8451538085938,11.712293172766591
75250.0,2434.09033203125,2434.09033203125,408.32269287109375,-2025.7676391601562,11.717310814345598
75500.0,3640.146728515625,3640.146728515625,355.8611145019531,-3284.285614013672,11.7223376786017
75750.0,235.92527770996094,235.92527770996094,388.3045349121094,152.37925720214844,11.72734418983656
76000.0,5.3869194984436035,5.3869194984436035,340.4728088378906,335.085889339447,11.732122800513977
76250.0,2352.16015625,2352.16015625,380.23382568359375,-1971.9263305664062,11.737243968302383
76500.0,22.161893844604492,22.161893844604492,235.91943359375,213.7575397491455,11.74253039507939
76750.0,4349.642578125,4349.642578125,372.2122802734375,-3977.4302978515625,11.747742271742512
77000.0,2525.03173828125,2525.03173828125,384.3585510253906,-2140.6731872558594,11.752795417832791
77250.0,4201.76025390625,4201.76025390625,461.8630676269531,-3739.897186279297,11.757732213556967
77500.0,1488.5618896484375,1488.5618896484375,427.88665771484375,-1060.6752319335938,11.76261617632994
77750.0,985.46435546875,985.46435546875,463.3144226074219,-522.1499328613281,11.767372082082355
78000.0,1782.193115234375,1782.193115234375,435.82659912109375,-1346.3665161132812,11.772058048185057
78250.0,65.37410736083984,65.37410736083984,216.31460571289062,150.94049835205078,11.77512181464658
78500.0,1911.654052734375,1911.654052734375,438.8394775390625,-1472.8145751953125,11.779616565871883
78750.0,1542.7921142578125,1542.7921142578125,382.40106201171875,-1160.3910522460938,11.78419316554263
79000.0,13.733749389648438,13.733749389648438,198.2546844482422,184.52093505859375,11.788793002059986
79250.0,1846.93408203125,1846.93408203125,362.8697509765625,-1484.0643310546875,11.792645860678393
79500.0,262.391357421875,262.391357421875,255.16867065429688,-7.222686767578125,11.79682928102216
79750.0,6.659383296966553,6.659383296966553,247.04798889160156,240.388605594635,11.801012117293991
80000.0,2663.5517578125,2663.5517578125,390.35284423828125,-2273.1989135742188,11.6253777422049
80250.0,3434.915771484375,3434.915771484375,393.6175537109375,-3041.2982177734375,11.63010747490771
80500.0,2536.2001953125,2536.2001953125,301.0584411621094,-2235.1417541503906,11.63505360503655
80750.0,409.5515441894531,409.5515441894531,297.4076232910156,-112.1439208984375,11.639534042151043
81000.0,225.3098602294922,225.3098602294922,406.00262451171875,180.69276428222656,11.644620534536129
81250.0,2050.227783203125,2050.227783203125,437.69879150390625,-1612.5289916992188,11.649567327270594
81500.0,6.075164794921875,6.075164794921875,165.89382934570312,159.81866455078125,11.654245977241535
81750.0,2500.510498046875,2500.510498046875,413.5859375,-2086.924560546875,11.658778517759709
82000.0,3245.538330078125,3245.538330078125,244.10629272460938,-3001.4320373535156,11.663519138538346
82250.0,604.4375,604.4375,344.4127197265625,-260.0247802734375,11.667959660623284
82500.0,2009.240478515625,2009.240478515625,465.1783752441406,-1544.0621032714844,11.672489005698539
82750.0,36.581321716308594,36.581321716308594,307.1172790527344,270.5359573364258,11.676901801631406
83000.0,2601.757568359375,2601.757568359375,485.6160583496094,-2116.1415100097656,11.68113900503166
83250.0,2345.12939453125,2345.12939453125,562.8631591796875,-1782.2662353515625,11.683899376646215
83500.0,11.858949661254883,11.858949661254883,254.53720092773438,242.6782512664795,11.68772539865214
83750.0,542.0280151367188,542.0280151367188,483.52069091796875,-58.50732421875,11.691375003969961
84000.0,2317.12353515625,2317.12353515625,548.666259765625,-1768.457275390625,11.695602296916356
84250.0,1527.1182861328125,1527.1182861328125,195.151123046875,-1331.9671630859375,11.69978545863508
84500.0,2005.515869140625,2005.515869140625,565.718017578125,-1439.7978515625,11.703903006053649
84750.0,203.47727966308594,203.47727966308594,522.1243896484375,318.64710998535156,11.70808895959545
85000.0,3431.6630859375,3431.6630859375,211.14300537109375,-3220.5200805664062,11.712359587725187
85250.0,453.9960632324219,453.9960632324219,467.189208984375,13.193145751953125,11.716780079160317
85500.0,2731.95361328125,2731.95361328125,549.0662841796875,-2182.8873291015625,11.721152677494706
85750.0,78.02010345458984,78.02010345458984,400.0615234375,322.04141998291016,11.725568584239962
86000.0,3.2406110763549805,3.2406110763549805,98.52140808105469,95.2807970046997,11.72999194449149
86250.0,50.29060363769531,50.29060363769531,573.65576171875,523.3651580810547,11.734345544329393
86500.0,25.505413055419922,25.505413055419922,180.99929809570312,155.4938850402832,11.738642800738251
86750.0,2459.983154296875,2459.983154296875,596.8635864257812,-1863.1195678710938,11.742495207983518
87000.0,44.44793701171875,44.44793701171875,511.0836486816406,466.6357116699219,11.745451152365312
87250.0,2330.7587890625,2330.7587890625,593.1561279296875,-1737.6026611328125,11.749449898215174
87500.0,189.57638549804688,189.57638549804688,234.33668518066406,44.76029968261719,11.753312161576597
87750.0,2594.64453125,2594.64453125,552.470703125,-2042.173828125,11.757498847278896
88000.0,4.484145641326904,4.484145641326904,441.15936279296875,436.67521715164185,11.76181947032217
88250.0,1519.116943359375,1519.116943359375,586.0192260742188,-933.0977172851562,11.76602018839125
88500.0,2856.33935546875,2856.33935546875,682.8508911132812,-2173.4884643554688,11.769735414522218
88750.0,1015.533447265625,1015.533447265625,684.6112060546875,-330.9222412109375,11.773418248399592
89000.0,8.77798843383789,8.77798843383789,268.74127197265625,259.96328353881836,11.777666817282952
89250.0,3108.697998046875,3108.697998046875,443.5974426269531,-2665.100555419922,11.7815220831577
89500.0,3541.006591796875,3541.006591796875,684.3250732421875,-2856.6815185546875,11.785607249264675
89750.0,1946.734375,1946.734375,648.644287109375,-1298.090087890625,11.789690394886943
90000.0,1516.3797607421875,1516.3797607421875,664.0274658203125,-852.352294921875,11.634351580820859
90250.0,34.032920837402344,34.032920837402344,281.7737731933594,247.74085235595703,11.638835847188599
90500.0,1181.441162109375,1181.441162109375,698.7213134765625,-482.7198486328125,11.643123315080194
90750.0,1074.8519287109375,1074.8519287109375,690.4874267578125,-384.364501953125,11.647406349704408
91000.0,990.1691284179688,990.1691284179688,692.2865600585938,-297.882568359375,11.651423228181985
91250.0,16.166698455810547,16.166698455810547,498.851318359375,482.68461990356445,11.655398770402984
91500.0,74.0046157836914,74.0046157836914,317.97015380859375,243.96553802490234,11.659461927269726
91750.0,252.91026306152344,252.91026306152344,659.442138671875,406.53187561035156,11.663537863166702
92000.0,3107.078125,3107.078125,624.982177734375,-2482.095947265625,11.667364470470247
92250.0,1411.566162109375,1411.566162109375,706.1947021484375,-705.3714599609375,11.67105451159836
92500.0,2712.463134765625,2712.463134765625,671.5318603515625,-2040.9312744140625,11.674656176606382
92750.0,661.3646850585938,661.3646850585938,731.8314208984375,70.46673583984375,11.678303097797823
93000.0,2559.73291015625,2559.73291015625,710.4244384765625,-1849.3084716796875,11.681900362737581
93250.0,19.034517288208008,19.034517288208008,450.5707702636719,431.53625297546387,11.685422065030544
93500.0,1564.75439453125,1564.75439453125,678.4695434570312,-886.2848510742188,11.688976269015615
93750.0,2153.8369140625,2153.8369140625,674.69482421875,-1479.14208984375,11.692371212777283
94000.0,70.21471405029297,70.21471405029297,664.0731201171875,593.8584060668945,11.696275053100198
94250.0,331.87811279296875,331.87811279296875,675.8080444335938,343.929931640625,11.700303311066751
94500.0,3245.63916015625,3245.63916015625,685.6737060546875,-2559.9654541015625,11.704277459041728
94750.0,2589.2724609375,2589.2724609375,670.918701171875,-1918.353759765625,11.708253927529679
95000.0,2748.545654296875,2748.545654296875,610.2718505859375,-2138.2738037109375,11.71174700413513
95250.0,1571.47216796875,1571.47216796875,709.3729248046875,-862.0992431640625,11.715279134633604
95500.0,131.44369506835938,131.44369506835938,551.2117919921875,419.7680969238281,11.719088742950522
95750.0,7.68730354309082,7.68730354309082,258.82183837890625,251.13453483581543,11.722910410426508
96000.0,1659.2161865234375,1659.2161865234375,690.2757568359375,-968.9404296875,11.726677616609628
96250.0,2531.654052734375,2531.654052734375,464.8154296875,-2066.838623046875,11.730209159738965
96500.0,2430.746337890625,2430.746337890625,553.3128051757812,-1877.4335327148438,11.733901847613906
96750.0,1781.89404296875,1781.89404296875,720.4293212890625,-1061.4647216796875,11.737622953541194
97000.0,2477.583740234375,2477.583740234375,784.4329833984375,-1693.1507568359375,11.74131241594623
97250.0,2781.32275390625,2781.32275390625,554.5220336914062,-2226.8007202148438,11.744977811818075
97500.0,684.0431518554688,684.0431518554688,709.0419921875,24.99884033203125,11.748692280681963
97750.0,45.57416534423828,45.57416534423828,618.2968139648438,572.7226486206055,11.752476747733507
98000.0,2486.712890625,2486.712890625,785.2783203125,-1701.4345703125,11.756376214665552
98250.0,1919.7078857421875,1919.7078857421875,709.63037109375,-1210.0775146484375,11.76021194546048
98500.0,1492.5272216796875,1492.5272216796875,711.593505859375,-780.9337158203125,11.764063808628686
98750.0,1015.1943359375,1015.1943359375,766.5501708984375,-248.6441650390625,11.76776108232188
99000.0,2771.000244140625,2771.000244140625,813.1689453125,-1957.831298828125,11.771432350630565
99250.0,650.0331420898438,650.0331420898438,758.3630981445312,108.3299560546875,11.774847010015092
99500.0,80.54016876220703,80.54016876220703,502.6080322265625,422.06786346435547,11.778282977432124
99750.0,1173.3739013671875,1173.3739013671875,289.30743408203125,-884.0664672851562,11.781692592997132
100000.0,2371.36572265625,2371.36572265625,540.2738647460938,-1831.0918579101562,11.641468849425804
100250.0,2907.66015625,2907.66015625,455.26312255859375,-2452.3970336914062,11.645153316366692
100500.0,1079.8499755859375,1079.8499755859375,778.99267578125,-300.8572998046875,11.648765393209771
100750.0,1493.3350830078125,1493.3350830078125,467.98175048828125,-1025.3533325195312,11.652634814757466
101000.0,3304.0732421875,3304.0732421875,745.0189819335938,-2559.0542602539062,11.656548402005562
101250.0,206.12876892089844,206.12876892089844,521.3226318359375,315.19386291503906,11.660446143010107
101500.0,2687.735107421875,2687.735107421875,591.093994140625,-2096.64111328125,11.664290477957513
101750.0,1828.2706298828125,1828.2706298828125,748.8223876953125,-1079.4482421875,11.668106647556868
102000.0,1902.281494140625,1902.281494140625,687.6719970703125,-1214.6094970703125,11.671461278220534
102250.0,2359.00927734375,2359.00927734375,802.2119140625,-1556.79736328125,11.674882577613115
102500.0,2738.1708984375,2738.1708984375,636.7760009765625,-2101.3948974609375,11.678294937515666
102750.0,2088.873779296875,2088.873779296875,738.0586547851562,-1350.8151245117188,11.681735083720863
103000.0,116.47036743164062,116.47036743164062,717.7351684570312,601.2648010253906,11.68504336243328
103250.0,321.71484375,321.71484375,685.7115478515625,363.9967041015625,11.688338929175153
103500.0,1692.632568359375,1692.632568359375,663.116943359375,-1029.515625,11.691645555617495
103750.0,1864.52978515625,1864.52978515625,714.787109375,-1149.74267578125,11.694795706686117
104000.0,1410.1248779296875,1410.1248779296875,806.6779174804688,-603.4469604492188,11.69823718498888
104250.0,3288.42919921875,3288.42919921875,740.6491088867188,-2547.7800903320312,11.701678726571272
104500.0,748.9736938476562,748.9736938476562,509.0829162597656,-239.89077758789062,11.70505872917937
104750.0,20.84349822998047,20.84349822998047,708.953857421875,688.1103591918945,11.708405030475676
105000.0,3024.596435546875,3024.596435546875,710.3885498046875,-2314.2078857421875,11.711779447636266
105250.0,1622.6917724609375,1622.6917724609375,677.7398681640625,-944.951904296875,11.715169224948717
105500.0,314.28631591796875,314.28631591796875,464.27716064453125,149.9908447265625,11.718470802399388
105750.0,198.94969177246094,198.94969177246094,689.2557983398438,490.3061065673828,11.721598292631866
106000.0,1468.0457763671875,1468.0457763671875,674.014892578125,-794.0308837890625,11.724782795309256
106250.0,1296.7646484375,1296.7646484375,725.0836181640625,-571.6810302734375,11.728141097845654
106500.0,3515.79150390625,3515.79150390625,783.970947265625,-2731.820556640625,11.73131303813101
106750.0,2170.385986328125,2170.385986328125,703.5576782226562,-1466.8283081054688,11.734404629272818
107000.0,1014.6985473632812,1014.6985473632812,812.0465698242188,-202.6519775390625,11.737503562201884
107250.0,1160.420654296875,1160.420654296875,592.49755859375,-567.923095703125,11.740602022883444
107500.0,1150.91455078125,1150.91455078125,562.0301513671875,-588.8843994140625,11.743763898331407
107750.0,1364.4368896484375,1364.4368896484375,672.4613037109375,-691.9755859375,11.746891133677039
108000.0,217.3489532470703,217.3489532470703,394.22314453125,176.8741912841797,11.750314988238914
108250.0,1957.270263671875,1957.270263671875,574.1492919921875,-1383.1209716796875,11.753600709434568
108500.0,1961.9130859375,1961.9130859375,674.77734375,-1287.1357421875,11.756854552959803
108750.0,2524.56005859375,2524.56005859375,736.340576171875,-1788.219482421875,11.76010938005496
109000.0,2890.16455078125,2890.16455078125,761.5821533203125,-2128.5823974609375,11.76351620487619
109250.0,2892.260986328125,2892.260986328125,686.5257568359375,-2205.7352294921875,11.766560944459618
109500.0,424.94219970703125,424.94219970703125,642.5716552734375,217.62945556640625,11.769898334475238
109750.0,1791.9984130859375,1791.9984130859375,684.7086181640625,-1107.289794921875,11.772483569546587
110000.0,12.325775146484375,12.325775146484375,570.5617065429688,558.2359313964844,11.631638026429272
110250.0,118.091796875,118.091796875,384.4200439453125,266.3282470703125,11.633129446630871
110500.0,1143.081298828125,1143.081298828125,723.1253662109375,-419.9559326171875,11.634352787681134
110750.0,3370.62255859375,3370.62255859375,539.1412353515625,-2831.4813232421875,11.635747110722239
111000.0,1143.1693115234375,1143.1693115234375,481.76666259765625,-661.4026489257812,11.637182054605022
111250.0,3156.692626953125,3156.692626953125,696.4227294921875,-2460.2698974609375,11.638560711671103
111500.0,1228.45166015625,1228.45166015625,677.4472045898438,-551.0044555664062,11.63994661894827
111750.0,2997.574462890625,2997.574462890625,402.4336242675781,-2595.140838623047,11.641276826262605
112000.0,1683.194091796875,1683.194091796875,624.3511352539062,-1058.8429565429688,11.642176232101411
112250.0,81.4139175415039,81.4139175415039,748.9594116210938,667.5454940795898,11.643533722602516
112500.0,2908.506103515625,2908.506103515625,716.3226928710938,-2192.1834106445312,11.644797721063192
112750.0,2522.01806640625,2522.01806640625,776.057861328125,-1745.960205078125,11.646362282382741
113000.0,2679.869873046875,2679.869873046875,837.6611328125,-1842.208740234375,11.649689339086
113250.0,2441.020751953125,2441.020751953125,732.842529296875,-1708.17822265625,11.653060782290892
113500.0,2719.31982421875,2719.31982421875,763.6043701171875,-1955.7154541015625,11.656395126518298
113750.0,2876.470947265625,2876.470947265625,285.2579345703125,-2591.2130126953125,11.659524384918033
114000.0,2777.293212890625,2777.293212890625,784.885986328125,-1992.4072265625,11.662873243177458
114250.0,2509.57080078125,2509.57080078125,510.4943542480469,-1999.0764465332031,11.666233439914766
114500.0,22.68227767944336,22.68227767944336,669.8644409179688,647.1821632385254,11.669664440691896
114750.0,1905.556640625,1905.556640625,778.8589477539062,-1126.6976928710938,11.672716904011939
115000.0,2557.2734375,2557.2734375,828.9913940429688,-1728.2820434570312,11.675726188848111
115250.0,946.0284423828125,946.0284423828125,780.1704711914062,-165.85797119140625,11.67876482133947
115500.0,2642.933349609375,2642.933349609375,723.3348388671875,-1919.5985107421875,11.68180244022375
115750.0,2406.23486328125,2406.23486328125,704.8656005859375,-1701.3692626953125,11.684754232152406
116000.0,3537.31982421875,3537.31982421875,746.6705322265625,-2790.6492919921875,11.687751370525307
116250.0,3870.01708984375,3870.01708984375,615.8728637695312,-3254.1442260742188,11.69065544381176
116500.0,2740.041748046875,2740.041748046875,805.600830078125,-1934.44091796875,11.693570183107465
116750.0,178.55406188964844,178.55406188964844,404.8056640625,226.25160217285156,11.696647708150595
117000.0,12.337343215942383,12.337343215942383,696.971923828125,684.6345806121826,11.699800374421145
117250.0,3621.38720703125,3621.38720703125,795.29052734375,-2826.0966796875,11.702837559964888
117500.0,3223.74951171875,3223.74951171875,832.374755859375,-2391.374755859375,11.705823788373024
117750.0,7.595458984375,7.595458984375,805.5443725585938,797.9489135742188,11.708913639032424
118000.0,1793.8099365234375,1793.8099365234375,708.10888671875,-1085.7010498046875,11.711821229180359
118250.0,1224.9488525390625,1224.9488525390625,745.2520751953125,-479.69677734375,11.714712062006873
118500.0,59.364505767822266,59.364505767822266,740.30224609375,680.9377403259277,11.717650803911813
118750.0,389.58758544921875,389.58758544921875,783.22412109375,393.63653564453125,11.720614146200493
119000.0,3605.134033203125,3605.134033203125,782.542236328125,-2822.591796875,11.72334574093802
119250.0,4158.41552734375,4158.41552734375,692.7835693359375,-3465.6319580078125,11.726328268294907
119500.0,2425.166259765625,2425.166259765625,709.877685546875,-1715.28857421875,11.729265836239803
119750.0,2034.6162109375,2034.6162109375,699.6793823242188,-1334.9368286132812,11.732109089077785
120000.0,2628.788330078125,2628.788330078125,691.5453491210938,-1937.2429809570312,11.6138696271427
120250.0,2248.45703125,2248.45703125,746.3544311523438,-1502.1026000976562,11.616805213486593
120500.0,1439.08203125,1439.08203125,831.8636474609375,-607.2183837890625,11.619883996675517
120750.0,2254.280517578125,2254.280517578125,614.0729370117188,-1640.2075805664062,11.622914518557316
121000.0,2112.8681640625,2112.8681640625,598.57421875,-1514.2939453125,11.6258076162599
121250.0,556.1129150390625,556.1129150390625,838.6510009765625,282.5380859375,11.628781841861537
121500.0,810.8104248046875,810.8104248046875,804.8929443359375,-5.91748046875,11.631761683640907
121750.0,2199.119140625,2199.119140625,819.50390625,-1379.615234375,11.63467732049822
122000.0,1816.74365234375,1816.74365234375,571.2147216796875,-1245.5289306640625,11.63758588672369
122250.0,1641.515869140625,1641.515869140625,455.3970947265625,-1186.1187744140625,11.640402925259105
122500.0,1259.3031005859375,1259.3031005859375,761.9786376953125,-497.324462890625,11.643176371518367
122750.0,2252.82177734375,2252.82177734375,839.197021484375,-1413.624755859375,11.646043659301998
123000.0,2720.72998046875,2720.72998046875,763.8175048828125,-1956.9124755859375,11.648833274431903
123250.0,3876.6083984375,3876.6083984375,603.3617553710938,-3273.2466430664062,11.651643746680262
123500.0,1491.7640380859375,1491.7640380859375,837.2854614257812,-654.4785766601562,11.654325945218444
123750.0,2132.1474609375,2132.1474609375,746.9776000976562,-1385.1698608398438,11.656793538610765
124000.0,124.45824432373047,124.45824432373047,849.030517578125,724.5722732543945,11.659770629910158
124250.0,2581.1884765625,2581.1884765625,539.100830078125,-2042.087646484375,11.662578109787546
124500.0,61.181396484375,61.181396484375,577.7911376953125,516.6097412109375,11.665523380473783
124750.0,1105.751220703125,1105.751220703125,822.00341796875,-283.747802734375,11.668463667652025
125000.0,1426.8690185546875,1426.8690185546875,839.0172729492188,-587.8517456054688,11.671260445019104
125250.0,3309.906494140625,3309.906494140625,596.1627197265625,-2713.7437744140625,11.673765306313754
125500.0,2909.76611328125,2909.76611328125,798.959716796875,-2110.806396484375,11.676439284124436
125750.0,3551.1005859375,3551.1005859375,721.7506103515625,-2829.3499755859375,11.679083975451453
126000.0,2992.6630859375,2992.6630859375,812.890625,-2179.7724609375,11.681671723793853
126250.0,2336.71630859375,2336.71630859375,779.26123046875,-1557.455078125,11.68440729872326
126500.0,2545.837158203125,2545.837158203125,815.2861328125,-1730.551025390625,11.687176044740857
126750.0,2470.1337890625,2470.1337890625,828.354248046875,-1641.779541015625,11.689897621973138
127000.0,2264.908203125,2264.908203125,835.25,-1429.658203125,11.692648347093316
127250.0,3514.90966796875,3514.90966796875,841.0610961914062,-2673.8485717773438,11.6952444917217
127500.0,2577.15185546875,2577.15185546875,841.33935546875,-1735.8125,11.697816923811706
127750.0,2559.248046875,2559.248046875,858.8659057617188,-1700.3821411132812,11.700389225656126
128000.0,2135.499267578125,2135.499267578125,831.9671630859375,-1303.5321044921875,11.703051287914603
128250.0,2440.605712890625,2440.605712890625,806.566162109375,-1634.03955078125,11.705759405301395
128500.0,3045.765625,3045.765625,740.78662109375,-2304.97900390625,11.708123321958253
128750.0,2256.66015625,2256.66015625,836.4078979492188,-1420.2522583007812,11.710542358090432
129000.0,2327.717529296875,2327.717529296875,833.1771850585938,-1494.5403442382812,11.713049536647677
129250.0,3621.740234375,3621.740234375,845.9550170898438,-2775.7852172851562,11.71581402530929
129500.0,1539.8492431640625,1539.8492431640625,841.2183227539062,-698.6309204101562,11.718524525445853
129750.0,3245.2626953125,3245.2626953125,831.37060546875,-2413.89208984375,11.721285289545532
130000.0,2213.215087890625,2213.215087890625,825.529541015625,-1387.685546875,11.613371936536534
130250.0,2863.09130859375,2863.09130859375,697.5421142578125,-2165.5491943359375,11.61579868601897
130500.0,1710.109375,1710.109375,499.49346923828125,-1210.6159057617188,11.618442477514465
130750.0,2260.695068359375,2260.695068359375,594.8927612304688,-1665.8023071289062,11.621010496964942
131000.0,2641.45947265625,2641.45947265625,694.0509033203125,-1947.4085693359375,11.623647054020832
131250.0,1719.8995361328125,1719.8995361328125,557.6474609375,-1162.2520751953125,11.626172103935398
131500.0,1101.865966796875,1101.865966796875,853.266357421875,-248.599609375,11.628644179943594
131750.0,1151.455322265625,1151.455322265625,858.1607666015625,-293.2945556640625,11.631213819057487
132000.0,2895.14501953125,2895.14501953125,868.2918090820312,-2026.8532104492188,11.633735960719791
132250.0,2290.966552734375,2290.966552734375,572.8638916015625,-1718.1026611328125,11.636313824489894
132500.0,2715.927734375,2715.927734375,840.750732421875,-1875.177001953125,11.638967057173163
132750.0,2674.823486328125,2674.823486328125,913.0910034179688,-1761.7324829101562,11.641665276629944
133000.0,2112.45751953125,2112.45751953125,876.2752075195312,-1236.1823120117188,11.644310489377467
133250.0,1455.776611328125,1455.776611328125,878.938720703125,-576.837890625,11.647010513233091
133500.0,1205.7103271484375,1205.7103271484375,826.879150390625,-378.8311767578125,11.649568007871002
133750.0,2532.6318359375,2532.6318359375,850.162109375,-1682.4697265625,11.652077983512825
134000.0,4095.294921875,4095.294921875,705.6593017578125,-3389.6356201171875,11.654700276158115
134250.0,2932.1708984375,2932.1708984375,856.561279296875,-2075.609619140625,11.657489973287172
134500.0,1982.4923095703125,1982.4923095703125,872.8323974609375,-1109.659912109375,11.660092989151124
134750.0,2511.9892578125,2511.9892578125,846.2872314453125,-1665.7020263671875,11.662615482341595
135000.0,371.5738525390625,371.5738525390625,854.221923828125,482.6480712890625,11.665093794315252
135250.0,77.18231201171875,77.18231201171875,856.200439453125,779.0181274414062,11.667577596106767
135500.0,3143.807861328125,3143.807861328125,510.0960693359375,-2633.7117919921875,11.670032594097332
135750.0,1941.610595703125,1941.610595703125,842.1536865234375,-1099.4569091796875,11.672425731148548
136000.0,1888.0599365234375,1888.0599365234375,861.7579956054688,-1026.3019409179688,11.675037839631374
136250.0,2109.082763671875,2109.082763671875,827.0918579101562,-1281.9909057617188,11.677834451845726
136500.0,2535.73095703125,2535.73095703125,536.5142822265625,-1999.2166748046875,11.680564892107453
136750.0,2504.732177734375,2504.732177734375,860.7759399414062,-1643.9562377929688,11.683173270495619
137000.0,2203.83984375,2203.83984375,852.00927734375,-1351.83056640625,11.685656578825274
137250.0,2570.056884765625,2570.056884765625,568.09423828125,-2001.962646484375,11.686672670426843
137500.0,2219.09326171875,2219.09326171875,845.2598876953125,-1373.8333740234375,11.685267564022649
137750.0,2816.09423828125,2816.09423828125,833.1727294921875,-1982.9215087890625,11.684146805124673
138000.0,636.1751708984375,636.1751708984375,835.1361694335938,198.96099853515625,11.683274736650576
138250.0,61.75746154785156,61.75746154785156,655.932861328125,594.1753997802734,11.68251320477091
138500.0,1305.7398681640625,1305.7398681640625,564.9536743164062,-740.7861938476562,11.681833255407604
138750.0,3342.023681640625,3342.023681640625,450.64654541015625,-2891.3771362304688,11.681129526665677
139000.0,3516.742431640625,3516.742431640625,573.48388671875,-2943.258544921875,11.680286288284732
139250.0,3278.522216796875,3278.522216796875,802.45947265625,-2476.062744140625,11.679865720172975
139500.0,1522.7125244140625,1522.7125244140625,849.47900390625,-673.2335205078125,11.679277656131037
139750.0,2289.83984375,2289.83984375,855.6420288085938,-1434.1978149414062,11.678812182071718
140000.0,2621.59033203125,2621.59033203125,843.70703125,-1777.88330078125,11.560324539613804
140250.0,2878.3115234375,2878.3115234375,904.0517578125,-1974.259765625,11.559861064700144
140500.0,3388.57373046875,3388.57373046875,758.991455078125,-2629.582275390625,11.559354998108137
140750.0,1958.702392578125,1958.702392578125,752.226806640625,-1206.4755859375,11.559030677785401
141000.0,899.7787475585938,899.7787475585938,810.3901977539062,-89.3885498046875,11.558759653286037
141250.0,464.95989990234375,464.95989990234375,819.074462890625,354.11456298828125,11.558327577490155
141500.0,1279.891845703125,1279.891845703125,485.7294921875,-794.162353515625,11.55798978195642
141750.0,1842.6669921875,1842.6669921875,847.9179077148438,-994.7490844726562,11.557499816800606
142000.0,1568.1759033203125,1568.1759033203125,755.384765625,-812.7911376953125,11.557043263853311
142250.0,2545.83154296875,2545.83154296875,848.1926879882812,-1697.6388549804688,11.556523354972047
142500.0,1364.0859375,1364.0859375,852.897705078125,-511.188232421875,11.55608726963101
142750.0,2062.492431640625,2062.492431640625,865.0587158203125,-1197.4337158203125,11.555648488270055
143000.0,3167.192626953125,3167.192626953125,836.7466430664062,-2330.4459838867188,11.555257026841051
143250.0,2032.9095458984375,2032.9095458984375,852.4846801757812,-1180.4248657226562,11.554962546941624
143500.0,546.9091186523438,546.9091186523438,848.9005126953125,301.99139404296875,11.554453625317409
143750.0,1862.9444580078125,1862.9444580078125,844.583984375,-1018.3604736328125,11.553924967095432
144000.0,1760.640625,1760.640625,838.4359741210938,-922.2046508789062,11.553585684631956
144250.0,2333.377197265625,2333.377197265625,863.7071533203125,-1469.6700439453125,11.55319607105029
144500.0,1402.0467529296875,1402.0467529296875,839.70361328125,-562.3431396484375,11.552897552978086
144750.0,2243.47509765625,2243.47509765625,843.5889892578125,-1399.8861083984375,11.552664580978462
145000.0,2073.248046875,2073.248046875,827.531005859375,-1245.717041015625,11.552300746147841
145250.0,2594.25,2594.25,849.0054931640625,-1745.2445068359375,11.551935195278745
145500.0,980.9486694335938,980.9486694335938,743.232666015625,-237.71600341796875,11.551556529579049
145750.0,10.223673820495605,10.223673820495605,713.9609985351562,703.7373247146606,11.551365842582358
146000.0,2191.716796875,2191.716796875,843.34521484375,-1348.37158203125,11.550928381886377
146250.0,22.515380859375,22.515380859375,843.4134521484375,820.8980712890625,11.550516398598564
146500.0,2481.8974609375,2481.8974609375,766.4590454101562,-1715.4384155273438,11.55031586515311
146750.0,1924.2608642578125,1924.2608642578125,832.1282348632812,-1092.1326293945312,11.550028634076897
147000.0,3586.553466796875,3586.553466796875,847.2232055664062,-2739.3302612304688,11.549710945963785
147250.0,11.752172470092773,11.752172470092773,703.8310546875,692.0788822174072,11.54945376961399
147500.0,2821.859619140625,2821.859619140625,786.6917724609375,-2035.1678466796875,11.54924632417796
147750.0,3161.77783203125,3161.77783203125,823.394775390625,-2338.383056640625,11.548860074084363
148000.0,2031.475830078125,2031.475830078125,842.1925659179688,-1189.2832641601562,11.548501882811127
148250.0,99.59832763671875,99.59832763671875,687.718017578125,588.1196899414062,11.54827018522055
148500.0,2696.545654296875,2696.545654296875,782.8915405273438,-1913.6541137695312,11.547823888668464
148750.0,278.94342041015625,278.94342041015625,826.111083984375,547.1676635742188,11.547539876046782
149000.0,2098.886962890625,2098.886962890625,873.5997924804688,-1225.2871704101562,11.547116238380665
149250.0,2119.64990234375,2119.64990234375,825.321044921875,-1294.328857421875,11.546793703451073
149500.0,2509.81396484375,2509.81396484375,837.824462890625,-1671.989501953125,11.546532756014798
149750.0,2802.56103515625,2802.56103515625,849.0816040039062,-1953.4794311523438,11.54617619641203
150000.0,2640.2099609375,2640.2099609375,814.8121948242188,-1825.3977661132812,11.438348831464296
150250.0,954.0172119140625,954.0172119140625,706.9568481445312,-247.06036376953125,11.438167575123707
150500.0,4284.2216796875,4284.2216796875,849.770751953125,-3434.450927734375,11.437963479260745
150750.0,3159.3486328125,3159.3486328125,842.1450805664062,-2317.2035522460938,11.43781811196126
151000.0,2116.777587890625,2116.777587890625,832.5830078125,-1284.194580078125,11.437629185023305
151250.0,2514.4111328125,2514.4111328125,689.448486328125,-1824.962646484375,11.437527429232357
151500.0,5.866153240203857,5.866153240203857,481.70458984375,475.83843660354614,11.43741482413197
151750.0,1070.1453857421875,1070.1453857421875,690.713623046875,-379.4317626953125,11.43725093635216
152000.0,2269.4111328125,2269.4111328125,679.6033935546875,-1589.8077392578125,11.437052111921439
152250.0,1843.7625732421875,1843.7625732421875,735.0423583984375,-1108.72021484375,11.436810070207082
152500.0,1718.8349609375,1718.8349609375,830.3008422851562,-888.5341186523438,11.436608380033055
152750.0,2678.62646484375,2678.62646484375,806.4256591796875,-1872.2008056640625,11.436536895354886
153000.0,2406.517578125,2406.517578125,839.970703125,-1566.546875,11.43636028633567
153250.0,2886.359130859375,2886.359130859375,851.1038208007812,-2035.2553100585938,11.436154707557286
153500.0,1894.5167236328125,1894.5167236328125,728.4495239257812,-1166.0671997070312,11.435824771479266
153750.0,2788.435546875,2788.435546875,839.2333984375,-1949.2021484375,11.435680994574255
154000.0,2724.28076171875,2724.28076171875,849.3666381835938,-1874.9141235351562,11.435560185128498
154250.0,1818.9234619140625,1818.9234619140625,791.6649780273438,-1027.2584838867188,11.43544706392571
154500.0,2014.6087646484375,2014.6087646484375,720.7852783203125,-1293.823486328125,11.435384099610305
154750.0,39.139549255371094,39.139549255371094,713.24072265625,674.1011734008789,11.435253850644239
155000.0,2575.078857421875,2575.078857421875,872.79638671875,-1702.282470703125,11.435169307355384
155250.0,1856.4686279296875,1856.4686279296875,860.6677856445312,-995.8008422851562,11.435111285644766
155500.0,2356.364501953125,2356.364501953125,883.6363525390625,-1472.7281494140625,11.434970893362198
155750.0,1362.9150390625,1362.9150390625,809.385986328125,-553.529052734375,11.434914356178782
156000.0,1563.959716796875,1563.959716796875,851.2449340820312,-712.7147827148438,11.434837495268853
156250.0,2569.894287109375,2569.894287109375,894.6832275390625,-1675.2110595703125,11.4347118971758
156500.0,2172.80810546875,2172.80810546875,820.7721557617188,-1352.0359497070312,11.434624962574226
156750.0,1983.5458984375,1983.5458984375,861.311767578125,-1122.234130859375,11.434597474177023
157000.0,2948.594970703125,2948.594970703125,854.3851318359375,-2094.2098388671875,11.434404029750441
157250.0,2811.54541015625,2811.54541015625,863.71875,-1947.82666015625,11.43407131360459
157500.0,2717.51904296875,2717.51904296875,777.4903564453125,-1940.0286865234375,11.433928514205029
157750.0,2594.777587890625,2594.777587890625,732.0714721679688,-1862.7061157226562,11.433757577731411
158000.0,2348.648681640625,2348.648681640625,734.1131591796875,-1614.5355224609375,11.43361787672519
158250.0,2669.62109375,2669.62109375,867.973388671875,-1801.647705078125,11.433511674310893
158500.0,2624.666015625,2624.666015625,829.62109375,-1795.044921875,11.433318129758543
158750.0,2365.62353515625,2365.62353515625,589.4221801757812,-1776.2013549804688,11.43314913330111
159000.0,251.29933166503906,251.29933166503906,688.7922973632812,437.4929656982422,11.432850139534889
159250.0,1864.26513671875,1864.26513671875,824.4307861328125,-1039.8343505859375,11.432525705034255
159500.0,2443.46337890625,2443.46337890625,888.305908203125,-1555.157470703125,11.432426194091496
159750.0,2363.44921875,2363.44921875,736.3129272460938,-1627.1362915039062,11.432264541150372
160000.0,2202.444091796875,2202.444091796875,693.8798828125,-1508.564208984375,11.33940799847996
160250.0,2569.755615234375,2569.755615234375,927.6585693359375,-1642.0970458984375,11.341871906831463
160500.0,1845.121826171875,1845.121826171875,888.3863525390625,-956.7354736328125,11.344334624958016
160750.0,1122.701171875,1122.701171875,902.074462890625,-220.626708984375,11.34690503845373
161000.0,1749.505615234375,1749.505615234375,854.577392578125,-894.92822265625,11.349498257898404
161250.0,3050.161376953125,3050.161376953125,785.7254028320312,-2264.4359741210938,11.35199151760126
161500.0,1751.3961181640625,1751.3961181640625,884.9249877929688,-866.4711303710938,11.35447671318875
161750.0,2054.521240234375,2054.521240234375,849.6593017578125,-1204.8619384765625,11.356951193486843
162000.0,1244.89501953125,1244.89501953125,843.601318359375,-401.293701171875,11.359489828446831
162250.0,1916.976806640625,1916.976806640625,755.696533203125,-1161.2802734375,11.36196460687846
162500.0,2257.1005859375,2257.1005859375,569.0807495117188,-1688.0198364257812,11.364412723405927
162750.0,2190.98583984375,2190.98583984375,827.2843627929688,-1363.7014770507812,11.366766531895841
163000.0,1871.518310546875,1871.518310546875,770.9948120117188,-1100.5234985351562,11.3690727324407
163250.0,2226.28662109375,2226.28662109375,851.1031494140625,-1375.1834716796875,11.371458842281275
163500.0,2285.75,2285.75,864.0391845703125,-1421.7108154296875,11.372794684048673
163750.0,3306.283935546875,3306.283935546875,893.82275390625,-2412.461181640625,11.374953211229283
164000.0,2781.286376953125,2781.286376953125,896.9197998046875,-1884.3665771484375,11.377237607888047
164250.0,2207.3955078125,2207.3955078125,866.473876953125,-1340.921630859375,11.379583835693987
164500.0,3017.798583984375,3017.798583984375,915.3785400390625,-2102.4200439453125,11.381869965790083
164750.0,3369.23583984375,3369.23583984375,837.40380859375,-2531.83203125,11.384245303008447
165000.0,2463.3154296875,2463.3154296875,709.2583618164062,-1754.0570678710938,11.38649727687831
165250.0,3913.60400390625,3913.60400390625,818.2601318359375,-3095.3438720703125,11.38874963280875
165500.0,2380.88037109375,2380.88037109375,671.772216796875,-1709.108154296875,11.3911531661896
165750.0,2170.958251953125,2170.958251953125,671.4713134765625,-1499.4869384765625,11.393386305189761
166000.0,2393.213134765625,2393.213134765625,779.2646484375,-1613.948486328125,11.395673500706234
166250.0,2232.630859375,2232.630859375,925.6834716796875,-1306.9473876953125,11.39802727027799
166500.0,2629.617431640625,2629.617431640625,802.1643676757812,-1827.4530639648438,11.4006688803595
166750.0,2127.92822265625,2127.92822265625,837.3319091796875,-1290.5963134765625,11.403273251773065
167000.0,2441.4453125,2441.4453125,862.86083984375,-1578.58447265625,11.40583355141308
167250.0,2788.899658203125,2788.899658203125,875.796875,-1913.102783203125,11.408276696535982
167500.0,1130.32470703125,1130.32470703125,862.0144653320312,-268.31024169921875,11.41069595710307
167750.0,3698.23291015625,3698.23291015625,866.263671875,-2831.96923828125,11.413039078337254
168000.0,2421.59912109375,2421.59912109375,865.146484375,-1556.45263671875,11.415374044535032
168250.0,1744.9586181640625,1744.9586181640625,825.5917358398438,-919.3668823242188,11.417655318255218
168500.0,2666.16796875,2666.16796875,823.2708740234375,-1842.8970947265625,11.419862076720724
168750.0,3135.880126953125,3135.880126953125,855.66943359375,-2280.210693359375,11.422110396056162
169000.0,2999.2685546875,2999.2685546875,857.550537109375,-2141.718017578125,11.424299297107527
169250.0,1849.9407958984375,1849.9407958984375,701.7564697265625,-1148.184326171875,11.426568269687166
169500.0,2201.970947265625,2201.970947265625,882.9447021484375,-1319.0262451171875,11.428780933169845
169750.0,3704.1923828125,3704.1923828125,876.4940185546875,-2827.6983642578125,11.430905868519952
170000.0,1604.943603515625,1604.943603515625,769.4312744140625,-835.5123291015625,11.35263297775092
170250.0,1366.6337890625,1366.6337890625,849.16015625,-517.4736328125,11.35501781015316
170500.0,2010.60009765625,2010.60009765625,836.69091796875,-1173.9091796875,11.357262253238137
170750.0,1354.43408203125,1354.43408203125,851.2283935546875,-503.2056884765625,11.359535307136435
171000.0,2185.258056640625,2185.258056640625,845.1693115234375,-1340.0887451171875,11.361912198102992
171250.0,199.0474853515625,199.0474853515625,886.6070556640625,687.5595703125,11.364286472770608
171500.0,2428.414794921875,2428.414794921875,847.6425170898438,-1580.7722778320312,11.366740422909638
171750.0,1957.625732421875,1957.625732421875,875.2185668945312,-1082.4071655273438,11.369258847117917
172000.0,1040.142578125,1040.142578125,925.1033935546875,-115.0391845703125,11.371782428159445
172250.0,31.497356414794922,31.497356414794922,827.076904296875,795.5795478820801,11.37426456128366
172500.0,1849.161376953125,1849.161376953125,907.963623046875,-941.19775390625,11.376695070297185
172750.0,2345.853515625,2345.853515625,903.5405883789062,-1442.3129272460938,11.378874231360802
173000.0,1634.34228515625,1634.34228515625,896.9951171875,-737.34716796875,11.381048781581105
173250.0,1916.151123046875,1916.151123046875,866.763671875,-1049.387451171875,11.383279160087453
173500.0,1969.7623291015625,1969.7623291015625,916.4541015625,-1053.3082275390625,11.38545822643504
173750.0,450.59552001953125,450.59552001953125,767.4473876953125,316.85186767578125,11.387768526546804
174000.0,1653.80078125,1653.80078125,898.3232421875,-755.4775390625,11.39000371158505
174250.0,2056.92041015625,2056.92041015625,885.1366577148438,-1171.7837524414062,11.392363613116926
174500.0,1921.786865234375,1921.786865234375,823.6903076171875,-1098.0965576171875,11.394662209116419
174750.0,1650.4981689453125,1650.4981689453125,925.1622924804688,-725.3358764648438,11.397047142307791
175000.0,2559.265380859375,2559.265380859375,811.66259765625,-1747.602783203125,11.399396318529792
175250.0,116.4293212890625,116.4293212890625,917.0125732421875,800.583251953125,11.40185522835995
175500.0,1993.2137451171875,1993.2137451171875,938.6357421875,-1054.5780029296875,11.404345052671507
175750.0,1626.126953125,1626.126953125,916.473876953125,-709.653076171875,11.406703816954982
176000.0,498.92303466796875,498.92303466796875,823.2635498046875,324.34051513671875,11.4090254541643
176250.0,2240.32861328125,2240.32861328125,913.799560546875,-1326.529052734375,11.411515248310481
176500.0,2210.154296875,2210.154296875,872.1395874023438,-1338.0147094726562,11.413937588461435
176750.0,2122.451416015625,2122.451416015625,868.7568359375,-1253.694580078125,11.416328837036602
177000.0,2526.71826171875,2526.71826171875,857.83447265625,-1668.8837890625,11.418669007528585
177250.0,1929.41015625,1929.41015625,851.11376953125,-1078.29638671875,11.420949925780363
177500.0,2399.699951171875,2399.699951171875,863.7594604492188,-1535.9404907226562,11.423218171252378
177750.0,1503.6624755859375,1503.6624755859375,832.4803466796875,-671.18212890625,11.425556660742087
178000.0,2294.5986328125,2294.5986328125,879.0884399414062,-1415.5101928710938,11.427810482737693
178250.0,128.24949645996094,128.24949645996094,689.3037719726562,561.0542755126953,11.430088870334664
178500.0,2063.556884765625,2063.556884765625,894.8548583984375,-1168.7020263671875,11.432338628930042
178750.0,1770.2237548828125,1770.2237548828125,866.1734008789062,-904.0503540039062,11.434588846732725
179000.0,2735.0595703125,2735.0595703125,840.4415283203125,-1894.6180419921875,11.436549299598198
179250.0,1166.418212890625,1166.418212890625,926.5843505859375,-239.8338623046875,11.43868694285167
179500.0,1586.861328125,1586.861328125,868.4507446289062,-718.4105834960938,11.440854846702774
179750.0,1893.933837890625,1893.933837890625,848.1283569335938,-1045.8054809570312,11.443010680901011
180000.0,2072.838623046875,2072.838623046875,716.32177734375,-1356.516845703125,11.368841082987291
180250.0,2071.4560546875,2071.4560546875,922.5345458984375,-1148.9215087890625,11.371094172093507
180500.0,2226.466796875,2226.466796875,825.4501953125,-1401.0166015625,11.373376422670482
180750.0,2493.80029296875,2493.80029296875,894.787841796875,-1599.012451171875,11.375691279511802
181000.0,2323.79638671875,2323.79638671875,621.4210205078125,-1702.3753662109375,11.378061509019252
181250.0,2131.888916015625,2131.888916015625,876.425537109375,-1255.46337890625,11.380269397457353
181500.0,1811.1893310546875,1811.1893310546875,881.2273559570312,-929.9619750976562,11.382464612056332
181750.0,1886.822998046875,1886.822998046875,880.683837890625,-1006.13916015625,11.384732792689707
182000.0,2447.5595703125,2447.5595703125,870.92724609375,-1576.63232421875,11.387030728532517
182250.0,2884.79443359375,2884.79443359375,892.757080078125,-1992.037353515625,11.389246065990994
182500.0,2578.477294921875,2578.477294921875,826.04638671875,-1752.430908203125,11.391496132714801
182750.0,1479.063720703125,1479.063720703125,848.5300903320312,-630.5336303710938,11.39368861801449
183000.0,1404.079345703125,1404.079345703125,872.0371704101562,-532.0421752929688,11.396055385414039
183250.0,2873.2783203125,2873.2783203125,687.312744140625,-2185.965576171875,11.398384956426193
183500.0,3015.1328125,3015.1328125,881.45849609375,-2133.67431640625,11.40042742479299
183750.0,11.891791343688965,11.891791343688965,877.420166015625,865.528374671936,11.402718467070699
184000.0,1849.0367431640625,1849.0367431640625,867.8135986328125,-981.22314453125,11.405005242377792
184250.0,987.3218994140625,987.3218994140625,854.9117431640625,-132.41015625,11.407084610520892
184500.0,3087.704833984375,3087.704833984375,743.6475830078125,-2344.0572509765625,11.409091176471422
184750.0,2135.5205078125,2135.5205078125,956.0650634765625,-1179.4554443359375,11.411116470057928
185000.0,2975.4755859375,2975.4755859375,867.1087646484375,-2108.3668212890625,11.413117587567585
185250.0,2518.370849609375,2518.370849609375,886.7957763671875,-1631.5750732421875,11.415192370512091
185500.0,2140.03857421875,2140.03857421875,837.6946411132812,-1302.3439331054688,11.417349183464928
185750.0,1793.6767578125,1793.6767578125,900.6717529296875,-893.0050048828125,11.419356431834148
186000.0,2131.84033203125,2131.84033203125,884.61572265625,-1247.224609375,11.421414273737707
186250.0,35.78057861328125,35.78057861328125,813.1223754882812,777.341796875,11.423529476533693
186500.0,2944.052978515625,2944.052978515625,888.57763671875,-2055.475341796875,11.42562088924995
186750.0,2876.856201171875,2876.856201171875,887.4891357421875,-1989.3670654296875,11.427746234083635
187000.0,1209.724365234375,1209.724365234375,892.23583984375,-317.488525390625,11.429811619596768
187250.0,1826.54150390625,1826.54150390625,862.4229736328125,-964.1185302734375,11.43190637248027
187500.0,2499.522216796875,2499.522216796875,864.2508544921875,-1635.2713623046875,11.434067845141854
187750.0,2751.935546875,2751.935546875,823.412353515625,-1928.523193359375,11.436207629827921
188000.0,2174.923095703125,2174.923095703125,929.0405883789062,-1245.8825073242188,11.4383742896105
188250.0,2273.59912109375,2273.59912109375,726.7652587890625,-1546.8338623046875,11.440531408504803
188500.0,1303.834716796875,1303.834716796875,887.385498046875,-416.44921875,11.442681571676443
188750.0,1924.21728515625,1924.21728515625,893.451904296875,-1030.765380859375,11.44471518764523
189000.0,2189.172119140625,2189.172119140625,909.4873046875,-1279.684814453125,11.446611668019385
189250.0,1960.511962890625,1960.511962890625,859.6513671875,-1100.860595703125,11.448712946279894
189500.0,2068.488525390625,2068.488525390625,762.8016357421875,-1305.6868896484375,11.450894640957271
189750.0,3441.513427734375,3441.513427734375,970.0540771484375,-2471.4593505859375,11.45303433256846
190000.0,1944.24951171875,1944.24951171875,960.6148071289062,-983.6347045898438,11.382417066987662
190250.0,1471.2515869140625,1471.2515869140625,893.1143188476562,-578.1372680664062,11.384555823066991
190500.0,2429.408447265625,2429.408447265625,906.7322387695312,-1522.6762084960938,11.386630424587501
190750.0,2248.77001953125,2248.77001953125,897.0917358398438,-1351.6782836914062,11.388706781077694
191000.0,2317.31689453125,2317.31689453125,925.1687622070312,-1392.1481323242188,11.39084157495286
191250.0,3253.9150390625,3253.9150390625,898.3433227539062,-2355.5717163085938,11.392986425681547
191500.0,2472.445556640625,2472.445556640625,887.717529296875,-1584.72802734375,11.39500201442945
191750.0,2652.67529296875,2652.67529296875,894.8338623046875,-1757.8414306640625,11.397191849850596
192000.0,1997.76513671875,1997.76513671875,754.9780883789062,-1242.7870483398438,11.39934770326703
192250.0,2222.015625,2222.015625,872.299560546875,-1349.716064453125,11.401545435372997
192500.0,2444.654296875,2444.654296875,884.451416015625,-1560.202880859375,11.403768434224423
192750.0,2349.087158203125,2349.087158203125,856.8536376953125,-1492.2335205078125,11.405960748208189
193000.0,1536.8135986328125,1536.8135986328125,917.9346923828125,-618.87890625,11.408110312446778
193250.0,1862.0687255859375,1862.0687255859375,852.6165771484375,-1009.4521484375,11.410228738203031
193500.0,2801.765625,2801.765625,848.8541870117188,-1952.9114379882812,11.412276229469875
193750.0,1853.9053955078125,1853.9053955078125,751.6890258789062,-1102.2163696289062,11.41443790262176
194000.0,1331.7899169921875,1331.7899169921875,743.2958984375,-588.4940185546875,11.41651966270978
194250.0,3265.6728515625,3265.6728515625,852.8499755859375,-2412.8228759765625,11.418510600435567
194500.0,2930.45751953125,2930.45751953125,877.58642578125,-2052.87109375,11.420632498294246
194750.0,2524.437255859375,2524.437255859375,881.2354736328125,-1643.2017822265625,11.422739423162415
195000.0,2833.49267578125,2833.49267578125,837.2006225585938,-1996.2920532226562,11.424729562678266
195250.0,2180.785400390625,2180.785400390625,844.2372436523438,-1336.5481567382812,11.426715892234235
195500.0,2797.248779296875,2797.248779296875,852.1856689453125,-1945.0631103515625,11.428828324211215
195750.0,1518.9002685546875,1518.9002685546875,875.0188598632812,-643.8814086914062,11.430830898681316
196000.0,2887.3505859375,2887.3505859375,774.5305786132812,-2112.8200073242188,11.432997623925361
196250.0,2561.770751953125,2561.770751953125,621.656005859375,-1940.11474609375,11.435172250142402
196500.0,3053.440185546875,3053.440185546875,888.01416015625,-2165.426025390625,11.437368572334222
196750.0,2713.11572265625,2713.11572265625,902.1573486328125,-1810.9583740234375,11.439557169841745
197000.0,2957.63134765625,2957.63134765625,865.6929321289062,-2091.9384155273438,11.44172205506936
197250.0,2379.084716796875,2379.084716796875,895.2311401367188,-1483.8535766601562,11.443736564227232
197500.0,2065.5498046875,2065.5498046875,826.8856201171875,-1238.6641845703125,11.445738530224205
197750.0,2678.541748046875,2678.541748046875,815.988525390625,-1862.55322265625,11.447760033142762
198000.0,266.6305236816406,266.6305236816406,895.2896728515625,628.6591491699219,11.449806002885104
198250.0,3219.63671875,3219.63671875,880.0069580078125,-2339.6297607421875,11.451439347908323
198500.0,2841.628662109375,2841.628662109375,774.1928100585938,-2067.4358520507812,11.453375212303667
198750.0,2343.1455078125,2343.1455078125,848.43603515625,-1494.70947265625,11.455278433752095
199000.0,2430.28466796875,2430.28466796875,855.37744140625,-1574.9072265625,11.457315770445154
199250.0,1689.6064453125,1689.6064453125,861.8895263671875,-827.7169189453125,11.459382165268554
199500.0,2012.7452392578125,2012.7452392578125,878.7666015625,-1133.9786376953125,11.461458862864571
199750.0,2337.296875,2337.296875,826.9412841796875,-1510.3555908203125,11.46355632937502
200000.0,2218.596435546875,2218.596435546875,864.5934448242188,-1354.0029907226562,11.396307767218365
200250.0,2107.832275390625,2107.832275390625,846.7906494140625,-1261.0416259765625,11.398442177727874
200500.0,2434.02099609375,2434.02099609375,834.200927734375,-1599.820068359375,11.400651958742467
200750.0,1073.478271484375,1073.478271484375,844.0408935546875,-229.4373779296875,11.402745303406855
201000.0,1623.73193359375,1623.73193359375,834.0257568359375,-789.7061767578125,11.40480505187198
201250.0,2897.079833984375,2897.079833984375,874.6617431640625,-2022.4180908203125,11.406822325784164
201500.0,2597.535400390625,2597.535400390625,808.1973876953125,-1789.3380126953125,11.40889172729496
201750.0,2831.763671875,2831.763671875,835.6433715820312,-1996.1203002929688,11.410918906104325
202000.0,2590.919921875,2590.919921875,893.4969482421875,-1697.4229736328125,11.41293484060955
202250.0,2216.9365234375,2216.9365234375,851.72802734375,-1365.20849609375,11.414911535234312
202500.0,2305.47265625,2305.47265625,906.828857421875,-1398.643798828125,11.416998128360586
202750.0,2678.14501953125,2678.14501953125,844.24853515625,-1833.896484375,11.418882352189403
203000.0,2565.5517578125,2565.5517578125,896.1754150390625,-1669.3763427734375,11.420789438578822
203250.0,2774.3662109375,2774.3662109375,839.847412109375,-1934.518798828125,11.422765319211855
203500.0,2195.89501953125,2195.89501953125,902.448974609375,-1293.446044921875,11.424615838422913
203750.0,2688.074951171875,2688.074951171875,874.4606323242188,-1813.6143188476562,11.4265746922006
204000.0,1214.69384765625,1214.69384765625,859.2872314453125,-355.4066162109375,11.428687864118285
204250.0,2470.1494140625,2470.1494140625,849.3295288085938,-1620.8198852539062,11.430799751668221
204500.0,1254.5792236328125,1254.5792236328125,882.656494140625,-371.9227294921875,11.432892844888007
204750.0,1646.591064453125,1646.591064453125,867.4092407226562,-779.1818237304688,11.43496475187196
205000.0,2094.063720703125,2094.063720703125,851.0442504882812,-1243.0194702148438,11.437012088658898
205250.0,2552.148681640625,2552.148681640625,852.3093872070312,-1699.8392944335938,11.439065862864906
205500.0,50.899906158447266,50.899906158447266,753.177734375,702.2778282165527,11.441080708244995
205750.0,2076.465087890625,2076.465087890625,860.431396484375,-1216.03369140625,11.443090675265186
206000.0,3536.47265625,3536.47265625,887.0743408203125,-2649.3983154296875,11.445096427931421
206250.0,3146.461181640625,3146.461181640625,863.7326049804688,-2282.7285766601562,11.44708920523805
206500.0,1549.826904296875,1549.826904296875,846.8804321289062,-702.9464721679688,11.449028969165862
206750.0,3344.94873046875,3344.94873046875,818.9761352539062,-2525.9725952148438,11.450974158621461
207000.0,2401.19287109375,2401.19287109375,858.6167602539062,-1542.5761108398438,11.452910767440656
207250.0,2523.72900390625,2523.72900390625,838.8743896484375,-1684.8546142578125,11.45487617266435
207500.0,1007.7049560546875,1007.7049560546875,847.62890625,-160.0760498046875,11.456870249673832
207750.0,1776.05224609375,1776.05224609375,847.2920532226562,-928.7601928710938,11.458773579323204
208000.0,2796.812744140625,2796.812744140625,844.61669921875,-1952.196044921875,11.460708416535432
208250.0,2648.31640625,2648.31640625,847.41015625,-1800.90625,11.462742171341766
208500.0,1977.968017578125,1977.968017578125,856.6369018554688,-1121.3311157226562,11.464761554603598
208750.0,2738.792724609375,2738.792724609375,854.466552734375,-1884.326171875,11.466691412925009
209000.0,3958.10791015625,3958.10791015625,850.5501708984375,-3107.5577392578125,11.46869346361013
209250.0,2562.035400390625,2562.035400390625,870.3134765625,-1691.721923828125,11.470580614515466
209500.0,2943.910400390625,2943.910400390625,831.6949462890625,-2112.2154541015625,11.472547698387157
209750.0,1817.4547119140625,1817.4547119140625,882.697509765625,-934.7572021484375,11.47443851643556
210000.0,3844.0888671875,3844.0888671875,844.1580810546875,-2999.9307861328125,11.410516909321402
210250.0,2554.551025390625,2554.551025390625,850.33837890625,-1704.212646484375,11.412414449358966
210500.0,3000.0029296875,3000.0029296875,826.787109375,-2173.2158203125,11.41418612927839
210750.0,3944.390625,3944.390625,851.0013427734375,-3093.3892822265625,11.416048579157277
211000.0,2560.59814453125,2560.59814453125,870.8234252929688,-1689.7747192382812,11.417841128717122
211250.0,1908.1290283203125,1908.1290283203125,755.7132568359375,-1152.415771484375,11.419376023031369
211500.0,1970.533203125,1970.533203125,757.5322265625,-1213.0009765625,11.41873846350882
211750.0,2430.16259765625,2430.16259765625,872.6121826171875,-1557.5504150390625,11.417990905338657
212000.0,1976.85009765625,1976.85009765625,825.5726928710938,-1151.2774047851562,11.417385444656867
212250.0,2005.926513671875,2005.926513671875,845.1455078125,-1160.781005859375,11.416684375991807
212500.0,1603.7979736328125,1603.7979736328125,854.31884765625,-749.4791259765625,11.415899786015485
212750.0,2164.75048828125,2164.75048828125,852.447021484375,-1312.303466796875,11.415291492122783
213000.0,1606.603759765625,1606.603759765625,866.9808959960938,-739.6228637695312,11.414519964017243
213250.0,2761.29296875,2761.29296875,858.4482421875,-1902.8447265625,11.413704490351547
213500.0,3335.030029296875,3335.030029296875,851.37451171875,-2483.655517578125,11.412833039401194
213750.0,340.7552490234375,340.7552490234375,844.038818359375,503.2835693359375,11.41216192801679
214000.0,2966.1181640625,2966.1181640625,847.7390747070312,-2118.3790893554688,11.411479258017726
214250.0,2682.741943359375,2682.741943359375,873.5607299804688,-1809.1812133789062,11.410811218882959
214500.0,132.69723510742188,132.69723510742188,848.748779296875,716.0515441894531,11.410077666030972
214750.0,740.5454711914062,740.5454711914062,875.755126953125,135.20965576171875,11.409380506951717
215000.0,2494.36572265625,2494.36572265625,874.0936889648438,-1620.2720336914062,11.408754717674517
215250.0,2908.7255859375,2908.7255859375,874.01416015625,-2034.71142578125,11.407980809147464
215500.0,3087.46484375,3087.46484375,877.81689453125,-2209.64794921875,11.407046294013313
215750.0,678.66552734375,678.66552734375,859.2037353515625,180.5382080078125,11.406321558354659
216000.0,1688.3726806640625,1688.3726806640625,851.0115966796875,-837.361083984375,11.405483891986606
216250.0,2675.90869140625,2675.90869140625,889.64697265625,-1786.26171875,11.404690512182068
216500.0,2792.479248046875,2792.479248046875,843.4638671875,-1949.015380859375,11.403999680878583
216750.0,906.4822998046875,906.4822998046875,871.0518798828125,-35.430419921875,11.403245910664056
217000.0,3217.462890625,3217.462890625,821.8740234375,-2395.5888671875,11.402623101349793
217250.0,2325.35693359375,2325.35693359375,849.5570678710938,-1475.7998657226562,11.401986453586737
217500.0,2704.37451171875,2704.37451171875,886.7930908203125,-1817.5814208984375,11.40131541058926
217750.0,2171.374267578125,2171.374267578125,879.89990234375,-1291.474365234375,11.400547098405587
218000.0,2815.8994140625,2815.8994140625,829.151123046875,-1986.748291015625,11.399811713391541
218250.0,3221.2841796875,3221.2841796875,853.11474609375,-2368.16943359375,11.399079381619348
218500.0,2667.65771484375,2667.65771484375,839.77587890625,-1827.8818359375,11.398484645490122
218750.0,2660.8828125,2660.8828125,866.9716186523438,-1793.9111938476562,11.397669909874143
219000.0,1936.06689453125,1936.06689453125,821.3292846679688,-1114.7376098632812,11.397170851691289
219250.0,2550.70849609375,2550.70849609375,875.10888671875,-1675.599609375,11.396574766989113
219500.0,2800.36474609375,2800.36474609375,854.9956665039062,-1945.3690795898438,11.395981778059074
219750.0,2990.52880859375,2990.52880859375,840.8175048828125,-2149.7113037109375,11.39538640663087
220000.0,2257.4423828125,2257.4423828125,859.8685913085938,-1397.5737915039062,11.320528859517097
220250.0,2682.69384765625,2682.69384765625,861.534423828125,-1821.159423828125,11.319940992115365
220500.0,2638.164306640625,2638.164306640625,860.701416015625,-1777.462890625,11.319056620927698
220750.0,2368.532958984375,2368.532958984375,866.7169799804688,-1501.8159790039062,11.318564954784362
221000.0,1417.1168212890625,1417.1168212890625,849.8441772460938,-567.2726440429688,11.31797713150694
221250.0,2348.4560546875,2348.4560546875,876.1468505859375,-1472.3092041015625,11.317492344414543
221500.0,2771.412109375,2771.412109375,840.717529296875,-1930.694580078125,11.316970180535376
221750.0,2866.30224609375,2866.30224609375,846.2908325195312,-2020.0114135742188,11.316499756089966
222000.0,2201.722900390625,2201.722900390625,858.2371826171875,-1343.4857177734375,11.315951160233048
222250.0,2407.916015625,2407.916015625,847.4091796875,-1560.5068359375,11.31528679882663
222500.0,3931.5322265625,3931.5322265625,874.7926025390625,-3056.7396240234375,11.314662872941456
222750.0,3.1229121685028076,3.1229121685028076,652.0560302734375,648.9331181049347,11.314025118655751
223000.0,1931.3433837890625,1931.3433837890625,866.578125,-1064.7652587890625,11.31352274073276
223250.0,378.44940185546875,378.44940185546875,867.2310791015625,488.78167724609375,11.312887997636246
223500.0,2308.135986328125,2308.135986328125,742.47265625,-1565.663330078125,11.312333616680348
223750.0,3342.968994140625,3342.968994140625,801.3555297851562,-2541.6134643554688,11.31183620107709
224000.0,1894.44287109375,1894.44287109375,864.9410400390625,-1029.5018310546875,11.311484704756616
224250.0,2288.4375,2288.4375,885.6088256835938,-1402.8286743164062,11.312187757715636
224500.0,1121.8179931640625,1121.8179931640625,860.3806762695312,-261.43731689453125,11.31172125105635
224750.0,3600.49560546875,3600.49560546875,824.749755859375,-2775.745849609375,11.31122467161952
225000.0,3044.361083984375,3044.361083984375,881.868408203125,-2162.49267578125,11.310583195744448
225250.0,2965.9736328125,2965.9736328125,847.7927856445312,-2118.1808471679688,11.310033565028613
225500.0,1929.9158935546875,1929.9158935546875,942.1561889648438,-987.7597045898438,11.309483240918778
225750.0,3745.08984375,3745.08984375,902.2532958984375,-2842.8365478515625,11.30909253483235
226000.0,3004.609375,3004.609375,967.1400756835938,-2037.4692993164062,11.308616184666295
226250.0,3738.3251953125,3738.3251953125,897.4014892578125,-2840.9237060546875,11.30809197134886
226500.0,2241.67236328125,2241.67236328125,887.2051391601562,-1354.4672241210938,11.307417384559153
226750.0,2950.0693359375,2950.0693359375,909.1676025390625,-2040.9017333984375,11.306833552551673
227000.0,2139.468505859375,2139.468505859375,898.332763671875,-1241.1357421875,11.306248088014678
227250.0,1474.74658203125,1474.74658203125,850.358642578125,-624.387939453125,11.305733020901734
227500.0,2067.429931640625,2067.429931640625,891.4044799804688,-1176.0254516601562,11.305099060774108
227750.0,1774.34619140625,1774.34619140625,837.377197265625,-936.968994140625,11.304501636288393
228000.0,3082.334716796875,3082.334716796875,846.6136474609375,-2235.7210693359375,11.303914778413034
228250.0,2280.16796875,2280.16796875,868.037841796875,-1412.130126953125,11.30325602437772
228500.0,2365.390380859375,2365.390380859375,897.214111328125,-1468.17626953125,11.302676721065987
228750.0,3000.80517578125,3000.80517578125,935.6099853515625,-2065.1951904296875,11.301713716167047
229000.0,3260.846435546875,3260.846435546875,878.430419921875,-2382.416015625,11.301183415922418
229250.0,2707.842529296875,2707.842529296875,889.7670288085938,-1818.0755004882812,11.30072582615323
229500.0,2359.553955078125,2359.553955078125,940.5409545898438,-1419.0130004882812,11.300230722743223
229750.0,2390.955078125,2390.955078125,909.5364990234375,-1481.4185791015625,11.29968663929053
230000.0,1669.2401123046875,1669.2401123046875,916.755615234375,-752.4844970703125,11.228481825862
230250.0,2435.60888671875,2435.60888671875,871.5518798828125,-1564.0570068359375,11.227929247057412
230500.0,1911.6680908203125,1911.6680908203125,890.9201049804688,-1020.7479858398438,11.22748206562735
230750.0,2769.5234375,2769.5234375,856.1666870117188,-1913.3567504882812,11.22666364147645
231000.0,2956.12158203125,2956.12158203125,846.0074462890625,-2110.1141357421875,11.226108375811744
231250.0,2203.497802734375,2203.497802734375,884.4435424804688,-1319.0542602539062,11.225415778664532
231500.0,1920.8829345703125,1920.8829345703125,866.4227294921875,-1054.460205078125,11.224848766148794
231750.0,2665.0830078125,2665.0830078125,858.9647216796875,-1806.1182861328125,11.224379941615716
232000.0,1952.5789794921875,1952.5789794921875,844.813720703125,-1107.7652587890625,11.223597603050065
232250.0,183.1341094970703,183.1341094970703,917.5277099609375,734.3936004638672,11.223160285805982
232500.0,1926.214111328125,1926.214111328125,918.943359375,-1007.270751953125,11.2222718224982
232750.0,1805.8538818359375,1805.8538818359375,895.6619873046875,-910.19189453125,11.220663500708298
233000.0,2439.786376953125,2439.786376953125,823.1051635742188,-1616.6812133789062,11.220263684467733
233250.0,2553.89697265625,2553.89697265625,892.2936401367188,-1661.6033325195312,11.21964871186055
233500.0,2485.55419921875,2485.55419921875,862.1615600585938,-1623.3926391601562,11.219085237995497
233750.0,3023.646240234375,3023.646240234375,862.4808959960938,-2161.1653442382812,11.218195132450893
234000.0,1936.6025390625,1936.6025390625,886.0010375976562,-1050.6015014648438,11.21758292453786
234250.0,2194.210205078125,2194.210205078125,929.5966796875,-1264.613525390625,11.217127848841537
234500.0,2978.0693359375,2978.0693359375,888.133544921875,-2089.935791015625,11.216492419433457
234750.0,2582.202392578125,2582.202392578125,912.9890747070312,-1669.2133178710938,11.216154140339128
235000.0,2532.74169921875,2532.74169921875,851.3001708984375,-1681.4415283203125,11.215672945845757
235250.0,1865.7061767578125,1865.7061767578125,906.8406372070312,-958.8655395507812,11.21527329938035
235500.0,2522.75537109375,2522.75537109375,849.3787231445312,-1673.3766479492188,11.214322690578012
235750.0,1598.9345703125,1598.9345703125,907.1865844726562,-691.7479858398438,11.213262074864472
236000.0,3256.64208984375,3256.64208984375,926.2994384765625,-2330.3426513671875,11.212749233713412
236250.0,3432.95849609375,3432.95849609375,912.320068359375,-2520.638427734375,11.212301545053851
236500.0,3535.19775390625,3535.19775390625,875.9715576171875,-2659.2261962890625,11.211365439303028
236750.0,2049.75048828125,2049.75048828125,861.1683349609375,-1188.5821533203125,11.210859521613028
237000.0,3608.386962890625,3608.386962890625,862.38818359375,-2745.998779296875,11.213054705753605
237250.0,2211.446533203125,2211.446533203125,913.5648803710938,-1297.8816528320312,11.215338781326794
237500.0,2519.45849609375,2519.45849609375,920.01025390625,-1599.4482421875,11.217524672962423
237750.0,2884.121337890625,2884.121337890625,916.0330810546875,-1968.0882568359375,11.219527964639077
238000.0,1769.27734375,1769.27734375,911.049560546875,-858.227783203125,11.221850435647825
238250.0,2172.93310546875,2172.93310546875,882.746337890625,-1290.186767578125,11.224148996103022
238500.0,2473.841796875,2473.841796875,881.3231201171875,-1592.5186767578125,11.2264019173958
238750.0,2173.950927734375,2173.950927734375,930.935791015625,-1243.01513671875,11.228549150757052
239000.0,200.05355834960938,200.05355834960938,898.439697265625,698.3861389160156,11.23083303478115
239250.0,1755.7542724609375,1755.7542724609375,917.794189453125,-837.9600830078125,11.233140987846093
239500.0,2007.9674072265625,2007.9674072265625,855.5950927734375,-1152.372314453125,11.235352513364342
239750.0,2932.510009765625,2932.510009765625,889.88134765625,-2042.628662109375,11.23761256397789
240000.0,2221.1123046875,2221.1123046875,852.457275390625,-1368.655029296875,11.187490134198196
240250.0,2511.810546875,2511.810546875,921.5567626953125,-1590.2537841796875,11.189832987506335
240500.0,2525.763427734375,2525.763427734375,901.5943603515625,-1624.1690673828125,11.192103008132376
240750.0,2168.53759765625,2168.53759765625,834.57958984375,-1333.9580078125,11.194435249556655
241000.0,3890.471923828125,3890.471923828125,892.7947387695312,-2997.6771850585938,11.196755090204057
241250.0,2471.84228515625,2471.84228515625,831.7120971679688,-1640.1301879882812,11.199001883775717
241500.0,1984.5506591796875,1984.5506591796875,849.08544921875,-1135.4652099609375,11.201146564268566
241750.0,1850.9583740234375,1850.9583740234375,833.7713623046875,-1017.18701171875,11.203456393166755
242000.0,3076.35009765625,3076.35009765625,843.0679931640625,-2233.2821044921875,11.205684413952397
242250.0,1779.42626953125,1779.42626953125,873.8681640625,-905.55810546875,11.207855160069284
242500.0,2094.425048828125,2094.425048828125,855.2684326171875,-1239.1566162109375,11.210093584016096
242750.0,464.8616943359375,464.8616943359375,894.4229736328125,429.561279296875,11.212350094459717
243000.0,1595.716064453125,1595.716064453125,900.927490234375,-694.78857421875,11.214508580501333
243250.0,2908.944091796875,2908.944091796875,846.7030029296875,-2062.2410888671875,11.216626772574829
243500.0,3404.886474609375,3404.886474609375,932.5419921875,-2472.344482421875,11.218836130003204
243750.0,2443.23828125,2443.23828125,891.9525146484375,-1551.2857666015625,11.221082490855808
244000.0,3876.728271484375,3876.728271484375,872.5745849609375,-3004.1536865234375,11.223317962713807
244250.0,2736.052978515625,2736.052978515625,869.7716064453125,-1866.2813720703125,11.225570729150798
244500.0,4392.0400390625,4392.0400390625,895.01025390625,-3497.02978515625,11.227829566849596
244750.0,1599.403076171875,1599.403076171875,895.8780517578125,-703.5250244140625,11.230083066295531
245000.0,2385.811767578125,2385.811767578125,868.311767578125,-1517.5,11.232303916627805
245250.0,4515.1123046875,4515.1123046875,913.149169921875,-3601.963134765625,11.234533542911551
245500.0,3516.308349609375,3516.308349609375,926.7950439453125,-2589.5133056640625,11.236742533516212
245750.0,2751.8251953125,2751.8251953125,894.0165405273438,-1857.8086547851562,11.238969332524535
246000.0,2338.787841796875,2338.787841796875,891.1986694335938,-1447.5891723632812,11.241191329461884
246250.0,2419.54736328125,2419.54736328125,924.5305786132812,-1495.0167846679688,11.243417691480483
246500.0,2274.212890625,2274.212890625,692.1135864257812,-1582.0993041992188,11.245609114281306
246750.0,2593.3408203125,2593.3408203125,781.6730346679688,-1811.6677856445312,11.247794209390756
247000.0,1824.5789794921875,1824.5789794921875,914.9093017578125,-909.669677734375,11.249951330971443
247250.0,1814.97412109375,1814.97412109375,913.1677856445312,-901.8063354492188,11.25210850913731
247500.0,2124.296142578125,2124.296142578125,898.8397216796875,-1225.4564208984375,11.254286282632778
247750.0,1716.774169921875,1716.774169921875,890.7265625,-826.047607421875,11.256483991815672
248000.0,2185.650390625,2185.650390625,902.8192138671875,-1282.8311767578125,11.258678005999839
248250.0,2479.310546875,2479.310546875,926.8351440429688,-1552.4754028320312,11.260859373417729
248500.0,2669.6337890625,2669.6337890625,889.5074462890625,-1780.1263427734375,11.262925812879804
248750.0,2771.91845703125,2771.91845703125,924.6199951171875,-1847.2984619140625,11.265052241985938
249000.0,2799.417236328125,2799.417236328125,917.4490966796875,-1881.9681396484375,11.267170268173837
249250.0,1903.56884765625,1903.56884765625,927.3310546875,-976.23779296875,11.269297790310468
249500.0,3535.607666015625,3535.607666015625,945.892822265625,-2589.71484375,11.271416986696844
249750.0,1731.585693359375,1731.585693359375,913.0425415039062,-818.5431518554688,11.273544038241127
250000.0,2394.596435546875,2394.596435546875,902.2523193359375,-1492.3441162109375,11.224348217395779
250250.0,2127.40087890625,2127.40087890625,911.2991943359375,-1216.1016845703125,11.226461975458959
250500.0,3390.359130859375,3390.359130859375,923.8284912109375,-2466.5306396484375,11.22857953486095
250750.0,2171.59619140625,2171.59619140625,916.8603515625,-1254.73583984375,11.23069403514376
251000.0,1846.8040771484375,1846.8040771484375,898.5361938476562,-948.2678833007812,11.232770848802533
251250.0,4383.43994140625,4383.43994140625,924.2501220703125,-3459.1898193359375,11.234806122516021
251500.0,2376.004638671875,2376.004638671875,879.8737182617188,-1496.1309204101562,11.236818476631207
251750.0,2819.913818359375,2819.913818359375,914.7611694335938,-1905.1526489257812,11.238851610572427
252000.0,3753.340087890625,3753.340087890625,922.4195556640625,-2830.9205322265625,11.240909293555237
252250.0,3655.624267578125,3655.624267578125,934.5065307617188,-2721.1177368164062,11.242992506521704
252500.0,2260.3515625,2260.3515625,909.0227661132812,-1351.3287963867188,11.245027782902891
252750.0,1676.100830078125,1676.100830078125,903.2808227539062,-772.8200073242188,11.247053410516806
253000.0,2380.9482421875,2380.9482421875,931.103759765625,-1449.844482421875,11.2490543834529
253250.0,2976.51611328125,2976.51611328125,897.6194458007812,-2078.8966674804688,11.251005662706516
253500.0,2239.011474609375,2239.011474609375,886.29736328125,-1352.714111328125,11.253037134709375
253750.0,2396.947509765625,2396.947509765625,926.0399780273438,-1470.9075317382812,11.255050884960426
254000.0,407.391357421875,407.391357421875,922.4442138671875,515.0528564453125,11.257093356109895
254250.0,3149.64501953125,3149.64501953125,864.9635009765625,-2284.6815185546875,11.259148411544922
254500.0,2836.499755859375,2836.499755859375,909.7103271484375,-1926.7894287109375,11.261228694251447
254750.0,2902.50341796875,2902.50341796875,917.052001953125,-1985.451416015625,11.263262892684416
255000.0,3244.96630859375,3244.96630859375,893.519287109375,-2351.447021484375,11.265231014105014
255250.0,2085.97265625,2085.97265625,888.576171875,-1197.396484375,11.267191698990175
255500.0,4319.3154296875,4319.3154296875,917.480224609375,-3401.835205078125,11.269171191271498
255750.0,2907.67822265625,2907.67822265625,913.2757568359375,-1994.4024658203125,11.271187521549113
256000.0,2056.66796875,2056.66796875,904.4832153320312,-1152.1847534179688,11.273148029636776
256250.0,2076.596923828125,2076.596923828125,902.8178100585938,-1173.7791137695312,11.27511683199166
256500.0,2551.70947265625,2551.70947265625,880.5657958984375,-1671.1436767578125,11.277066545326079
256750.0,2785.8779296875,2785.8779296875,893.3726806640625,-1892.5052490234375,11.279099602901038
257000.0,3125.10693359375,3125.10693359375,904.450927734375,-2220.656005859375,11.281124867961925
257250.0,2963.44287109375,2963.44287109375,878.8804931640625,-2084.5623779296875,11.28314241015029
257500.0,2210.51953125,2210.51953125,870.8590087890625,-1339.6605224609375,11.285131772282625
257750.0,1928.9681396484375,1928.9681396484375,915.82763671875,-1013.1405029296875,11.287104544356504
258000.0,2563.207763671875,2563.207763671875,916.0106811523438,-1647.1970825195312,11.289075294240126
258250.0,2760.578369140625,2760.578369140625,889.3298950195312,-1871.2484741210938,11.291034489119088
258500.0,2318.973388671875,2318.973388671875,916.5926513671875,-1402.3807373046875,11.292916036996553
258750.0,2210.90478515625,2210.90478515625,902.4517822265625,-1308.4530029296875,11.294873507005628
259000.0,2998.926025390625,2998.926025390625,755.591796875,-2243.334228515625,11.296797396212636
259250.0,1331.3243408203125,1331.3243408203125,719.636962890625,-611.6873779296875,11.298740536245077
259500.0,2274.2451171875,2274.2451171875,890.66357421875,-1383.58154296875,11.30066644638737
259750.0,3797.972900390625,3797.972900390625,958.7251586914062,-2839.2477416992188,11.302393626232037
260000.0,2803.07763671875,2803.07763671875,928.5006103515625,-1874.5770263671875,11.253946050130109
260250.0,71.97137451171875,71.97137451171875,902.4956665039062,830.5242919921875,11.255875341290427
260500.0,4048.26708984375,4048.26708984375,877.279296875,-3170.98779296875,11.25780333934236
260750.0,3713.80126953125,3713.80126953125,862.1382446289062,-2851.6630249023438,11.259723912757867
261000.0,1954.8299560546875,1954.8299560546875,910.7304077148438,-1044.0995483398438,11.26166893431071
261250.0,2514.15771484375,2514.15771484375,937.8741455078125,-1576.2835693359375,11.263620578433667
261500.0,2474.19921875,2474.19921875,943.0227661132812,-1531.1764526367188,11.265562782577383
261750.0,2633.08251953125,2633.08251953125,897.39306640625,-1735.689453125,11.267492798240792
262000.0,2718.349609375,2718.349609375,919.0614624023438,-1799.2881469726562,11.269412918220937
262250.0,2240.429443359375,2240.429443359375,516.5064697265625,-1723.9229736328125,11.271309235417704
262500.0,2812.12353515625,2812.12353515625,887.2108154296875,-1924.9127197265625,11.27322041890118
262750.0,1927.5438232421875,1927.5438232421875,933.4005737304688,-994.1432495117188,11.275123038000563
263000.0,3497.5849609375,3497.5849609375,926.1030883789062,-2571.4818725585938,11.277012515543355
263250.0,2552.4140625,2552.4140625,927.325927734375,-1625.088134765625,11.278831110659167
263500.0,2567.599853515625,2567.599853515625,918.408935546875,-1649.19091796875,11.280739281659795
263750.0,55.705711364746094,55.705711364746094,910.3899536132812,854.6842422485352,11.282684526106774
264000.0,2630.615478515625,2630.615478515625,848.997314453125,-1781.6181640625,11.284633874290984
264250.0,3043.8525390625,3043.8525390625,903.1708984375,-2140.681640625,11.286581612958576
264500.0,1888.0643310546875,1888.0643310546875,919.1129150390625,-968.951416015625,11.288498498367767
264750.0,1300.6793212890625,1300.6793212890625,900.8413696289062,-399.83795166015625,11.290381220226719
265000.0,2815.296142578125,2815.296142578125,951.78759765625,-1863.508544921875,11.29234560734354
265250.0,2350.322509765625,2350.322509765625,931.8018798828125,-1418.5206298828125,11.294348663752128
265500.0,2778.93896484375,2778.93896484375,949.269287109375,-1829.669677734375,11.29628535321094
265750.0,2208.403076171875,2208.403076171875,936.46337890625,-1271.939697265625,11.298258695338973
266000.0,1188.2886962890625,1188.2886962890625,912.9302978515625,-275.3583984375,11.30019121766317
266250.0,2162.5029296875,2162.5029296875,896.3755493164062,-1266.1273803710938,11.302182174060462
266500.0,2215.9306640625,2215.9306640625,894.3327026367188,-1321.5979614257812,11.304157858621897
266750.0,3009.013916015625,3009.013916015625,907.9207153320312,-2101.0932006835938,11.30614470089213
267000.0,1843.1226806640625,1843.1226806640625,949.049072265625,-894.0736083984375,11.308034438334351
267250.0,2132.716796875,2132.716796875,925.2635498046875,-1207.4532470703125,11.309924534434627
267500.0,2040.9757080078125,2040.9757080078125,918.8927612304688,-1122.0829467773438,11.311836088021822
267750.0,4318.9013671875,4318.9013671875,935.9176025390625,-3382.9837646484375,11.31380148237743
268000.0,2297.54248046875,2297.54248046875,951.7877807617188,-1345.7546997070312,11.315740577748205
268250.0,1986.910400390625,1986.910400390625,878.5077514648438,-1108.4026489257812,11.317672614528682
268500.0,2772.98974609375,2772.98974609375,913.3880615234375,-1859.6016845703125,11.319507456464061
268750.0,1642.92578125,1642.92578125,878.0596923828125,-764.8660888671875,11.321381553615998
269000.0,2458.556396484375,2458.556396484375,958.0234375,-1500.532958984375,11.32333896833133
269250.0,2986.436279296875,2986.436279296875,874.369873046875,-2112.06640625,11.325209704506994
269500.0,2067.908935546875,2067.908935546875,940.2617797851562,-1127.6471557617188,11.3271745009164
269750.0,2650.90283203125,2650.90283203125,924.9797973632812,-1725.9230346679688,11.329072282910591
270000.0,3464.451416015625,3464.451416015625,909.0170288085938,-2555.4343872070312,11.283277401165419
270250.0,4022.974853515625,4022.974853515625,866.9252319335938,-3156.0496215820312,11.285237993979448
270500.0,2794.758544921875,2794.758544921875,901.3931884765625,-1893.3653564453125,11.287137783818848
270750.0,1538.076904296875,1538.076904296875,926.2244873046875,-611.8524169921875,11.289006213714218
271000.0,2783.97900390625,2783.97900390625,867.5469360351562,-1916.4320678710938,11.2909177743486
271250.0,1848.3082275390625,1848.3082275390625,902.4149169921875,-945.893310546875,11.292855722965855
271500.0,1977.605224609375,1977.605224609375,925.159423828125,-1052.44580078125,11.294722360124329
271750.0,2425.45458984375,2425.45458984375,925.8533935546875,-1499.6011962890625,11.296676952262095
272000.0,2522.466552734375,2522.466552734375,927.15771484375,-1595.308837890625,11.298566887613674
272250.0,1656.3043212890625,1656.3043212890625,898.21435546875,-758.0899658203125,11.300416100414461
272500.0,2110.20703125,2110.20703125,912.4561767578125,-1197.7508544921875,11.302249511506307
272750.0,2221.84130859375,2221.84130859375,927.109375,-1294.73193359375,11.304133086633904
273000.0,3000.879150390625,3000.879150390625,902.5682373046875,-2098.3109130859375,11.305968479352716
273250.0,1880.8245849609375,1880.8245849609375,841.744384765625,-1039.0802001953125,11.307810967619773
273500.0,2035.53076171875,2035.53076171875,850.3155517578125,-1185.2152099609375,11.309665166799745
273750.0,2924.70263671875,2924.70263671875,923.750244140625,-2000.952392578125,11.311582304581076
274000.0,2054.161865234375,2054.161865234375,920.611328125,-1133.550537109375,11.313526925756925
274250.0,2738.9072265625,2738.9072265625,907.83935546875,-1831.06787109375,11.315451671531843
274500.0,1715.021728515625,1715.021728515625,906.2554931640625,-808.7662353515625,11.31736797367564
274750.0,2452.88720703125,2452.88720703125,895.4041748046875,-1557.4830322265625,11.31929428323633
275000.0,2423.5283203125,2423.5283203125,929.8992919921875,-1493.6290283203125,11.321228587957112
275250.0,3574.96435546875,3574.96435546875,949.8145751953125,-2625.1497802734375,11.323168337803791
275500.0,1323.603759765625,1323.603759765625,916.3916015625,-407.212158203125,11.325106024299155
275750.0,3095.0263671875,3095.0263671875,920.0939331054688,-2174.9324340820312,11.327030842074759
276000.0,2393.209228515625,2393.209228515625,910.99365234375,-1482.215576171875,11.328955974718342
276250.0,2464.919921875,2464.919921875,907.46044921875,-1557.45947265625,11.330878812428356
276500.0,1574.871337890625,1574.871337890625,932.7989501953125,-642.0723876953125,11.332798839044786
276750.0,1590.186279296875,1590.186279296875,859.6729125976562,-730.5133666992188,11.334720927421271
277000.0,2670.933349609375,2670.933349609375,903.9569091796875,-1766.9764404296875,11.336634406760764
277250.0,2074.705078125,2074.705078125,911.0042724609375,-1163.7008056640625,11.338558938486324
277500.0,4499.33349609375,4499.33349609375,810.264404296875,-3689.069091796875,11.340484247303623
277750.0,1748.8223876953125,1748.8223876953125,907.5506591796875,-841.271728515625,11.342394600599533
278000.0,2803.515380859375,2803.515380859375,854.5663452148438,-1948.9490356445312,11.344288240374212
278250.0,3652.7763671875,3652.7763671875,941.7266235351562,-2711.0497436523438,11.346177050517763
278500.0,3102.24755859375,3102.24755859375,925.1903076171875,-2177.0572509765625,11.34799838164786
278750.0,3046.045166015625,3046.045166015625,922.91748046875,-2123.127685546875,11.349905525931629
279000.0,2317.628173828125,2317.628173828125,910.2232666015625,-1407.4049072265625,11.351814398139904
279250.0,2124.234375,2124.234375,933.2353515625,-1190.9990234375,11.353722230673139
279500.0,1957.27734375,1957.27734375,939.4051513671875,-1017.8721923828125,11.355496448227784
279750.0,1899.177001953125,1899.177001953125,939.4603881835938,-959.7166137695312,11.357375482034422
280000.0,2705.8486328125,2705.8486328125,916.3771362304688,-1789.4714965820312,11.313130943797326
280250.0,225.69796752929688,225.69796752929688,932.1797485351562,706.4817810058594,11.315053321739553
280500.0,2064.46923828125,2064.46923828125,889.546630859375,-1174.922607421875,11.316955641556271
280750.0,4193.681640625,4193.681640625,905.7657470703125,-3287.9158935546875,11.318843791733997
281000.0,3513.694580078125,3513.694580078125,929.697509765625,-2583.9970703125,11.320726982420652
281250.0,838.20361328125,838.20361328125,931.9414672851562,93.73785400390625,11.322577567580092
281500.0,4192.35498046875,4192.35498046875,909.34423828125,-3283.0107421875,11.324420455855975
281750.0,2042.8211669921875,2042.8211669921875,933.77197265625,-1109.0491943359375,11.326255612909664
282000.0,2373.94384765625,2373.94384765625,902.2105102539062,-1471.7333374023438,11.32809171077804
282250.0,2379.906982421875,2379.906982421875,918.8948974609375,-1461.0120849609375,11.329904506257128
282500.0,2136.905029296875,2136.905029296875,953.4803466796875,-1183.4246826171875,11.331746548748646
282750.0,1829.39404296875,1829.39404296875,931.2489013671875,-898.1451416015625,11.333587128940668
283000.0,2180.609130859375,2180.609130859375,927.3949584960938,-1253.2141723632812,11.335360920562769
283250.0,2163.943115234375,2163.943115234375,925.5160522460938,-1238.4270629882812,11.337188702775927
283500.0,2403.297607421875,2403.297607421875,924.0388793945312,-1479.2587280273438,11.3390225878366
283750.0,1425.8839111328125,1425.8839111328125,893.305419921875,-532.5784912109375,11.340853751611462
284000.0,3572.00537109375,3572.00537109375,918.4901123046875,-2653.5152587890625,11.342670106687068
284250.0,2436.996826171875,2436.996826171875,933.5289916992188,-1503.4678344726562,11.34448205371652
284500.0,2321.12353515625,2321.12353515625,926.7847900390625,-1394.3387451171875,11.346289747000586
284750.0,2442.31787109375,2442.31787109375,914.6605834960938,-1527.6572875976562,11.348100920642459
285000.0,1753.0516357421875,1753.0516357421875,913.5079956054688,-839.5436401367188,11.349909100776635
285250.0,1950.999267578125,1950.999267578125,931.941162109375,-1019.05810546875,11.351706219962557
285500.0,2493.2080078125,2493.2080078125,920.116943359375,-1573.091064453125,11.35349710918269
285750.0,2162.10693359375,2162.10693359375,895.1522216796875,-1266.9547119140625,11.355255579591507
286000.0,1901.235595703125,1901.235595703125,920.882568359375,-980.35302734375,11.357023782911432
286250.0,4501.794921875,4501.794921875,916.6903076171875,-3585.1046142578125,11.358782571620734
286500.0,1907.2198486328125,1907.2198486328125,929.994384765625,-977.2254638671875,11.360496561252695
286750.0,2054.278564453125,2054.278564453125,843.0198364257812,-1211.2587280273438,11.362192888331855
287000.0,2251.88427734375,2251.88427734375,939.333740234375,-1312.550537109375,11.363893775580722
287250.0,3823.59375,3823.59375,933.6926879882812,-2889.9010620117188,11.365586855430335
287500.0,2952.434814453125,2952.434814453125,931.7490844726562,-2020.6857299804688,11.367292920736242
287750.0,2111.834716796875,2111.834716796875,900.0950927734375,-1211.7396240234375,11.368980386652902
288000.0,4402.2265625,4402.2265625,933.2369384765625,-3468.9896240234375,11.370659599995738
288250.0,3685.671875,3685.671875,920.745849609375,-2764.926025390625,11.372320346190518
288500.0,2852.735107421875,2852.735107421875,945.8551025390625,-1906.8800048828125,11.373933947569519
288750.0,1252.0738525390625,1252.0738525390625,917.3245849609375,-334.749267578125,11.375629704965611
289000.0,2272.007080078125,2272.007080078125,952.3428955078125,-1319.6641845703125,11.377325612613332
289250.0,3504.185546875,3504.185546875,865.14013671875,-2639.04541015625,11.379014304798071
289500.0,3670.62548828125,3670.62548828125,881.958740234375,-2788.666748046875,11.380726683952057
289750.0,1702.107666015625,1702.107666015625,888.0001831054688,-814.1074829101562,11.38243405839594
290000.0,3099.289306640625,3099.289306640625,852.9666748046875,-2246.3226318359375,11.338741199597736
290250.0,2843.43408203125,2843.43408203125,917.9041748046875,-1925.5299072265625,11.340464379015653
290500.0,2398.081298828125,2398.081298828125,942.2762451171875,-1455.8050537109375,11.342179917786472
290750.0,3209.691650390625,3209.691650390625,883.9208984375,-2325.770751953125,11.343908380940654
291000.0,2286.120849609375,2286.120849609375,915.7456665039062,-1370.3751831054688,11.3456889941495
291250.0,4028.418212890625,4028.418212890625,925.7550048828125,-3102.6632080078125,11.347419679136967
291500.0,2322.909912109375,2322.909912109375,891.0460815429688,-1431.8638305664062,11.349128070440978
291750.0,2613.676025390625,2613.676025390625,904.882080078125,-1708.7939453125,11.350810979154181
292000.0,3172.414306640625,3172.414306640625,977.3639526367188,-2195.0503540039062,11.352487033478063
292250.0,2139.7197265625,2139.7197265625,900.8320922851562,-1238.8876342773438,11.354166982685342
292500.0,2380.71484375,2380.71484375,936.6217041015625,-1444.0931396484375,11.355875592536151
292750.0,1869.8192138671875,1869.8192138671875,930.1119384765625,-939.707275390625,11.357579861229407
293000.0,1982.135009765625,1982.135009765625,941.1585693359375,-1040.9764404296875,11.35922594795528
293250.0,2129.5498046875,2129.5498046875,933.0250854492188,-1196.5247192382812,11.360999946760337
293500.0,3164.640380859375,3164.640380859375,945.5023803710938,-2219.1380004882812,11.36277059665214
293750.0,4147.82373046875,4147.82373046875,926.6507568359375,-3221.1729736328125,11.364531306617458
294000.0,2944.173095703125,2944.173095703125,940.692138671875,-2003.48095703125,11.36630344332757
294250.0,2664.58837890625,2664.58837890625,904.5293579101562,-1760.0590209960938,11.3680643688007
294500.0,2816.903564453125,2816.903564453125,951.3386840820312,-1865.5648803710938,11.369830160355123
294750.0,2346.619384765625,2346.619384765625,945.157470703125,-1401.4619140625,11.37158917888441
295000.0,2626.4599609375,2626.4599609375,907.5995483398438,-1718.8604125976562,11.373342918779395
295250.0,1907.356201171875,1907.356201171875,951.9194946289062,-955.4367065429688,11.375097208135095
295500.0,2791.591552734375,2791.591552734375,958.5546875,-1833.036865234375,11.37684924302457
295750.0,2908.36572265625,2908.36572265625,925.4351806640625,-1982.9305419921875,11.37854162375988
296000.0,2348.673583984375,2348.673583984375,944.0035400390625,-1404.6700439453125,11.380206089245686
296250.0,2094.263427734375,2094.263427734375,948.5611572265625,-1145.7022705078125,11.38186852844046
296500.0,3117.408203125,3117.408203125,948.74365234375,-2168.66455078125,11.383528035836449
296750.0,2852.13134765625,2852.13134765625,945.6708984375,-1906.46044921875,11.385177348753711
297000.0,1194.8284912109375,1194.8284912109375,965.94970703125,-228.8787841796875,11.38683239690626
297250.0,2742.72509765625,2742.72509765625,920.366943359375,-1822.358154296875,11.388460596130328
297500.0,2155.02978515625,2155.02978515625,875.6116333007812,-1279.4181518554688,11.390086434203425
297750.0,1136.1964111328125,1136.1964111328125,937.2571411132812,-198.93927001953125,11.391712593945615
298000.0,3242.314453125,3242.314453125,941.588623046875,-2300.725830078125,11.393327710160614
298250.0,2050.188720703125,2050.188720703125,920.9866943359375,-1129.2020263671875,11.394967741575199
298500.0,1224.496337890625,1224.496337890625,951.97705078125,-272.519287109375,11.396569883340298
298750.0,77.10400390625,77.10400390625,928.5179443359375,851.4139404296875,11.398262530310204
299000.0,3660.91552734375,3660.91552734375,946.7852172851562,-2714.1303100585938,11.399946325025635
299250.0,3066.134521484375,3066.134521484375,945.7401733398438,-2120.3943481445312,11.401624817136279
299500.0,2466.23876953125,2466.23876953125,932.622314453125,-1533.616455078125,11.40329490905086
299750.0,2593.537109375,2593.537109375,909.294677734375,-1684.242431640625,11.404963124865912
300000.0,2992.912841796875,2992.912841796875,906.3228759765625,-2086.5899658203125,11.362922580867203
300250.0,2389.613525390625,2389.613525390625,921.63427734375,-1467.979248046875,11.364607141020247
300500.0,2014.738525390625,2014.738525390625,934.7543334960938,-1079.9841918945312,11.36628011816066
300750.0,2335.96875,2335.96875,956.3477172851562,-1379.6210327148438,11.36792192851989
301000.0,2507.69775390625,2507.69775390625,947.2521362304688,-1560.4456176757812,11.369557982636778
301250.0,2776.781982421875,2776.781982421875,967.9544677734375,-1808.8275146484375,11.371165816669308
301500.0,1841.284912109375,1841.284912109375,950.5133056640625,-890.7716064453125,11.372791014278086
301750.0,2003.973388671875,2003.973388671875,935.803955078125,-1068.16943359375,11.37437138233457
302000.0,2212.83740234375,2212.83740234375,944.1295166015625,-1268.7078857421875,11.375989435127249
302250.0,1531.714599609375,1531.714599609375,937.392578125,-594.322021484375,11.37758553878918
302500.0,3065.343505859375,3065.343505859375,924.1702270507812,-2141.1732788085938,11.37915461124
302750.0,2686.2763671875,2686.2763671875,825.1101684570312,-1861.1661987304688,11.380731021625449
303000.0,2513.263916015625,2513.263916015625,942.8743896484375,-1570.3895263671875,11.38225985003256
303250.0,2969.130126953125,2969.130126953125,939.1840209960938,-2029.9461059570312,11.383917678946146
303500.0,3034.394775390625,3034.394775390625,765.016845703125,-2269.3779296875,11.385537901546892
303750.0,3186.836669921875,3186.836669921875,941.1671142578125,-2245.6695556640625,11.38714065512534
304000.0,2530.13916015625,2530.13916015625,947.8084106445312,-1582.3307495117188,11.388733719522717
304250.0,1406.723876953125,1406.723876953125,862.658447265625,-544.0654296875,11.390358598728405
304500.0,2644.27734375,2644.27734375,949.90771484375,-1694.36962890625,11.391970811611861
304750.0,3153.5498046875,3153.5498046875,931.3485107421875,-2222.2012939453125,11.39356840422957
305000.0,3800.35302734375,3800.35302734375,955.635498046875,-2844.717529296875,11.395178629717583
305250.0,1962.9788818359375,1962.9788818359375,924.410888671875,-1038.5679931640625,11.396759978955837
305500.0,2590.5126953125,2590.5126953125,938.9234619140625,-1651.5892333984375,11.398340590057433
305750.0,1017.1134033203125,1017.1134033203125,919.529541015625,-97.5838623046875,11.399918168160868
306000.0,1869.1473388671875,1869.1473388671875,900.2679443359375,-968.87939453125,11.401485808047918
306250.0,3043.700927734375,3043.700927734375,882.3980102539062,-2161.3029174804688,11.40306452100743
306500.0,2237.560302734375,2237.560302734375,939.1553955078125,-1298.4049072265625,11.40465707647817
306750.0,2578.55419921875,2578.55419921875,937.4739990234375,-1641.0802001953125,11.406227840431702
307000.0,3265.087646484375,3265.087646484375,936.5718994140625,-2328.5157470703125,11.407796955057291
307250.0,2745.83251953125,2745.83251953125,909.2811889648438,-1836.5513305664062,11.409359703024007
307500.0,2616.587158203125,2616.587158203125,905.3050537109375,-1711.2821044921875,11.410921336384032
307750.0,2935.8818359375,2935.8818359375,917.431396484375,-2018.450439453125,11.412487985320814
308000.0,2345.400390625,2345.400390625,958.281005859375,-1387.119384765625,11.414047235735708
308250.0,3466.1591796875,3466.1591796875,962.7244262695312,-2503.4347534179688,11.41552296654683
308500.0,4245.04541015625,4245.04541015625,942.9549560546875,-3302.0904541015625,11.417089616154277
308750.0,3794.97216796875,3794.97216796875,921.6409912109375,-2873.3311767578125,11.418660650954532
309000.0,3454.8369140625,3454.8369140625,934.6107177734375,-2520.2261962890625,11.420224529670007
309250.0,2203.8046875,2203.8046875,922.6087646484375,-1281.1959228515625,11.421776258842332
309500.0,1383.223876953125,1383.223876953125,945.623291015625,-437.6005859375,11.423323585455313
309750.0,2805.9970703125,2805.9970703125,947.6044311523438,-1858.3926391601562,11.42487695645833
310000.0,2566.794189453125,2566.794189453125,939.9423828125,-1626.851806640625,11.383522799031317
310250.0,2769.904296875,2769.904296875,938.5128784179688,-1831.3914184570312,11.385104362466837
310500.0,2735.0439453125,2735.0439453125,942.5660400390625,-1792.4779052734375,11.386684643097496
310750.0,2426.098388671875,2426.098388671875,967.6956787109375,-1458.4027099609375,11.388261548756942
311000.0,2439.7119140625,2439.7119140625,945.947509765625,-1493.764404296875,11.389829412009858
311250.0,1816.8533935546875,1816.8533935546875,921.971435546875,-894.8819580078125,11.391444695499892
311500.0,2654.574951171875,2654.574951171875,949.9124145507812,-1704.6625366210938,11.393029431057908
311750.0,3231.38525390625,3231.38525390625,946.657958984375,-2284.727294921875,11.394614889743881
312000.0,3289.6083984375,3289.6083984375,899.7818603515625,-2389.8265380859375,11.396197440049454
312250.0,1805.2972412109375,1805.2972412109375,931.8458251953125,-873.451416015625,11.397774515855113
312500.0,3038.6640625,3038.6640625,950.1405639648438,-2088.5234985351562,11.39934092365389
312750.0,212.1342315673828,212.1342315673828,940.2109375,728.0767059326172,11.400911412330197
313000.0,1059.7305908203125,1059.7305908203125,943.5877685546875,-116.142822265625,11.40244491836325
313250.0,3821.25146484375,3821.25146484375,921.9691162109375,-2899.2823486328125,11.404041780032022
313500.0,2437.280029296875,2437.280029296875,932.765869140625,-1504.51416015625,11.405605436057076
313750.0,2976.615234375,2976.615234375,930.4136352539062,-2046.2015991210938,11.407163106916299
314000.0,3243.603515625,3243.603515625,952.6329345703125,-2290.9705810546875,11.408716449441831
314250.0,2440.45556640625,2440.45556640625,870.7007446289062,-1569.7548217773438,11.410255698767186
314500.0,2760.020751953125,2760.020751953125,936.6253662109375,-1823.3953857421875,11.411778698193928
314750.0,3027.9091796875,3027.9091796875,946.2787475585938,-2081.6304321289062,11.413324713748771
315000.0,2396.63671875,2396.63671875,964.7684936523438,-1431.8682250976562,11.414885705687245
315250.0,2017.2659912109375,2017.2659912109375,967.4368286132812,-1049.8291625976562,11.41644266176424
315500.0,2903.36083984375,2903.36083984375,966.0179443359375,-1937.3428955078125,11.418004332198919
315750.0,2138.005615234375,2138.005615234375,963.6866455078125,-1174.3189697265625,11.41956687919423
316000.0,2678.095703125,2678.095703125,902.4234619140625,-1775.6722412109375,11.421107687762298
316250.0,3263.71337890625,3263.71337890625,954.77490234375,-2308.9384765625,11.422664204666212
316500.0,1460.0853271484375,1460.0853271484375,940.4682006835938,-519.6171264648438,11.424213671574597
316750.0,3117.941162109375,3117.941162109375,952.982177734375,-2164.958984375,11.42578060770581
317000.0,1857.4246826171875,1857.4246826171875,923.420166015625,-934.0045166015625,11.42736209638369
317250.0,2388.545166015625,2388.545166015625,948.4058837890625,-1440.1392822265625,11.428937230122417
317500.0,2276.212158203125,2276.212158203125,960.31396484375,-1315.898193359375,11.43051284487962
317750.0,3418.280029296875,3418.280029296875,950.9344482421875,-2467.3455810546875,11.432076373791588
318000.0,2524.70068359375,2524.70068359375,957.03955078125,-1567.6611328125,11.433632166585474
318250.0,2367.8095703125,2367.8095703125,935.451171875,-1432.3583984375,11.435107941973046
318500.0,3546.083251953125,3546.083251953125,954.585693359375,-2591.49755859375,11.436683067718665
318750.0,1805.2589111328125,1805.2589111328125,951.0001831054688,-854.2587280273438,11.438257695588888
319000.0,2455.109130859375,2455.109130859375,950.599853515625,-1504.50927734375,11.43982862269423
319250.0,2575.82666015625,2575.82666015625,949.768310546875,-1626.058349609375,11.441399252241006
319500.0,3019.652587890625,3019.652587890625,929.1490478515625,-2090.5035400390625,11.442960021013256
319750.0,3215.501953125,3215.501953125,938.3927612304688,-2277.1091918945312,11.444499628476684
320000.0,410.50396728515625,410.50396728515625,954.076416015625,543.5724487304688,11.404683848274635
320250.0,2926.49609375,2926.49609375,925.6404418945312,-2000.8556518554688,11.406277521221362
320500.0,2592.103515625,2592.103515625,927.5568237304688,-1664.5466918945312,11.407888131057401
320750.0,1027.5006103515625,1027.5006103515625,949.2138671875,-78.2867431640625,11.409468686803319
321000.0,2670.1708984375,2670.1708984375,949.559326171875,-1720.611572265625,11.411027945127762
321250.0,1586.89990234375,1586.89990234375,956.42626953125,-630.4736328125,11.412618292461788
321500.0,2056.42333984375,2056.42333984375,963.3580322265625,-1093.0653076171875,11.414216520863125
321750.0,2448.104736328125,2448.104736328125,948.613525390625,-1499.4912109375,11.41579674807878
322000.0,2920.803955078125,2920.803955078125,939.9590454101562,-1980.8449096679688,11.417375686644519
322250.0,2089.9326171875,2089.9326171875,951.7894287109375,-1138.1431884765625,11.418953287908655
322500.0,2304.01953125,2304.01953125,957.1182861328125,-1346.9012451171875,11.420524517547314
322750.0,2153.8916015625,2153.8916015625,963.130859375,-1190.7607421875,11.422086031704758
323000.0,2876.69091796875,2876.69091796875,968.5701293945312,-1908.1207885742188,11.423599927234205
323250.0,2141.490478515625,2141.490478515625,931.330810546875,-1210.15966796875,11.425202988959228
323500.0,2116.67041015625,2116.67041015625,928.1171875,-1188.55322265625,11.426800436267047
323750.0,3170.901611328125,3170.901611328125,937.4888916015625,-2233.4127197265625,11.428356543654198
324000.0,2516.03125,2516.03125,954.7203979492188,-1561.3108520507812,11.429864365350557
324250.0,2703.50537109375,2703.50537109375,953.2734985351562,-1750.2318725585938,11.43139718355254
324500.0,2320.92919921875,2320.92919921875,950.5335693359375,-1370.3956298828125,11.432934898499981
324750.0,3553.49609375,3553.49609375,935.11572265625,-2618.38037109375,11.434459412414917
325000.0,2755.766357421875,2755.766357421875,953.794189453125,-1801.97216796875,11.435987456681232
325250.0,3220.040771484375,3220.040771484375,930.67138671875,-2289.369384765625,11.437500798605516
325500.0,1353.162353515625,1353.162353515625,934.13330078125,-419.029052734375,11.439074712962181
325750.0,2100.933349609375,2100.933349609375,940.5671997070312,-1160.3661499023438,11.440636463077645
326000.0,2963.75927734375,2963.75927734375,845.8856201171875,-2117.8736572265625,11.442202595774747
326250.0,3530.537841796875,3530.537841796875,889.8685302734375,-2640.6693115234375,11.443729555741857
326500.0,2450.5654296875,2450.5654296875,950.4520874023438,-1500.1133422851562,11.445222120013376
326750.0,1403.3209228515625,1403.3209228515625,951.2628784179688,-452.05804443359375,11.446707714721523
327000.0,1463.1234130859375,1463.1234130859375,954.8279418945312,-508.29547119140625,11.448184055108953
327250.0,2300.04296875,2300.04296875,958.6017456054688,-1341.4412231445312,11.449653956674238
327500.0,2853.025634765625,2853.025634765625,939.3529052734375,-1913.6727294921875,11.45111688513756
327750.0,1839.46337890625,1839.46337890625,930.7217407226562,-908.7416381835938,11.45257105493695
328000.0,1250.04443359375,1250.04443359375,831.42138671875,-418.623046875,11.454039499300482
328250.0,2540.85205078125,2540.85205078125,947.3882446289062,-1593.4638061523438,11.455427444487063
328500.0,2882.08349609375,2882.08349609375,935.630126953125,-1946.453369140625,11.456896596716007
328750.0,2874.282958984375,2874.282958984375,959.2244873046875,-1915.0584716796875,11.458365701280771
329000.0,3756.453125,3756.453125,919.5912475585938,-2836.8618774414062,11.459828889159338
329250.0,2878.897705078125,2878.897705078125,947.2845458984375,-1931.6131591796875,11.461336819949752
329500.0,4037.588623046875,4037.588623046875,945.583740234375,-3092.0048828125,11.462868399415362
329750.0,3327.090087890625,3327.090087890625,952.3076171875,-2374.782470703125,11.464404372863193
330000.0,2922.78076171875,2922.78076171875,956.7824096679688,-1965.9983520507812,11.425677304863168
330250.0,2088.294921875,2088.294921875,937.960693359375,-1150.334228515625,11.427178365558955
330500.0,2283.324462890625,2283.324462890625,947.191162109375,-1336.13330078125,11.428716063879
330750.0,3258.395263671875,3258.395263671875,957.582275390625,-2300.81298828125,11.430249465900813
331000.0,4381.708984375,4381.708984375,957.36181640625,-3424.34716796875,11.43177957845607
331250.0,2861.89404296875,2861.89404296875,957.6914672851562,-1904.2025756835938,11.433302105292027
331500.0,3374.7841796875,3374.7841796875,916.266357421875,-2458.517822265625,11.434816403190617
331750.0,1395.16650390625,1395.16650390625,940.4525146484375,-454.7139892578125,11.436325392317796
332000.0,1585.666259765625,1585.666259765625,943.2260131835938,-642.4402465820312,11.437835176116714
332250.0,1991.748291015625,1991.748291015625,953.1513671875,-1038.596923828125,11.439333638022287
332500.0,2836.046630859375,2836.046630859375,938.9375,-1897.109130859375,11.440786210373753
332750.0,1905.682861328125,1905.682861328125,950.9087524414062,-954.7741088867188,11.442202694440729
333000.0,2498.18408203125,2498.18408203125,984.9970703125,-1513.18701171875,11.443570172530746
333250.0,3083.243896484375,3083.243896484375,954.3634033203125,-2128.8804931640625,11.445037031883043
333500.0,2074.650390625,2074.650390625,885.466552734375,-1189.183837890625,11.446505211442933
333750.0,2827.07080078125,2827.07080078125,972.5731201171875,-1854.4976806640625,11.447963160059597
334000.0,1799.48876953125,1799.48876953125,942.3843994140625,-857.1043701171875,11.449446893795391
334250.0,2247.202392578125,2247.202392578125,941.9673461914062,-1305.2350463867188,11.450944112872339
334500.0,2404.541259765625,2404.541259765625,927.198486328125,-1477.3427734375,11.452449968354186
334750.0,2623.251953125,2623.251953125,943.4644775390625,-1679.7874755859375,11.453968617702518
335000.0,2747.93896484375,2747.93896484375,951.4763793945312,-1796.4625854492188,11.455463783635619
335250.0,761.8657836914062,761.8657836914062,980.4602661132812,218.594482421875,11.456927708681992
335500.0,2136.7890625,2136.7890625,949.9540405273438,-1186.8350219726562,11.458373116654043
335750.0,2202.9931640625,2202.9931640625,980.5255126953125,-1222.4676513671875,11.45982846998338
336000.0,2332.83984375,2332.83984375,960.1390991210938,-1372.7007446289062,11.461275418894116
336250.0,3177.705078125,3177.705078125,931.369384765625,-2246.335693359375,11.462737051417706
336500.0,2438.28857421875,2438.28857421875,944.3243408203125,-1493.9642333984375,11.464202189552704
336750.0,2973.46630859375,2973.46630859375,892.555419921875,-2080.910888671875,11.465658117767482
337000.0,2113.675048828125,2113.675048828125,953.6392822265625,-1160.0357666015625,11.467136425904991
337250.0,3822.313720703125,3822.313720703125,970.450439453125,-2851.86328125,11.46863247589903
337500.0,2275.695068359375,2275.695068359375,954.48291015625,-1321.212158203125,11.470125461479002
337750.0,2299.4111328125,2299.4111328125,953.5575561523438,-1345.8535766601562,11.471617513496719
338000.0,2057.233642578125,2057.233642578125,921.859130859375,-1135.37451171875,11.47307111201067
338250.0,3413.480712890625,3413.480712890625,902.060302734375,-2511.42041015625,11.474423880391774
338500.0,2810.9287109375,2810.9287109375,961.310302734375,-1849.618408203125,11.475865173524438
338750.0,2178.87060546875,2178.87060546875,964.0372924804688,-1214.8333129882812,11.477284963160255
339000.0,3994.468505859375,3994.468505859375,947.5633544921875,-3046.9051513671875,11.47868247195794
339250.0,1758.22705078125,1758.22705078125,963.71240234375,-794.5146484375,11.480112144533617
339500.0,2494.440673828125,2494.440673828125,955.3912353515625,-1539.0494384765625,11.481543729824875
339750.0,2575.041259765625,2575.041259765625,948.7576293945312,-1626.2836303710938,11.482971742370758
340000.0,524.0944213867188,524.0944213867188,929.2642822265625,405.16986083984375,11.444727002595458
340250.0,1939.7646484375,1939.7646484375,950.908447265625,-988.856201171875,11.446148138026274
340500.0,2214.642578125,2214.642578125,967.416015625,-1247.2265625,11.447544529618881
340750.0,4150.1318359375,4150.1318359375,974.0721435546875,-3176.0596923828125,11.44896128703896
341000.0,1600.0491943359375,1600.0491943359375,921.2412109375,-678.8079833984375,11.450370265763512
341250.0,2566.918701171875,2566.918701171875,961.6739501953125,-1605.2447509765625,11.451750203938136
341500.0,3574.970458984375,3574.970458984375,959.11669921875,-2615.853759765625,11.453118036660356
341750.0,2567.54345703125,2567.54345703125,942.1558837890625,-1625.3875732421875,11.454485329173519
342000.0,2320.40185546875,2320.40185546875,979.55224609375,-1340.849609375,11.455876118910567
342250.0,2768.82177734375,2768.82177734375,980.4024658203125,-1788.4193115234375,11.45727928638631
342500.0,2072.62744140625,2072.62744140625,953.1075439453125,-1119.5198974609375,11.458700291304257
342750.0,2223.105224609375,2223.105224609375,935.9217529296875,-1287.1834716796875,11.460120781399224
343000.0,2540.065673828125,2540.065673828125,955.4262084960938,-1584.6394653320312,11.461443267787201
343250.0,3586.591064453125,3586.591064453125,967.0923461914062,-2619.4987182617188,11.462827482239398
343500.0,2474.733154296875,2474.733154296875,972.1139526367188,-1502.6192016601562,11.464253001747704
343750.0,2041.569091796875,2041.569091796875,915.9766845703125,-1125.5924072265625,11.465673506103123
344000.0,3086.4541015625,3086.4541015625,961.1480712890625,-2125.3060302734375,11.467086387746699
344250.0,2732.2529296875,2732.2529296875,967.1174926757812,-1765.1354370117188,11.468504835811466
344500.0,1996.0233154296875,1996.0233154296875,943.9879760742188,-1052.0353393554688,11.469944765775999
344750.0,3332.828857421875,3332.828857421875,842.0990600585938,-2490.7297973632812,11.471365136906298
345000.0,1682.8690185546875,1682.8690185546875,951.1873779296875,-731.681640625,11.472775182335955
345250.0,498.7713928222656,498.7713928222656,878.1273803710938,379.3559875488281,11.474229784455341
345500.0,1674.533935546875,1674.533935546875,949.368896484375,-725.1650390625,11.47561934029263
345750.0,1800.969970703125,1800.969970703125,938.5037841796875,-862.4661865234375,11.476992163717325
346000.0,3510.89990234375,3510.89990234375,948.663818359375,-2562.236083984375,11.478410278167603
346250.0,3072.47021484375,3072.47021484375,957.21240234375,-2115.2578125,11.479817396753402
346500.0,2093.09423828125,2093.09423828125,942.81201171875,-1150.2822265625,11.481129597487262
346750.0,2081.9521484375,2081.9521484375,953.0418701171875,-1128.9102783203125,11.482511989466438
347000.0,2613.939697265625,2613.939697265625,957.478515625,-1656.461181640625,11.483927314044745
347250.0,2171.13720703125,2171.13720703125,967.9653930664062,-1203.1718139648438,11.485325475637268
347500.0,3683.5322265625,3683.5322265625,956.1328125,-2727.3994140625,11.486749934765557
347750.0,4429.22314453125,4429.22314453125,964.937744140625,-3464.285400390625,11.488177142467206
348000.0,2982.669921875,2982.669921875,967.003662109375,-2015.666259765625,11.489566463568941
348250.0,1172.29638671875,1172.29638671875,914.3734130859375,-257.9229736328125,11.490261094033615
348500.0,2457.780517578125,2457.780517578125,982.2225341796875,-1475.5579833984375,11.491674847616247
348750.0,817.0938720703125,817.0938720703125,961.584228515625,144.4903564453125,11.493076777481235
349000.0,1167.4781494140625,1167.4781494140625,970.3827514648438,-197.09539794921875,11.494477544856263
349250.0,1726.6923828125,1726.6923828125,952.3765869140625,-774.3157958984375,11.495894630737284
349500.0,3509.8203125,3509.8203125,960.4178466796875,-2549.4024658203125,11.49731047996237
349750.0,1514.7723388671875,1514.7723388671875,959.1948852539062,-555.5774536132812,11.498715702183121
350000.0,808.5046997070312,808.5046997070312,975.2352905273438,166.7305908203125,11.461964935700525
350250.0,2079.3642578125,2079.3642578125,962.4736938476562,-1116.8905639648438,11.463378138424108
350500.0,4342.701171875,4342.701171875,960.840087890625,-3381.861083984375,11.464779274526757
350750.0,1721.576904296875,1721.576904296875,928.9007568359375,-792.6761474609375,11.466201085868871
351000.0,1898.744140625,1898.744140625,977.4484252929688,-921.2957153320312,11.467620242889927
351250.0,2115.560302734375,2115.560302734375,959.4330444335938,-1156.1272583007812,11.4690040932747
351500.0,2002.8284912109375,2002.8284912109375,975.9808959960938,-1026.8475952148438,11.470398413237683
351750.0,1958.210205078125,1958.210205078125,966.7064819335938,-991.5037231445312,11.471760218433651
352000.0,1369.848876953125,1369.848876953125,930.3280029296875,-439.5208740234375,11.473126563326685
352250.0,1254.1619873046875,1254.1619873046875,945.5400390625,-308.6219482421875,11.474485206965912
352500.0,3644.169189453125,3644.169189453125,953.0682373046875,-2691.1009521484375,11.475847350209886
352750.0,2251.2607421875,2251.2607421875,928.9495849609375,-1322.3111572265625,11.477213357716225
353000.0,1792.702392578125,1792.702392578125,978.213623046875,-814.48876953125,11.47854710726285
353250.0,2356.79248046875,2356.79248046875,944.3082275390625,-1412.4842529296875,11.479926636909001
353500.0,2978.543701171875,2978.543701171875,904.251220703125,-2074.29248046875,11.481323097040576
353750.0,1624.3787841796875,1624.3787841796875,972.4834594726562,-651.8953247070312,11.48270993352786
354000.0,2254.8369140625,2254.8369140625,975.5657958984375,-1279.2711181640625,11.484080917047566
354250.0,1410.543701171875,1410.543701171875,966.2886962890625,-444.2550048828125,11.485446001217527
354500.0,1327.0706787109375,1327.0706787109375,973.9030151367188,-353.16766357421875,11.486813771320671
354750.0,1143.3753662109375,1143.3753662109375,952.3016357421875,-191.07373046875,11.488189128888571
355000.0,726.6919555664062,726.6919555664062,967.087890625,240.39593505859375,11.489559825530048
355250.0,1405.6856689453125,1405.6856689453125,960.6422729492188,-445.04339599609375,11.490925653166759
355500.0,2335.663330078125,2335.663330078125,968.2617797851562,-1367.4015502929688,11.492296936452059
355750.0,3449.383056640625,3449.383056640625,940.5128173828125,-2508.8702392578125,11.49367051280813
356000.0,2174.91064453125,2174.91064453125,965.829833984375,-1209.080810546875,11.49504717438033
356250.0,2051.638427734375,2051.638427734375,969.8904418945312,-1081.7479858398438,11.496437923109339
356500.0,1313.974853515625,1313.974853515625,922.8147583007812,-391.16009521484375,11.497810632121732
356750.0,2127.586669921875,2127.586669921875,953.4520263671875,-1174.1346435546875,11.499197148629056
357000.0,2745.09326171875,2745.09326171875,960.4483642578125,-1784.6448974609375,11.50057886655892
357250.0,2658.572265625,2658.572265625,968.2471923828125,-1690.3250732421875,11.501958319615339
357500.0,2472.518798828125,2472.518798828125,943.462158203125,-1529.056640625,11.503331976052966
357750.0,1837.2447509765625,1837.2447509765625,965.4189453125,-871.8258056640625,11.504685141413049
358000.0,1437.9356689453125,1437.9356689453125,950.248291015625,-487.6873779296875,11.506030707472538
358250.0,2913.2451171875,2913.2451171875,912.5784912109375,-2000.6666259765625,11.507336051465547
358500.0,2529.863037109375,2529.863037109375,985.290771484375,-1544.572265625,11.508698871827235
358750.0,1106.7611083984375,1106.7611083984375,972.1947631835938,-134.56634521484375,11.510074164441393
359000.0,3405.56591796875,3405.56591796875,936.531982421875,-2469.033935546875,11.511441441623676
359250.0,3392.670166015625,3392.670166015625,949.9881591796875,-2442.6820068359375,11.512805041042135
359500.0,3372.623046875,3372.623046875,957.7493896484375,-2414.8736572265625,11.514176665704346
359750.0,373.9248962402344,373.9248962402344,943.8110961914062,569.8861999511719,11.515556839856185
360000.0,2487.20458984375,2487.20458984375,923.4627075195312,-1563.7418823242188,11.479924888629807
360250.0,2194.320068359375,2194.320068359375,934.5409545898438,-1259.7791137695312,11.481320938514688
360500.0,2386.39208984375,2386.39208984375,941.29443359375,-1445.09765625,11.482716241047639
360750.0,2027.55322265625,2027.55322265625,967.226318359375,-1060.326904296875,11.484102177740183
361000.0,4201.29833984375,4201.29833984375,956.2645263671875,-3245.0338134765625,11.485478362483866
361250.0,2284.661865234375,2284.661865234375,929.1641845703125,-1355.4976806640625,11.486830967951054
361500.0,1957.2713623046875,1957.2713623046875,941.1185302734375,-1016.15283203125,11.48798881255469
361750.0,3340.12744140625,3340.12744140625,892.3865356445312,-2447.7409057617188,11.489065520714469
362000.0,1925.0103759765625,1925.0103759765625,935.6329956054688,-989.3773803710938,11.490441855474598
362250.0,2416.943359375,2416.943359375,848.1885986328125,-1568.7547607421875,11.49181494778035
362500.0,2239.413330078125,2239.413330078125,953.6871337890625,-1285.7261962890625,11.493202853638968
362750.0,2659.0068359375,2659.0068359375,967.9944458007812,-1691.0123901367188,11.494458329932419
363000.0,1994.8056640625,1994.8056640625,907.1090087890625,-1087.6966552734375,11.495798554470705
363250.0,41.71765899658203,41.71765899658203,905.6865234375,863.968864440918,11.497148472513947
363500.0,2963.891845703125,2963.891845703125,984.759033203125,-1979.1328125,11.498526163645716
363750.0,1770.97802734375,1770.97802734375,975.751953125,-795.22607421875,11.499949297862889
364000.0,2640.963623046875,2640.963623046875,967.4016723632812,-1673.5619506835938,11.501339311409362
364250.0,2509.611328125,2509.611328125,957.0369262695312,-1552.5744018554688,11.502730442142061
364500.0,3501.548583984375,3501.548583984375,940.6801147460938,-2560.8684692382812,11.504138213209941
364750.0,3013.65234375,3013.65234375,950.5970458984375,-2063.0552978515625,11.505541577157967
365000.0,3130.959228515625,3130.959228515625,971.617919921875,-2159.34130859375,11.506944639951454
365250.0,2004.119140625,2004.119140625,965.3634033203125,-1038.7557373046875,11.50835430300845
365500.0,3625.73291015625,3625.73291015625,955.2255249023438,-2670.5073852539062,11.509751908547107
365750.0,1941.6524658203125,1941.6524658203125,969.4361572265625,-972.21630859375,11.511128250236208
366000.0,2415.9130859375,2415.9130859375,943.009521484375,-1472.903564453125,11.512529024086524
366250.0,3035.310791015625,3035.310791015625,916.4774169921875,-2118.8333740234375,11.513875270442059
366500.0,2504.31103515625,2504.31103515625,982.2314453125,-1522.07958984375,11.51521579104527
366750.0,3905.8388671875,3905.8388671875,945.0216064453125,-2960.8172607421875,11.51655156413233
367000.0,3498.832275390625,3498.832275390625,948.2144775390625,-2550.6177978515625,11.517881809441155
367250.0,4134.91455078125,4134.91455078125,965.6539306640625,-3169.2606201171875,11.519213362279096
367500.0,2052.6416015625,2052.6416015625,953.7841796875,-1098.857421875,11.520538911516777
367750.0,1870.66650390625,1870.66650390625,955.3704833984375,-915.2960205078125,11.521868631750424
368000.0,3605.74560546875,3605.74560546875,942.1400146484375,-2663.6055908203125,11.523172842421458
368250.0,2165.2509765625,2165.2509765625,962.248291015625,-1203.002685546875,11.524440764935148
368500.0,2697.6005859375,2697.6005859375,950.0594482421875,-1747.5411376953125,11.52578463082807
368750.0,3205.046875,3205.046875,964.2422485351562,-2240.8046264648438,11.527120075357418
369000.0,2294.4111328125,2294.4111328125,960.03271484375,-1334.37841796875,11.528449848026856
369250.0,2101.38037109375,2101.38037109375,968.2411499023438,-1133.1392211914062,11.52977917834736
369500.0,3081.630615234375,3081.630615234375,956.6827392578125,-2124.9478759765625,11.531100046781411
369750.0,2840.31884765625,2840.31884765625,962.7623901367188,-1877.5564575195312,11.5324304870835
370000.0,2131.333251953125,2131.333251953125,965.09765625,-1166.235595703125,11.49747128066912
370250.0,2296.9208984375,2296.9208984375,956.98828125,-1339.9326171875,11.498793855958604
370500.0,3014.76318359375,3014.76318359375,943.5028076171875,-2071.2603759765625,11.500113736491466
370750.0,3176.570556640625,3176.570556640625,976.4649047851562,-2200.1056518554688,11.501453869924461
371000.0,2845.986328125,2845.986328125,959.7021484375,-1886.2841796875,11.502787743139383
371250.0,2512.852783203125,2512.852783203125,976.7593994140625,-1536.0933837890625,11.504100788009229
371500.0,1575.659423828125,1575.659423828125,954.1939697265625,-621.4654541015625,11.505412523211161
371750.0,3356.497314453125,3356.497314453125,929.826416015625,-2426.6708984375,11.506768784299927
372000.0,4262.83935546875,4262.83935546875,951.7716064453125,-3311.0677490234375,11.508126630308105
372250.0,1216.4652099609375,1216.4652099609375,966.14697265625,-250.3182373046875,11.509460226173987
372500.0,4576.4365234375,4576.4365234375,957.2431640625,-3619.193359375,11.510756332830152
372750.0,1122.5789794921875,1122.5789794921875,940.8824462890625,-181.696533203125,11.512002548190381
373000.0,2387.090576171875,2387.090576171875,973.852783203125,-1413.23779296875,11.513337573548474
373250.0,2381.271484375,2381.271484375,992.4033203125,-1388.8681640625,11.514671583271397
373500.0,2415.336181640625,2415.336181640625,962.2433471679688,-1453.0928344726562,11.515997152673773
373750.0,2744.647705078125,2744.647705078125,966.5849609375,-1778.062744140625,11.517327260552936
374000.0,2251.9404296875,2251.9404296875,959.649658203125,-1292.290771484375,11.51865479251758
374250.0,1936.19287109375,1936.19287109375,976.7817993164062,-959.4110717773438,11.519982989810938
374500.0,2311.042724609375,2311.042724609375,989.885498046875,-1321.1572265625,11.521297620194956
374750.0,3380.563232421875,3380.563232421875,983.2913208007812,-2397.2719116210938,11.522618534224655
375000.0,1904.309814453125,1904.309814453125,990.3580322265625,-913.9517822265625,11.523918948710776
375250.0,2165.71435546875,2165.71435546875,971.7171020507812,-1193.9972534179688,11.525227234342546
375500.0,1842.4359130859375,1842.4359130859375,971.8851318359375,-870.55078125,11.526543426712571
375750.0,2634.558349609375,2634.558349609375,973.1223754882812,-1661.4359741210938,11.52786257790277
376000.0,1940.301513671875,1940.301513671875,989.6409301757812,-950.6605834960938,11.52923290746575
376250.0,2104.945556640625,2104.945556640625,963.1401977539062,-1141.8053588867188,11.530559748485784
376500.0,2459.996826171875,2459.996826171875,987.07958984375,-1472.917236328125,11.531869545501959
376750.0,2863.306396484375,2863.306396484375,962.048095703125,-1901.25830078125,11.533187664917522
377000.0,2276.14794921875,2276.14794921875,966.5087890625,-1309.63916015625,11.534549564181544
377250.0,1668.839599609375,1668.839599609375,978.143798828125,-690.69580078125,11.53590533188638
377500.0,267.7544250488281,267.7544250488281,974.07275390625,706.3183288574219,11.537252302147575
377750.0,4012.34814453125,4012.34814453125,993.001220703125,-3019.346923828125,11.538572493280975
378000.0,3102.04931640625,3102.04931640625,869.5572509765625,-2232.4920654296875,11.539919162535805
378250.0,2382.18798828125,2382.18798828125,975.690185546875,-1406.497802734375,11.541218208057709
378500.0,2249.171142578125,2249.171142578125,948.5899047851562,-1300.5812377929688,11.542575495530059
378750.0,3447.46728515625,3447.46728515625,970.5405883789062,-2476.9266967773438,11.543909130914374
379000.0,2579.680908203125,2579.680908203125,979.2538452148438,-1600.4270629882812,11.545208877423386
379250.0,3007.44189453125,3007.44189453125,961.4293212890625,-2046.0125732421875,11.546508145063376
379500.0,4416.0595703125,4416.0595703125,973.8394775390625,-3442.2200927734375,11.547803749634303
379750.0,2328.63818359375,2328.63818359375,970.6192626953125,-1358.0189208984375,11.549093200652068
380000.0,2159.029541015625,2159.029541015625,976.61572265625,-1182.413818359375,11.515062198399047
380250.0,1548.659423828125,1548.659423828125,941.525634765625,-607.1337890625,11.516366895056212
380500.0,1193.6678466796875,1193.6678466796875,974.4176025390625,-219.250244140625,11.517694445467452
380750.0,2007.522216796875,2007.522216796875,842.5045166015625,-1165.0177001953125,11.519003918882866
381000.0,2687.593994140625,2687.593994140625,969.2764892578125,-1718.3175048828125,11.52029422086928
381250.0,2677.753173828125,2677.753173828125,957.5804443359375,-1720.1727294921875,11.521589242015953
381500.0,2194.014404296875,2194.014404296875,955.8041381835938,-1238.2102661132812,11.522885356987654
381750.0,582.412353515625,582.412353515625,979.4129028320312,397.00054931640625,11.5242053311691
382000.0,1075.57080078125,1075.57080078125,992.1934814453125,-83.3773193359375,11.52551686379188
382250.0,3072.526123046875,3072.526123046875,967.8809204101562,-2104.6452026367188,11.526819688110379
382500.0,4004.68017578125,4004.68017578125,930.6447143554688,-3074.0354614257812,11.528117617759346
382750.0,1682.8045654296875,1682.8045654296875,968.7576904296875,-714.046875,11.529350774083376
383000.0,1697.462890625,1697.462890625,982.6976318359375,-714.7652587890625,11.530626953734812
383250.0,3022.038818359375,3022.038818359375,971.4102783203125,-2050.6285400390625,11.531914792908266
383500.0,2633.264404296875,2633.264404296875,986.1329345703125,-1647.1314697265625,11.533211987429612
383750.0,3131.07275390625,3131.07275390625,951.157958984375,-2179.914794921875,11.534503195193716
384000.0,1822.838623046875,1822.838623046875,981.0045166015625,-841.8341064453125,11.535780785315923
384250.0,556.2532958984375,556.2532958984375,991.0673828125,434.8140869140625,11.537058553509299
384500.0,2043.4393310546875,2043.4393310546875,971.1986694335938,-1072.2406616210938,11.538324908407386
384750.0,2920.050048828125,2920.050048828125,989.7548217773438,-1930.2952270507812,11.539592439432088
385000.0,2854.127197265625,2854.127197265625,976.9072265625,-1877.219970703125,11.540855246700914
385250.0,2534.103515625,2534.103515625,981.1980590820312,-1552.9054565429688,11.54213508524115
385500.0,2409.2626953125,2409.2626953125,950.2761840820312,-1458.9865112304688,11.543406617473135
385750.0,2530.898681640625,2530.898681640625,953.8961181640625,-1577.0025634765625,11.544692814134446
386000.0,1060.55029296875,1060.55029296875,944.7031860351562,-115.84710693359375,11.545964132504277
386250.0,2176.80859375,2176.80859375,965.763671875,-1211.044921875,11.547224089417368
386500.0,4595.91015625,4595.91015625,966.6544189453125,-3629.2557373046875,11.548483738644467
386750.0,3701.189208984375,3701.189208984375,981.4697265625,-2719.719482421875,11.549753842661314
387000.0,4382.302734375,4382.302734375,971.1017456054688,-3411.2009887695312,11.551031990610829
387250.0,1401.78955078125,1401.78955078125,988.4752197265625,-413.3143310546875,11.552308280862444
387500.0,2823.417724609375,2823.417724609375,962.948974609375,-1860.46875,11.553579793804278
387750.0,3741.197265625,3741.197265625,981.5789794921875,-2759.6182861328125,11.554852400845329
388000.0,2153.15673828125,2153.15673828125,985.271484375,-1167.88525390625,11.556178438741615
388250.0,1447.10693359375,1447.10693359375,979.7672119140625,-467.3397216796875,11.557451019876636
388500.0,3317.040771484375,3317.040771484375,999.9466552734375,-2317.0941162109375,11.558781857719545
388750.0,3482.792236328125,3482.792236328125,950.4992065429688,-2532.2930297851562,11.56010936714649
389000.0,3882.52783203125,3882.52783203125,978.86962890625,-2903.658203125,11.561435106958141
389250.0,2036.3787841796875,2036.3787841796875,939.6657104492188,-1096.7130737304688,11.562760803956452
389500.0,3033.0517578125,3033.0517578125,986.93603515625,-2046.11572265625,11.564080426480002
389750.0,2466.1357421875,2466.1357421875,918.0206909179688,-1548.1150512695312,11.56540344258538
390000.0,2833.434814453125,2833.434814453125,962.897705078125,-1870.537109375,11.53269525701888
390250.0,2664.58203125,2664.58203125,957.0585327148438,-1707.5234985351562,11.534030800168548
390500.0,2493.779052734375,2493.779052734375,868.8887329101562,-1624.8903198242188,11.535366982359896
390750.0,553.8796997070312,553.8796997070312,975.238037109375,421.35833740234375,11.536706092418708
391000.0,2554.19287109375,2554.19287109375,964.181396484375,-1590.011474609375,11.538033056042284
391250.0,2451.91259765625,2451.91259765625,990.29443359375,-1461.6181640625,11.539334199824353
391500.0,2115.41455078125,2115.41455078125,987.557861328125,-1127.856689453125,11.540594740603026
391750.0,2660.931884765625,2660.931884765625,982.5587158203125,-1678.3731689453125,11.54184995371569
392000.0,3101.592529296875,3101.592529296875,972.367919921875,-2129.224609375,11.543112565059175
392250.0,1445.843505859375,1445.843505859375,984.9766235351562,-460.86688232421875,11.544357355952366
392500.0,2533.70263671875,2533.70263671875,952.97021484375,-1580.732421875,11.545589838747517
392750.0,2259.110595703125,2259.110595703125,974.88427734375,-1284.226318359375,11.546778346004123
393000.0,2412.354248046875,2412.354248046875,989.9937744140625,-1422.3604736328125,11.548055146813926
393250.0,3010.28173828125,3010.28173828125,958.9283447265625,-2051.3533935546875,11.54931617679674
393500.0,2026.297607421875,2026.297607421875,989.0264282226562,-1037.2711791992188,11.550582284699855
393750.0,3251.8681640625,3251.8681640625,1001.6146240234375,-2250.2535400390625,11.551824309587388
394000.0,3017.308837890625,3017.308837890625,940.7097778320312,-2076.5990600585938,11.553079419628883
394250.0,3302.064208984375,3302.064208984375,932.3218994140625,-2369.7423095703125,11.554343398101446
394500.0,2235.699462890625,2235.699462890625,987.2265625,-1248.472900390625,11.555602874909995
394750.0,1293.172607421875,1293.172607421875,978.4259033203125,-314.7467041015625,11.55665212193789
395000.0,2565.95068359375,2565.95068359375,982.880126953125,-1583.070556640625,11.557896691705588
395250.0,2397.039306640625,2397.039306640625,981.0853271484375,-1415.9539794921875,11.559149370569774
395500.0,2570.660400390625,2570.660400390625,961.7020874023438,-1608.9583129882812,11.560406865063786
395750.0,3086.333984375,3086.333984375,971.429931640625,-2114.904052734375,11.561649211313194
396000.0,2952.80615234375,2952.80615234375,991.678466796875,-1961.127685546875,11.562886348019457
396250.0,2529.91064453125,2529.91064453125,956.7374877929688,-1573.1731567382812,11.564129434937295
396500.0,2343.93603515625,2343.93603515625,983.8525390625,-1360.08349609375,11.565355806846492
396750.0,1979.568115234375,1979.568115234375,981.5206298828125,-998.0474853515625,11.566588910998211
397000.0,3974.837890625,3974.837890625,965.2904052734375,-3009.5474853515625,11.567763193071926
397250.0,1797.2347412109375,1797.2347412109375,991.0252075195312,-806.2095336914062,11.568963574513567
397500.0,1889.996337890625,1889.996337890625,972.6612548828125,-917.3350830078125,11.57018272749372
397750.0,2518.246826171875,2518.246826171875,978.0093994140625,-1540.2374267578125,11.571415125472376
398000.0,243.50070190429688,243.50070190429688,967.01904296875,723.5183410644531,11.57259609966694
398250.0,2839.44287109375,2839.44287109375,996.3658447265625,-1843.0770263671875,11.573834989790004
398500.0,2603.724853515625,2603.724853515625,994.7020263671875,-1609.0228271484375,11.575064666658681
398750.0,1487.6546630859375,1487.6546630859375,985.5242309570312,-502.13043212890625,11.576296738750559
399000.0,4197.14453125,4197.14453125,984.0053100585938,-3213.1392211914062,11.577539186458653
399250.0,1792.06640625,1792.06640625,978.9248046875,-813.1416015625,11.578788562436797
399500.0,2918.064453125,2918.064453125,980.087646484375,-1937.976806640625,11.580039100940185
399750.0,2627.88818359375,2627.88818359375,970.0701904296875,-1657.8179931640625,11.581253371505898
400000.0,3178.883544921875,3178.883544921875,981.1612548828125,-2197.7222900390625,11.548852765796319
400250.0,3043.814208984375,3043.814208984375,832.0399169921875,-2211.7742919921875,11.550091441001102
400500.0,2414.806396484375,2414.806396484375,979.276611328125,-1435.52978515625,11.551336606058868
400750.0,703.070556640625,703.070556640625,951.629150390625,248.55859375,11.552581569629927
401000.0,1918.32275390625,1918.32275390625,983.699951171875,-934.622802734375,11.553802912567631
401250.0,1443.512939453125,1443.512939453125,995.6959838867188,-447.81695556640625,11.55505123497713
401500.0,2266.977294921875,2266.977294921875,941.86865234375,-1325.108642578125,11.556287684849295
401750.0,2001.1859130859375,2001.1859130859375,990.804931640625,-1010.3809814453125,11.557553796220585
402000.0,2827.152587890625,2827.152587890625,995.6982421875,-1831.454345703125,11.558840422267226
402250.0,2625.525146484375,2625.525146484375,967.7730712890625,-1657.7520751953125,11.560117633597715
402500.0,2016.82421875,2016.82421875,976.7596435546875,-1040.0645751953125,11.561392358623461
402750.0,2937.572509765625,2937.572509765625,989.2620849609375,-1948.3104248046875,11.562607693500643
403000.0,329.8899841308594,329.8899841308594,975.19091796875,645.3009338378906,11.563895308461563
403250.0,3401.21728515625,3401.21728515625,955.2559814453125,-2445.9613037109375,11.56517536119222
403500.0,2206.68896484375,2206.68896484375,951.8709106445312,-1254.8180541992188,11.566430411751572
403750.0,2439.250732421875,2439.250732421875,899.2305908203125,-1540.0201416015625,11.567711152021719
404000.0,2284.785888671875,2284.785888671875,990.4389038085938,-1294.3469848632812,11.568981247116055
404250.0,3664.48486328125,3664.48486328125,979.9467163085938,-2684.5381469726562,11.570250028698284
404500.0,1313.5389404296875,1313.5389404296875,993.5965576171875,-319.9423828125,11.571534281080996
404750.0,1960.403564453125,1960.403564453125,1000.510009765625,-959.8935546875,11.572773223899613
405000.0,1761.8994140625,1761.8994140625,956.3218994140625,-805.5775146484375,11.574007113363571
405250.0,2848.89404296875,2848.89404296875,980.796875,-1868.09716796875,11.575239274710597
405500.0,1646.498779296875,1646.498779296875,952.5955200195312,-693.9032592773438,11.576475765796449
405750.0,2967.85693359375,2967.85693359375,949.7266845703125,-2018.1302490234375,11.57771780712306
406000.0,1493.4736328125,1493.4736328125,976.0328369140625,-517.4407958984375,11.578947682290435
406250.0,3036.516357421875,3036.516357421875,974.6054077148438,-2061.9109497070312,11.580183008940057
406500.0,2971.185791015625,2971.185791015625,968.1063842773438,-2003.0794067382812,11.581413586276202
406750.0,2829.7197265625,2829.7197265625,988.5994873046875,-1841.1202392578125,11.58264971097322
407000.0,2521.76025390625,2521.76025390625,984.1849365234375,-1537.5753173828125,11.583902108582745
407250.0,3004.36181640625,3004.36181640625,994.256591796875,-2010.105224609375,11.585153248753302
407500.0,2971.1884765625,2971.1884765625,983.40087890625,-1987.78759765625,11.586411923509509
407750.0,1798.87939453125,1798.87939453125,983.9931640625,-814.88623046875,11.587658300794276
408000.0,2351.245361328125,2351.245361328125,968.41552734375,-1382.829833984375,11.588857787776497
408250.0,1612.623046875,1612.623046875,978.1533203125,-634.4697265625,11.590094477593388
408500.0,2689.37939453125,2689.37939453125,982.55615234375,-1706.8232421875,11.591306658297722
408750.0,3189.824462890625,3189.824462890625,984.7151489257812,-2205.1093139648438,11.592555315651236
409000.0,2349.435791015625,2349.435791015625,959.2884521484375,-1390.1473388671875,11.593809985289074
409250.0,2138.79052734375,2138.79052734375,979.13818359375,-1159.65234375,11.59504541786759
409500.0,2127.577392578125,2127.577392578125,983.750732421875,-1143.82666015625,11.596281675440197
409750.0,2307.5654296875,2307.5654296875,972.583740234375,-1334.981689453125,11.597517977305964
410000.0,1723.6275634765625,1723.6275634765625,979.1050415039062,-744.5225219726562,11.565994557563812
410250.0,1638.600830078125,1638.600830078125,979.1707763671875,-659.4300537109375,11.56723034987193
410500.0,2701.966552734375,2701.966552734375,987.6314697265625,-1714.3350830078125,11.568471625079674
410750.0,2545.344482421875,2545.344482421875,956.479736328125,-1588.86474609375,11.569702568673419
411000.0,2022.129150390625,2022.129150390625,999.9918212890625,-1022.1373291015625,11.570928493131218
411250.0,2801.46484375,2801.46484375,982.096923828125,-1819.367919921875,11.57216187158831
411500.0,3476.548828125,3476.548828125,975.1534423828125,-2501.3953857421875,11.573378612976791
411750.0,2025.034423828125,2025.034423828125,941.9376220703125,-1083.0968017578125,11.574402751803804
412000.0,3865.573486328125,3865.573486328125,969.6605224609375,-2895.9129638671875,11.5754951880509
412250.0,2273.056884765625,2273.056884765625,987.5400390625,-1285.516845703125,11.576693142672559
412500.0,2756.228271484375,2756.228271484375,968.415771484375,-1787.8125,11.57791381007615
412750.0,2308.667724609375,2308.667724609375,972.548828125,-1336.118896484375,11.5790872674693
413000.0,4178.46875,4178.46875,990.7232666015625,-3187.7454833984375,11.580331387512595
413250.0,2260.44580078125,2260.44580078125,992.98583984375,-1267.4599609375,11.581552724938474
413500.0,2255.30224609375,2255.30224609375,955.0224609375,-1300.27978515625,11.582785784955991
413750.0,2850.0546875,2850.0546875,968.0875244140625,-1881.9671630859375,11.584023393095501
414000.0,2130.0244140625,2130.0244140625,975.7118530273438,-1154.3125610351562,11.585248160713203
414250.0,3481.774658203125,3481.774658203125,994.224853515625,-2487.5498046875,11.586483751270269
414500.0,25.748830795288086,25.748830795288086,1001.56201171875,975.8131809234619,11.58770697271348
414750.0,3201.760498046875,3201.760498046875,990.87646484375,-2210.884033203125,11.588902985026962
415000.0,2707.54736328125,2707.54736328125,1005.4241943359375,-1702.1231689453125,11.590118569853209
415250.0,2407.113525390625,2407.113525390625,992.994140625,-1414.119384765625,11.591349080316032
415500.0,3279.301513671875,3279.301513671875,980.2186279296875,-2299.0828857421875,11.592573256555974
415750.0,2539.911865234375,2539.911865234375,910.9354858398438,-1628.9763793945312,11.593789410858786
416000.0,1953.76171875,1953.76171875,977.19921875,-976.5625,11.59501785314467
416250.0,2619.90673828125,2619.90673828125,990.5743408203125,-1629.3323974609375,11.59624258161927
416500.0,2996.957275390625,2996.957275390625,996.5204467773438,-2000.4368286132812,11.597459910885844
416750.0,2866.472900390625,2866.472900390625,982.8408813476562,-1883.6320190429688,11.59868615396308
417000.0,2101.2900390625,2101.2900390625,997.232177734375,-1104.057861328125,11.599908891682096
417250.0,1824.2969970703125,1824.2969970703125,982.9539794921875,-841.343017578125,11.601091102679941
417500.0,1775.7608642578125,1775.7608642578125,993.0992431640625,-782.66162109375,11.602295377568403
417750.0,2097.65576171875,2097.65576171875,983.8013916015625,-1113.8543701171875,11.602406359171415
418000.0,2002.08349609375,2002.08349609375,1005.1124267578125,-996.9710693359375,11.60249162829449
418250.0,2749.395751953125,2749.395751953125,988.667236328125,-1760.728515625,11.60278335017181
418500.0,3919.781494140625,3919.781494140625,1001.1668701171875,-2918.6146240234375,11.602491591804112
418750.0,2388.4794921875,2388.4794921875,938.9457397460938,-1449.5337524414062,11.60219356954032
419000.0,2546.87451171875,2546.87451171875,999.5652465820312,-1547.3092651367188,11.601896918486906
419250.0,3752.9462890625,3752.9462890625,948.78173828125,-2804.16455078125,11.601592406439442
419500.0,3535.046142578125,3535.046142578125,992.655517578125,-2542.390625,11.601289516378966
419750.0,2914.59326171875,2914.59326171875,981.4086303710938,-1933.1846313476562,11.600983445999098
420000.0,2725.5537109375,2725.5537109375,969.7234497070312,-1755.8302612304688,11.559518155738292
420250.0,2014.237548828125,2014.237548828125,975.6289672851562,-1038.6085815429688,11.559239512530738
420500.0,2303.2705078125,2303.2705078125,987.1880493164062,-1316.0824584960938,11.558953598782551
420750.0,2084.831787109375,2084.831787109375,972.4803466796875,-1112.3514404296875,11.558676950835325
421000.0,4121.98828125,4121.98828125,992.0131225585938,-3129.9751586914062,11.558401290254814
421250.0,3070.80078125,3070.80078125,996.3201904296875,-2074.4805908203125,11.558129768678944
421500.0,2728.3623046875,2728.3623046875,985.4468994140625,-1742.9154052734375,11.557858217949544
421750.0,1595.4495849609375,1595.4495849609375,981.060302734375,-614.3892822265625,11.557554046403629
422000.0,2684.735595703125,2684.735595703125,981.909912109375,-1702.82568359375,11.557259597086096
422250.0,2214.598876953125,2214.598876953125,958.5777587890625,-1256.0211181640625,11.556971872147603
422500.0,1821.43212890625,1821.43212890625,978.4293212890625,-843.0028076171875,11.556686951508262
422750.0,2997.49072265625,2997.49072265625,962.3145141601562,-2035.1762084960938,11.556365267288166
423000.0,2406.892578125,2406.892578125,952.5845336914062,-1454.3080444335938,11.556094404561387
423250.0,3181.27099609375,3181.27099609375,960.7735595703125,-2220.4974365234375,11.555822594736613
423500.0,3100.4970703125,3100.4970703125,968.6603393554688,-2131.8367309570312,11.555562823948973
423750.0,3503.947021484375,3503.947021484375,977.455078125,-2526.491943359375,11.555298169277517
424000.0,533.846435546875,533.846435546875,973.5692138671875,439.7227783203125,11.55506265459814
424250.0,2618.28271484375,2618.28271484375,977.0200805664062,-1641.2626342773438,11.55483356136818
424500.0,3233.823974609375,3233.823974609375,981.2020263671875,-2252.6219482421875,11.555875001540393
424750.0,2502.885498046875,2502.885498046875,1002.9098510742188,-1499.9756469726562,11.556320724964685
425000.0,3246.763916015625,3246.763916015625,981.7158203125,-2265.048095703125,11.556069104960992
425250.0,2487.8291015625,2487.8291015625,977.6651611328125,-1510.1639404296875,11.555814903331694
425500.0,2184.8876953125,2184.8876953125,975.8824462890625,-1209.0052490234375,11.555569430572332
425750.0,2682.921875,2682.921875,970.4814453125,-1712.4404296875,11.555878969946011
426000.0,2434.8349609375,2434.8349609375,964.8859252929688,-1469.9490356445312,11.557119502105943
426250.0,2532.975830078125,2532.975830078125,982.1310424804688,-1550.8447875976562,11.558356161538338
426500.0,3251.979248046875,3251.979248046875,968.467041015625,-2283.51220703125,11.559596540052153
426750.0,3003.314697265625,3003.314697265625,985.0106811523438,-2018.3040161132812,11.560812149714252
427000.0,2446.432373046875,2446.432373046875,994.70166015625,-1451.730712890625,11.56204810476725
427250.0,781.7069702148438,781.7069702148438,983.7717895507812,202.0648193359375,11.563293354852721
427500.0,4146.88134765625,4146.88134765625,987.351806640625,-3159.529541015625,11.563500966808142
427750.0,2666.385498046875,2666.385498046875,965.3477783203125,-1701.0377197265625,11.56324626155857
428000.0,3088.6962890625,3088.6962890625,980.88525390625,-2107.81103515625,11.562938775572196
428250.0,3033.14794921875,3033.14794921875,952.2269287109375,-2080.9210205078125,11.562699911378976
428500.0,3308.022705078125,3308.022705078125,1007.751220703125,-2300.271484375,11.562460593239726
428750.0,2166.977783203125,2166.977783203125,961.16943359375,-1205.808349609375,11.563581216677036
429000.0,2808.81201171875,2808.81201171875,992.4693603515625,-1816.3426513671875,11.56477855193798
429250.0,2799.3271484375,2799.3271484375,952.0682983398438,-1847.2588500976562,11.565974164154962
429500.0,2294.434326171875,2294.434326171875,975.1571655273438,-1319.2771606445312,11.567167231120134
429750.0,2717.128173828125,2717.128173828125,968.7833251953125,-1748.3448486328125,11.568348661116156
430000.0,2655.726318359375,2655.726318359375,945.6190185546875,-1710.1072998046875,11.53813115385582
430250.0,2662.23583984375,2662.23583984375,982.432861328125,-1679.802978515625,11.539241920026983
430500.0,1810.7266845703125,1810.7266845703125,986.1727294921875,-824.553955078125,11.540354177705122
430750.0,3515.467529296875,3515.467529296875,984.4119262695312,-2531.0556030273438,11.541455845169471
431000.0,3893.7109375,3893.7109375,989.7342529296875,-2903.9766845703125,11.542580784689914
431250.0,2408.171142578125,2408.171142578125,930.6898193359375,-1477.4813232421875,11.54369638505077
431500.0,1514.676513671875,1514.676513671875,972.7647705078125,-541.9117431640625,11.544759913593824
431750.0,2197.87158203125,2197.87158203125,989.6048583984375,-1208.2667236328125,11.545820412606247
432000.0,1776.744140625,1776.744140625,979.7623901367188,-796.9817504882812,11.546953787991583
432250.0,2610.364013671875,2610.364013671875,969.8251953125,-1640.538818359375,11.548048551855922
432500.0,2034.140869140625,2034.140869140625,966.01904296875,-1068.121826171875,11.548873819561523
432750.0,3099.33544921875,3099.33544921875,971.75244140625,-2127.5830078125,11.54973800334141
433000.0,1948.29150390625,1948.29150390625,968.6268310546875,-979.6646728515625,11.550628704139891
433250.0,2283.8486328125,2283.8486328125,922.9009399414062,-1360.9476928710938,11.551571180538645
433500.0,3743.7041015625,3743.7041015625,977.6038818359375,-2766.1002197265625,11.552029473355745
433750.0,2073.01318359375,2073.01318359375,988.1890258789062,-1084.8241577148438,11.552272720121048
434000.0,2466.7041015625,2466.7041015625,989.1434326171875,-1477.5606689453125,11.551654829782384
434250.0,2829.463134765625,2829.463134765625,978.1442260742188,-1851.3189086914062,11.551043290176292
434500.0,2720.1708984375,2720.1708984375,980.78759765625,-1739.38330078125,11.550708703966189
434750.0,2460.955322265625,2460.955322265625,987.9002075195312,-1473.0551147460938,11.55160070391604
435000.0,1749.25439453125,1749.25439453125,978.8580322265625,-770.3963623046875,11.552471216230805
435250.0,2222.536865234375,2222.536865234375,981.2533569335938,-1241.2835083007812,11.552036108187243
435500.0,2730.217041015625,2730.217041015625,975.3174438476562,-1754.8995971679688,11.55144952859597
435750.0,2336.240966796875,2336.240966796875,980.2050170898438,-1356.0359497070312,11.550838889561179
436000.0,54.54241180419922,54.54241180419922,979.6964721679688,925.1540603637695,11.550366897742608
436250.0,3450.78125,3450.78125,925.712890625,-2525.068359375,11.550668365264299
436500.0,2399.04443359375,2399.04443359375,976.622802734375,-1422.421630859375,11.551598916535879
436750.0,3754.2763671875,3754.2763671875,978.2892456054688,-2775.9871215820312,11.552579275884678
437000.0,4113.62744140625,4113.62744140625,977.1268920898438,-3136.5005493164062,11.552597822706675
437250.0,2540.378173828125,2540.378173828125,997.9561157226562,-1542.4220581054688,11.551985274877154
437500.0,2041.1636962890625,2041.1636962890625,978.0504150390625,-1063.11328125,11.551475266429954
437750.0,2473.071533203125,2473.071533203125,1000.671142578125,-1472.400390625,11.55087295019708
438000.0,2007.2698974609375,2007.2698974609375,980.6694946289062,-1026.6004028320312,11.55158055733741
438250.0,1271.4324951171875,1271.4324951171875,928.5394287109375,-342.89306640625,11.552482216487325
438500.0,3351.799560546875,3351.799560546875,951.767578125,-2400.031982421875,11.553473854707159
438750.0,2753.51953125,2753.51953125,975.0213623046875,-1778.4981689453125,11.55349671670468
439000.0,2399.227783203125,2399.227783203125,984.1712646484375,-1415.0565185546875,11.554135914505645
439250.0,2138.622314453125,2138.622314453125,974.3414916992188,-1164.2808227539062,11.555154803260065
439500.0,2650.40087890625,2650.40087890625,897.1305541992188,-1753.2703247070312,11.556180577579473
439750.0,3939.88427734375,3939.88427734375,966.5817260742188,-2973.3025512695312,11.55708067446273
440000.0,2406.15625,2406.15625,995.9069213867188,-1410.2493286132812,11.526881509534237
440250.0,3001.108154296875,3001.108154296875,954.2052612304688,-2046.9028930664062,11.527803385296991
440500.0,3578.95654296875,3578.95654296875,981.887939453125,-2597.068603515625,11.528741046348285
440750.0,2614.7861328125,2614.7861328125,928.418701171875,-1686.367431640625,11.529674873317672
441000.0,1723.3782958984375,1723.3782958984375,928.39501953125,-794.9832763671875,11.53059925355352
441250.0,2547.45068359375,2547.45068359375,979.5821533203125,-1567.8685302734375,11.531554498997648
441500.0,4632.79150390625,4632.79150390625,969.0308837890625,-3663.7606201171875,11.532514611142496
441750.0,3699.655517578125,3699.655517578125,958.5231323242188,-2741.1323852539062,11.533445399147336
442000.0,2894.75830078125,2894.75830078125,977.559814453125,-1917.198486328125,11.53438404703781
442250.0,2163.81298828125,2163.81298828125,977.2852783203125,-1186.5277099609375,11.535315974845856
442500.0,2532.238525390625,2532.238525390625,976.763427734375,-1555.47509765625,11.536183443652725
442750.0,3680.3818359375,3680.3818359375,963.2413330078125,-2717.1405029296875,11.53712234431925
443000.0,2743.047607421875,2743.047607421875,967.8096923828125,-1775.2379150390625,11.538061186170017
443250.0,3593.743896484375,3593.743896484375,965.22607421875,-2628.517822265625,11.539042258468838
443500.0,2497.697021484375,2497.697021484375,975.4803466796875,-1522.2166748046875,11.5399736532586
443750.0,2825.052490234375,2825.052490234375,949.0584716796875,-1875.9940185546875,11.540872412770511
444000.0,2555.58740234375,2555.58740234375,952.5511474609375,-1603.0362548828125,11.54105624101474
444250.0,3556.5966796875,3556.5966796875,993.2598876953125,-2563.3367919921875,11.54176957846853
444500.0,2304.29345703125,2304.29345703125,963.9417114257812,-1340.3517456054688,11.542773447932174
444750.0,3810.08154296875,3810.08154296875,981.90966796875,-2828.171875,11.543746613599403
445000.0,3208.70458984375,3208.70458984375,971.488525390625,-2237.216064453125,11.54475896265993
445250.0,3095.522705078125,3095.522705078125,961.9393310546875,-2133.5833740234375,11.545694691194125
445500.0,2377.639892578125,2377.639892578125,966.2702026367188,-1411.3696899414062,11.546680184010134
445750.0,3211.677734375,3211.677734375,982.5440673828125,-2229.1336669921875,11.547632598684615
446000.0,2250.495849609375,2250.495849609375,979.323974609375,-1271.171875,11.548668338289884
446250.0,1988.5787353515625,1988.5787353515625,916.056396484375,-1072.5223388671875,11.54969984781444
446500.0,1193.6495361328125,1193.6495361328125,989.1856079101562,-204.46392822265625,11.55067186058025
446750.0,2827.211669921875,2827.211669921875,971.7928466796875,-1855.4188232421875,11.551696041025219
447000.0,2258.378173828125,2258.378173828125,988.9022216796875,-1269.4759521484375,11.552729128423207
447250.0,3196.3515625,3196.3515625,987.17138671875,-2209.18017578125,11.553733215696344
447500.0,2773.5693359375,2773.5693359375,971.529296875,-1802.0400390625,11.554751626768017
447750.0,2379.6875,2379.6875,964.8764038085938,-1414.8110961914062,11.55576188988362
448000.0,2898.73876953125,2898.73876953125,976.992431640625,-1921.746337890625,11.556715546992262
448250.0,1301.4366455078125,1301.4366455078125,984.0843505859375,-317.352294921875,11.557723565862487
448500.0,1473.852294921875,1473.852294921875,965.231689453125,-508.62060546875,11.558717843845516
448750.0,1858.048828125,1858.048828125,978.2736206054688,-879.7752075195312,11.559691196885286
449000.0,1980.52197265625,1980.52197265625,952.9698486328125,-1027.5521240234375,11.560609078316581
449250.0,2690.638916015625,2690.638916015625,987.268798828125,-1703.3701171875,11.56154267214884
449500.0,2496.12646484375,2496.12646484375,955.5067138671875,-1540.6197509765625,11.562491203433957
449750.0,3279.5087890625,3279.5087890625,956.9974365234375,-2322.5113525390625,11.563439064979391
450000.0,2836.706787109375,2836.706787109375,961.0054931640625,-1875.7012939453125,11.533336929647804
450250.0,1776.8192138671875,1776.8192138671875,956.608642578125,-820.2105712890625,11.533263234474413
450500.0,3080.6357421875,3080.6357421875,961.7506103515625,-2118.8851318359375,11.533941863341965
450750.0,2203.927490234375,2203.927490234375,949.7323608398438,-1254.1951293945312,11.534539821684078
451000.0,2083.952880859375,2083.952880859375,970.7530517578125,-1113.1998291015625,11.53521199898091
451250.0,2052.59033203125,2052.59033203125,971.9341430664062,-1080.6561889648438,11.53586174174024
451500.0,1749.991943359375,1749.991943359375,975.0975341796875,-774.8944091796875,11.53642001628752
451750.0,2786.5791015625,2786.5791015625,966.7401123046875,-1819.8389892578125,11.53700546611215
452000.0,2108.50537109375,2108.50537109375,984.8417358398438,-1123.6636352539062,11.537695534111883
452250.0,2565.96142578125,2565.96142578125,963.3375244140625,-1602.6239013671875,11.538409377675862
452500.0,2554.551025390625,2554.551025390625,968.1500244140625,-1586.4010009765625,11.539076333114421
452750.0,315.9144287109375,315.9144287109375,982.3333129882812,666.4188842773438,11.539710439509829
453000.0,1460.9039306640625,1460.9039306640625,973.5377197265625,-487.3662109375,11.540343653368303
453250.0,2747.1201171875,2747.1201171875,952.4374389648438,-1794.6826782226562,11.540442331558225
453500.0,2008.473876953125,2008.473876953125,972.0899658203125,-1036.3839111328125,11.541032367639074
453750.0,2933.63525390625,2933.63525390625,925.3662109375,-2008.26904296875,11.541639524519205
454000.0,1217.74267578125,1217.74267578125,982.4345703125,-235.30810546875,11.542258764346489
454250.0,1889.5001220703125,1889.5001220703125,951.2633056640625,-938.23681640625,11.542899379704206
454500.0,1560.1312255859375,1560.1312255859375,960.048095703125,-600.0831298828125,11.543439280680165
454750.0,3170.883544921875,3170.883544921875,929.0103149414062,-2241.8732299804688,11.543259139706988
455000.0,2017.857177734375,2017.857177734375,954.4033813476562,-1063.4537963867188,11.543816083372059
455250.0,2536.56982421875,2536.56982421875,969.1729736328125,-1567.3968505859375,11.544514510027158
455500.0,2310.892822265625,2310.892822265625,982.7247924804688,-1328.1680297851562,11.544330154967328
455750.0,3328.883056640625,3328.883056640625,935.5897827148438,-2393.2932739257812,11.543542182965954
456000.0,2368.78125,2368.78125,972.1238403320312,-1396.6574096679688,11.543487471964543
456250.0,2642.1162109375,2642.1162109375,987.595458984375,-1654.520751953125,11.544089764621791
456500.0,3512.4462890625,3512.4462890625,979.90185546875,-2532.54443359375,11.544707415601819
456750.0,2068.143798828125,2068.143798828125,947.124267578125,-1121.01953125,11.545362337559368
457000.0,4024.99609375,4024.99609375,971.4732666015625,-3053.5228271484375,11.546038807024843
457250.0,2576.2080078125,2576.2080078125,960.7056274414062,-1615.5023803710938,11.54668665157199
457500.0,2212.15380859375,2212.15380859375,967.5875244140625,-1244.5662841796875,11.547330629258814
457750.0,1886.599609375,1886.599609375,955.1820068359375,-931.4176025390625,11.547904112350395
458000.0,235.8721923828125,235.8721923828125,948.466796875,712.5946044921875,11.548465032026176
458250.0,409.283447265625,409.283447265625,959.0525512695312,549.7691040039062,11.549170645442999
458500.0,2805.57763671875,2805.57763671875,978.867431640625,-1826.710205078125,11.549934009191874
458750.0,3775.237060546875,3775.237060546875,982.201904296875,-2793.03515625,11.550680809990732
459000.0,3159.529541015625,3159.529541015625,961.7685546875,-2197.760986328125,11.551345823856769
459250.0,4072.111083984375,4072.111083984375,983.0216064453125,-3089.0894775390625,11.552017128314224
459500.0,2124.51025390625,2124.51025390625,955.4925537109375,-1169.0177001953125,11.55250191962623
459750.0,103.86146545410156,103.86146545410156,940.4097290039062,836.5482635498047,11.55334495648471
460000.0,2112.626708984375,2112.626708984375,941.926513671875,-1170.7001953125,11.521785049985375
460250.0,1482.71337890625,1482.71337890625,974.478515625,-508.23486328125,11.522513539285494
460500.0,3039.060302734375,3039.060302734375,982.9056396484375,-2056.1546630859375,11.523344521738085
460750.0,2306.863525390625,2306.863525390625,977.2987060546875,-1329.5648193359375,11.524116894099802
461000.0,3157.4453125,3157.4453125,962.2159423828125,-2195.2293701171875,11.524909971738836
461250.0,4336.52294921875,4336.52294921875,969.8532104492188,-3366.6697387695312,11.525751106227725
461500.0,2880.5224609375,2880.5224609375,983.6495971679688,-1896.8728637695312,11.526565113880277
461750.0,2169.9091796875,2169.9091796875,977.984130859375,-1191.925048828125,11.527404666826273
462000.0,2705.2939453125,2705.2939453125,970.97119140625,-1734.32275390625,11.528252240391637
462250.0,3582.392333984375,3582.392333984375,971.8707275390625,-2610.5216064453125,11.529086244938284
462500.0,1206.213623046875,1206.213623046875,984.8526000976562,-221.36102294921875,11.52989119771968
462750.0,2902.949951171875,2902.949951171875,954.6885986328125,-1948.2613525390625,11.530763670920473
463000.0,3018.788330078125,3018.788330078125,987.585693359375,-2031.20263671875,11.531634931327018
463250.0,2712.873779296875,2712.873779296875,984.4273071289062,-1728.4464721679688,11.532509565988816
463500.0,2556.146240234375,2556.146240234375,960.750732421875,-1595.3955078125,11.533395260376151
463750.0,2897.722412109375,2897.722412109375,984.533935546875,-1913.1884765625,11.534269136140278
464000.0,2084.416015625,2084.416015625,983.58349609375,-1100.83251953125,11.535138905972518
464250.0,4314.5380859375,4314.5380859375,969.9547729492188,-3344.5833129882812,11.535978966474177
464500.0,3642.63330078125,3642.63330078125,969.072265625,-2673.56103515625,11.536798481458247
464750.0,4023.318603515625,4023.318603515625,979.32080078125,-3043.997802734375,11.537374825263923
465000.0,2938.20751953125,2938.20751953125,950.5211181640625,-1987.6864013671875,11.538062066057654
465250.0,4068.2958984375,4068.2958984375,983.003173828125,-3085.292724609375,11.538859582575755
465500.0,2775.279052734375,2775.279052734375,975.5545654296875,-1799.7244873046875,11.539707015637768
465750.0,1483.9149169921875,1483.9149169921875,973.779296875,-510.1356201171875,11.540395818860691
466000.0,2876.314208984375,2876.314208984375,990.4032592773438,-1885.9109497070312,11.541192858881843
466250.0,3667.783447265625,3667.783447265625,991.3123168945312,-2676.4711303710938,11.542023726206489
466500.0,3612.688232421875,3612.688232421875,987.499267578125,-2625.18896484375,11.542840616604316
466750.0,1801.431884765625,1801.431884765625,967.6707763671875,-833.7611083984375,11.542765835723305
467000.0,642.3917846679688,642.3917846679688,944.409912109375,302.01812744140625,11.54255474123851
467250.0,3178.465087890625,3178.465087890625,963.0220336914062,-2215.4430541992188,11.543348730293392
467500.0,2570.707275390625,2570.707275390625,966.4473266601562,-1604.2599487304688,11.54417229525803
467750.0,2885.337646484375,2885.337646484375,989.35205078125,-1895.985595703125,11.544951524690045
468000.0,1205.82275390625,1205.82275390625,986.5598754882812,-219.26287841796875,11.545699798463811
468250.0,3280.72802734375,3280.72802734375,988.0865478515625,-2292.6414794921875,11.546492810521666
468500.0,2811.080810546875,2811.080810546875,990.352294921875,-1820.728515625,11.547286861631555
468750.0,2062.774658203125,2062.774658203125,971.1295776367188,-1091.6450805664062,11.548030059149033
469000.0,2555.09228515625,2555.09228515625,983.0164794921875,-1572.0758056640625,11.54878248457981
469250.0,3120.455810546875,3120.455810546875,981.4271240234375,-2139.0286865234375,11.549604967814286
469500.0,2821.90380859375,2821.90380859375,974.7384033203125,-1847.1654052734375,11.550216632204023
469750.0,47.71308898925781,47.71308898925781,962.938720703125,915.2256317138672,11.550911969695953
470000.0,2708.56005859375,2708.56005859375,985.3937377929688,-1723.1663208007812,11.52008813124437
470250.0,2896.47021484375,2896.47021484375,955.5279541015625,-1940.9422607421875,11.520875722426476
470500.0,2106.9482421875,2106.9482421875,978.3160400390625,-1128.6322021484375,11.521653404393867
470750.0,1759.6319580078125,1759.6319580078125,979.2039794921875,-780.427978515625,11.522425750937817
471000.0,2789.432373046875,2789.432373046875,971.990478515625,-1817.44189453125,11.52307293423392
471250.0,2450.861083984375,2450.861083984375,979.4525146484375,-1471.4085693359375,11.523907918898908
471500.0,2233.4609375,2233.4609375,970.7969360351562,-1262.6640014648438,11.524735691829838
471750.0,2126.140625,2126.140625,980.5547485351562,-1145.5858764648438,11.525446682751177
472000.0,1737.58984375,1737.58984375,969.4119873046875,-768.1778564453125,11.526149056739424
472250.0,2151.63232421875,2151.63232421875,994.485107421875,-1157.147216796875,11.526948459103888
472500.0,2590.330078125,2590.330078125,998.6103515625,-1591.7197265625,11.527660248036314
472750.0,4297.36279296875,4297.36279296875,983.2525634765625,-3314.1102294921875,11.528455789536222
473000.0,1046.630859375,1046.630859375,994.0313720703125,-52.5994873046875,11.529256655672931
473250.0,3967.83251953125,3967.83251953125,972.70654296875,-2995.1259765625,11.530094098974356
473500.0,1991.6685791015625,1991.6685791015625,960.2282104492188,-1031.4403686523438,11.530951743579374
473750.0,4515.3955078125,4515.3955078125,992.9622802734375,-3522.4332275390625,11.531727241729046
474000.0,2070.3681640625,2070.3681640625,994.8074951171875,-1075.5606689453125,11.532334122210074
474250.0,2530.31494140625,2530.31494140625,983.998291015625,-1546.316650390625,11.533100604254198
474500.0,3215.611572265625,3215.611572265625,964.697021484375,-2250.91455078125,11.533861818548163
474750.0,1973.357666015625,1973.357666015625,978.6925048828125,-994.6651611328125,11.534488099858361
475000.0,2935.41845703125,2935.41845703125,987.8004150390625,-1947.6180419921875,11.535237337412337
475250.0,2503.940185546875,2503.940185546875,984.69091796875,-1519.249267578125,11.535974539360344
475500.0,3517.77392578125,3517.77392578125,988.8633422851562,-2528.9105834960938,11.536724152692734
475750.0,3312.66748046875,3312.66748046875,981.8226318359375,-2330.8448486328125,11.537318535355901
476000.0,4013.388671875,4013.388671875,969.4425048828125,-3043.9461669921875,11.538024519879329
476250.0,3387.57421875,3387.57421875,987.6617431640625,-2399.9124755859375,11.538758103182754
476500.0,1267.7962646484375,1267.7962646484375,978.1919555664062,-289.60430908203125,11.539514920625745
476750.0,2180.2978515625,2180.2978515625,994.29931640625,-1185.99853515625,11.540262078037747
477000.0,3491.9111328125,3491.9111328125,951.2929077148438,-2540.6182250976562,11.540915285524344
477250.0,3277.58056640625,3277.58056640625,960.015869140625,-2317.564697265625,11.541632437410374
477500.0,1811.269287109375,1811.269287109375,978.3314208984375,-832.9378662109375,11.542405851960824
477750.0,1966.8468017578125,1966.8468017578125,968.4267578125,-998.4200439453125,11.543111667534065
478000.0,3256.73388671875,3256.73388671875,955.8614501953125,-2300.8724365234375,11.543902191521857
478250.0,1570.7711181640625,1570.7711181640625,979.2803955078125,-591.49072265625,11.544718651520192
478500.0,3652.76708984375,3652.76708984375,985.3460693359375,-2667.4210205078125,11.545405121196675
478750.0,2376.343017578125,2376.343017578125,977.503173828125,-1398.83984375,11.546140082968712
479000.0,3749.83984375,3749.83984375,983.10595703125,-2766.73388671875,11.546733383823597
479250.0,3005.0322265625,3005.0322265625,967.0919189453125,-2037.9403076171875,11.547240841061935
479500.0,1691.1680908203125,1691.1680908203125,956.4607543945312,-734.7073364257812,11.54777046151571
479750.0,2534.640380859375,2534.640380859375,983.9256591796875,-1550.7147216796875,11.548529454106186
480000.0,2809.816162109375,2809.816162109375,982.242431640625,-1827.57373046875,11.519737859080463
480250.0,1585.703857421875,1585.703857421875,982.1377563476562,-603.5661010742188,11.52051484611142
480500.0,2162.53857421875,2162.53857421875,987.0927734375,-1175.44580078125,11.521296694604215
480750.0,1517.373291015625,1517.373291015625,996.8004150390625,-520.5728759765625,11.522080882007492
481000.0,2820.365234375,2820.365234375,955.4855346679688,-1864.8796997070312,11.522812554218122
481250.0,2348.693359375,2348.693359375,989.4143676757812,-1359.2789916992188,11.52340405947858
481500.0,3098.90478515625,3098.90478515625,985.4695434570312,-2113.4352416992188,11.523980667916879
481750.0,371.63653564453125,371.63653564453125,976.9961547851562,605.359619140625,11.524685265357641
482000.0,2977.244384765625,2977.244384765625,953.9674072265625,-2023.2769775390625,11.525281779618025
482250.0,836.5029907226562,836.5029907226562,986.6617431640625,150.15875244140625,11.526070266847775
482500.0,1746.5982666015625,1746.5982666015625,989.1669921875,-757.4312744140625,11.526793080982268
482750.0,2544.45263671875,2544.45263671875,976.3463134765625,-1568.1063232421875,11.527591204541569
483000.0,4187.21630859375,4187.21630859375,989.36962890625,-3197.8466796875,11.528380092396159
483250.0,3823.2236328125,3823.2236328125,989.290771484375,-2833.932861328125,11.529067705158417
483500.0,2516.62158203125,2516.62158203125,979.2782592773438,-1537.3433227539062,11.529850944111772
483750.0,1906.978515625,1906.978515625,982.3281860351562,-924.6503295898438,11.530657191316308
484000.0,176.3632049560547,176.3632049560547,994.1912841796875,817.8280792236328,11.531409545519587
484250.0,2449.7119140625,2449.7119140625,961.564453125,-1488.1474609375,11.532226311337674
484500.0,2883.03125,2883.03125,967.8798828125,-1915.1513671875,11.53305722762946
484750.0,3038.376953125,3038.376953125,984.23046875,-2054.146484375,11.53378025180568
485000.0,2194.28369140625,2194.28369140625,965.2066650390625,-1229.0770263671875,11.53457244088618
485250.0,2057.415771484375,2057.415771484375,979.7255859375,-1077.690185546875,11.535375477098112
485500.0,1081.8502197265625,1081.8502197265625,962.30029296875,-119.5499267578125,11.5361751036407
485750.0,3672.671630859375,3672.671630859375,980.7102661132812,-2691.9613647460938,11.536974858197027
486000.0,3365.646240234375,3365.646240234375,975.9986572265625,-2389.6475830078125,11.537541228244907
486250.0,2751.297607421875,2751.297607421875,989.5096435546875,-1761.7879638671875,11.538131594607494
486500.0,2291.9521484375,2291.9521484375,991.066162109375,-1300.885986328125,11.538808591799627
486750.0,1949.599365234375,1949.599365234375,946.6207885742188,-1002.9785766601562,11.53951501681122
487000.0,3064.05419921875,3064.05419921875,949.7263793945312,-2114.3278198242188,11.54013572632003
487250.0,2173.83056640625,2173.83056640625,984.010009765625,-1189.820556640625,11.540896507183666
487500.0,548.1338500976562,548.1338500976562,958.0507202148438,409.9168701171875,11.541679645898876
487750.0,4387.81689453125,4387.81689453125,984.5267944335938,-3403.2901000976562,11.542444902961508
488000.0,3790.949951171875,3790.949951171875,975.92919921875,-2815.020751953125,11.543206529798336
488250.0,1833.43701171875,1833.43701171875,958.903076171875,-874.533935546875,11.543809163610398
488500.0,2755.99462890625,2755.99462890625,994.676025390625,-1761.318603515625,11.544530871335331
488750.0,2539.58349609375,2539.58349609375,987.46630859375,-1552.1171875,11.545234758050377
489000.0,2483.503662109375,2483.503662109375,989.7626953125,-1493.740966796875,11.545938688730526
489250.0,1837.273193359375,1837.273193359375,1000.4609985351562,-836.8121948242188,11.546634725462726
489500.0,2609.12646484375,2609.12646484375,974.54541015625,-1634.5810546875,11.547336092368779
489750.0,2040.603515625,2040.603515625,949.130859375,-1091.47265625,11.548021521629137
490000.0,2664.34814453125,2664.34814453125,994.9256591796875,-1669.4224853515625,11.51989672809257
490250.0,3062.54345703125,3062.54345703125,985.1088256835938,-2077.4346313476562,11.520587569219945
490500.0,2392.06005859375,2392.06005859375,965.1361083984375,-1426.9239501953125,11.521316172325095
490750.0,2156.259765625,2156.259765625,989.07177734375,-1167.18798828125,11.521976744888798
491000.0,3734.521484375,3734.521484375,996.8521728515625,-2737.6693115234375,11.522551650601836
491250.0,2533.403564453125,2533.403564453125,982.3839721679688,-1551.0195922851562,11.522075614688715
491500.0,3851.28955078125,3851.28955078125,989.8523559570312,-2861.4371948242188,11.521728127200614
491750.0,3695.02587890625,3695.02587890625,998.8096923828125,-2696.2161865234375,11.521384979911577
492000.0,414.9351806640625,414.9351806640625,981.6793212890625,566.744140625,11.521046900985
492250.0,2557.388671875,2557.388671875,985.7581787109375,-1571.6304931640625,11.520692216374917
492500.0,3210.56640625,3210.56640625,988.149169921875,-2222.417236328125,11.520207617109378
492750.0,2795.88623046875,2795.88623046875,985.470458984375,-1810.415771484375,11.519885038026537
493000.0,2056.35693359375,2056.35693359375,982.1056518554688,-1074.2512817382812,11.519557469283615
493250.0,1554.4622802734375,1554.4622802734375,972.8624877929688,-581.5997924804688,11.51915533714075
493500.0,2429.89501953125,2429.89501953125,995.9738159179688,-1433.9212036132812,11.519818535485777
493750.0,2508.948486328125,2508.948486328125,991.241943359375,-1517.70654296875,11.520339769448038
494000.0,543.3676147460938,543.3676147460938,979.8524169921875,436.48480224609375,11.520684933440668
494250.0,580.4548950195312,580.4548950195312,995.2391357421875,414.78424072265625,11.521387511954277
494500.0,2695.974853515625,2695.974853515625,991.6445922851562,-1704.3302612304688,11.522045971271515
494750.0,2729.41650390625,2729.41650390625,965.6637573242188,-1763.7527465820312,11.52273045508142
495000.0,2289.99365234375,2289.99365234375,944.0181884765625,-1345.9754638671875,11.52340909972419
495250.0,2559.236083984375,2559.236083984375,959.6915283203125,-1599.5445556640625,11.524030755054023
495500.0,2225.62255859375,2225.62255859375,984.0548095703125,-1241.5677490234375,11.52461289209255
495750.0,4494.6669921875,4494.6669921875,998.2628173828125,-3496.4041748046875,11.525196735938751
496000.0,2014.051025390625,2014.051025390625,976.3790283203125,-1037.6719970703125,11.525869832056216
496250.0,1563.9703369140625,1563.9703369140625,976.171875,-587.7984619140625,11.526297931793712
496500.0,3490.66162109375,3490.66162109375,985.2222900390625,-2505.4393310546875,11.526794315506164
496750.0,2744.810302734375,2744.810302734375,985.6780395507812,-1759.1322631835938,11.52733700360441
497000.0,1886.87353515625,1886.87353515625,989.754150390625,-897.119384765625,11.527988257105132
497250.0,2206.666015625,2206.666015625,981.1717529296875,-1225.4942626953125,11.528602136551175
497500.0,2958.431640625,2958.431640625,981.1619873046875,-1977.2696533203125,11.529219165094348
497750.0,32.67850875854492,32.67850875854492,996.310302734375,963.6317939758301,11.52974228026805
498000.0,1429.6275634765625,1429.6275634765625,986.2835693359375,-443.343994140625,11.53045972059643
498250.0,2009.578125,2009.578125,991.03369140625,-1018.54443359375,11.53113463852087
498500.0,1545.010009765625,1545.010009765625,991.0532836914062,-553.9567260742188,11.531660802818333
498750.0,2865.929931640625,2865.929931640625,992.204345703125,-1873.7255859375,11.532294496607246
499000.0,2051.3251953125,2051.3251953125,985.470458984375,-1065.854736328125,11.533032808871608
499250.0,2680.026123046875,2680.026123046875,969.9956665039062,-1710.0304565429688,11.533818803084689
499500.0,2849.538330078125,2849.538330078125,979.922119140625,-1869.6162109375,11.53447890399017
499750.0,2003.1065673828125,2003.1065673828125,988.9261474609375,-1014.180419921875,11.534912053906126
500000.0,2096.310791015625,2096.310791015625,949.4028930664062,-1146.9078979492188,11.507380203711907
